teks,label
b ada catat motor balap sesi kali naremaketurki ,Positif
b ada rute bus gratis tonton motogp mandalika baca lengkap,Positif
b ahli sirkuit mandalika motogp baik titik utama,Positif
b airlangga hartarto kira official crew balap motogp maret mandalika ,Positif
b aspal sirkuit mandalika benah tes pramusim motogp beres maret,Positif
b aspal ulang sirkuit mandalika,Positif
b ayo registrasi link akses acara,Positif
b balap cepat catat tes pramusim motogp sirkuit mandalika gabung ,Positif
b balap repsol honda nasal spanyol npol espargaro incar podium npada balap debut musim n motogpmandalika,Positif
b balik indah sirkuit mandalika emak-emak selfie jual es teh n ninanews inanewstv mandalika,Positif
b bandara igustingurahrai bandara hubung lombok gelar motogpmandalika n nbaca lengkap,Positif
b banyak aspal kelupas baik sirkuit mandalika kebut n nmotogp motogp mandalika mandalika test mandalika rakyat,negatif
b baru jadwal motogp balap satelit ducati puji sirkuit mandalika enea seru tantang,Positif
b benah rampung puncak balap motogp mandalika maret n nmerah putih com,Positif
b berita yg konsen bangga sirkuit mandalika yg gelar,Positif
b beritaterkini polda ntb tempat personel khusus cegat drone liar race motogp mandalika n polda ntb ,Positif
b bmw indonesia serah unit bmw e m sport mgpa safety car motogp indonesia ,Positif
b bmw siap mobil listrik safety car motogp mandalika,Positif
b cinta produk lokal motogp mandalika,Positif
b danlap motogp mandalika marsekal tni purn had tjahjanto kaget senang pulang nyaman,Positif
b dispar ntb pasti sedia kamar jelang motogp nmotogp motogpmandalika ntb sirkuitmandalika indoposco n,Positif
b dukung sektor transportasi event motogp mandalika ntransportasimaju nmotogpmandalika nmotogp,Positif
b electrizen laksana tes pramusim motogp sirkuit mandalika lombok nusa tenggara barat gelar ,Positif
b fim dorna sports selenggara motogp sirkuit mandalika gelar sesuai jadwal ,Positif
b fonsi nieto ambil peran pramac francesco guidotti berangkat ktm motogp,Positif
b gelar motogp lombok indonesia sorot bincang hangat aktivitas ,Positif
b gelar tinggal minggu lg n nmedia asing serang habis sirkuit mandalika ganti aspal balap,negatif
b goreng terosss nmotogp motogpmandalika,negatif
b gotong royong motogpmandalika,Positif
b grab fast wall art mandalika sirkuit ditaro kamar meja gantung bundle mas,Positif
b guna skema lap n world superbike november pln suplai utama sist,Positif
b hafizh syahrin german moto classicmotogp motorcycle motorsport hafizh syahrin motogp ,Positif
b hai laku usaha n nyuk ikut umk camp ada badan pom via zoom meeting live streaming youtube ,Positif
b hai temanjne tinggal tunggu motogp mandalika yuk simak tarik motogp indo ,Positif
b hai yg temen ngga nonton motogp nonton premium grandstand red zone ,Positif
b halo sobatkom gelar tes pramusim motogpmandalika tahu posisi pegang ,Positif
b i gusti ngurah rai bandara hubung motogp mandalika n nmotogp motogpmandalika mandalikatest mandalika ,Positif
b ikut insiden selenggara tes pramusim motogp sirkuit mandalika salah satu bikin sesak nafas ,Positif
b indonesia kabar aleix espargaro sirkuit mandalika gelar balap moto ,Positif
b itdc optimis baik aspal mandalika lengkap cek link ,Positif
b jadoelnews tiket motogp mandalika pes bagima,Positif
b jadwal lintas balap motogp musim rilis musim balap milik bebe ,Positif
b jadwal motogp baru gp indonesia sirkuit mandalika seri gp qatar ,Positif
b jadwal motogp indonesia seri motogpmandalika,Positif
b jadwal motogp lengkap jam tayang gp mandalika tv akses nonton live streaming trans ,Positif
b jalur mandalika indonesia terima tes resmi pekan tim produsen motogp ,Positif
b jangan lewat tarik motogp ,Positif
b jangan lupa temanjne dapat tiket nonton motogp mandalika gratis ikut game si joni ,Positif
b jawab mandalika nmotogpadatiketnya nmotogpmandalika,Positif
b jelang motogpmandalika pertamina pasti pasok avtur ntb aman n nbaca lengkap ,Positif
b kadispar bal khawatir event motogp sedot wisman lombok,Positif
b kalo yg cari homestay motogp mandalika samber tweet ya ,Positif
b kemenparekraf-dorna sports jalin kerja kait ajang motogp nmotogp motogpmandalika ntb dorna sports ,Positif
b kerikil sirkuit heboh warga gusur motogpmandalika,negatif
b kerja penuh semangat bagi kasih n nsalam sukses sehat mandalika circuit,Positif
b kontrol harga akomodasi transportasi jelang motogp mandalika sandiaga uno atur pergub ntb ,Positif
b kunjung masjid sejarah aceh cocok jadi wisata religi ,Positif
b lagi balap indonesia mentas kompetisi balap eropa kali wahyu nugroho ,Positif
b laksa tes pramusim motogp sirkuit mandalika gelar februari dukung kelis ,Positif
b lintas sirkuit mandalika aspal ulang alat berat nsirkuitmandalika mandalika aspal lombok ,Positif
b listrik kedip tes pramusim motogp sirkuit mandalika n npln motogp mandalika plnsupportsmotogp motogpmandali ,Positif
b mandalika penuh kualifikasi dunia top speed target nmandalika motogpmandalika nsirkuitmandalika ,Positif
b manjain tonton motogp kemenhub siap bus gratis sirkuit mandalika n nmandalika motogpmandalika motogp,Positif
b masih nggak balap follow n nvalentino rossi catalangp motogp ,Positif
b masih sisa logistik tim motogp mandalika langsung kirim qatar n nstreaming,Positif
b menkominfo johnny plate unjung motogpmandalika rasa alam g n nwah kereenn ,Positif
b menparekraf sandiaga uno optimistis gelar motogp mandalika momentum bangkit sektor pariwisata,Positif
b mgpa metode bersih lintas mandalikacircuit motogpmandalika,Positif
b moga lengkap motogp mandalika valentino rossi sangat ,Positif
b motogp mandalika dampak tingkat huni hotel wilayah sirkuit n nmerahputihcom ,Positif
b motogp mandalika marini tikung sirkuit mandalika baik dunia,Positif
b motogpmandalika kominfo sedia internet kencang n nindonesia dunia motogpmandalika ,Positif
b motogpmandalika lombok pengaruh tingkat huni hotel bal,Positif
b nanti motogp mandalika gelar patung motor sorot dunia monumental ,Positif
b patung jokowi motor pasang gerbang sirkuit mandalika,Positif
b pemprov ntb warga lokal alam tonton motogp indonesia motogpmandalika,Positif
b perintah sarana tunjang dukung selenggara motogp mandalika maret ,Positif
b perintah siap paket wisata harga rp juta helat motogp mandalika n nbaca lengkap ,Positif
b pln siap pasok listrik sarana dukung hasil antisipasi lonjak konsumsi listrik antusiasm ,Positif
b prediksi naik helat motogp pertamina pasti pasok avtur aman navtur motogp ,Positif
b program selaras strategi perintah bangun semangat masyarakat dorong antusiasme ,Positif
b promotor motogp puas tes pramusim selenggara laku baik fasilitas n nyuk baca ,Positif
b saksi event balap penuh aksi sensasi motogp seri sirkuit mandalika sirkuit bangga indonesia ,Positif
b sandiaga uno program tiket motogpmandalika jangkau,Positif
b sekitar persen lintas sirkuit pertamina mandalika aspal ulang susul rekomendasi dorna sport ,Positif
b sip boyong pertamina mandalika international street circuit diri patung motor persis ,Positif
b sirkuit mandalika debu tes pramusim motogp komentar bos sirkuit sepang bikin adem ,Positif
b sirkuit mandalika nilai milik kerja selesai tanggap sudah,Positif
b sirkuit motogp mandalika keluh balap n nmotogp motogpmandalika,negatif
b tahu sobatkom sirkuit penuh prosedur selamat kecuali dgn sirkuit ma,negatif
b target sirkuitmandalika rampung cepat target dorna motogp motogpmandalika,Positif
b tes mandalika preseason adegan kontrove motogp,negatif
b tok pemprov ntb jalin kerja traveloka sukses ajang kelas wahid n nmotogp motogpmandalika ,Positif
b top news koran rakyat merdeka n ngelaran motogp gagal naspal titik rusak mandalika ,negatif
b umkm bayar tiket masuk harga murah tiket tonton motogp mandalika kepal ,Positif
b umum selasa sirkuit mandalika jalan renovasi gp motogp indone motogp ,Positif
b wisatawan tonton motogp sirkuit mandalika maret khawatir ,Positif
b wohooo ga sabar nonton motogp mandalika n nkalian nonton langsung ga gengs n nmotogpindonesia ,Positif
b sedia guest house traveller gk kebagiaan inap harga mahal nonton motogp bookin ,negatif
b hai traveller yuk libur lombok lombok travelist solusi libur kunjung ,Positif
b yg ga dukung motogp motogpmandalika yg ga indonesia maju n nsalam sehat ,Positif
b yuk libur lombok lombok travelist melayani n jalan wisata n jalan dinas n paket ,Positif
b yuk lihat salah pesona indonesia baru ramai bincang ,Positif
b yuk nonton event balap penuh aksi sensasi motogpseri sirkuitmandalika sirkuit bangga indonesia ,Positif
