tanggal,teks

2022-05-21 12:05:11+00:00,"b'RT @bank_indonesia: Dukungan terhadap #UMKMgodigital_goglobal menjadi pembahasan utama KKI tahun 2022 ini. Selain itu, kegiatan ini juga me\xe2\x80\xa6'"

2022-05-21 11:02:16+00:00,"b'@Pusbindiklatren Pak @Jokowi Yth, kami Perencana Koperasi  memastikan bahwa ""Core Values"" bagi #G20\xe2\x80\xa6 https://t.co/ktT2y7EGqH'"

2022-05-21 09:32:53+00:00,b'@1404Stj @jokowi Konsumen konsumen Industri dan Rumah Tangga  perlu segera diberdayakan menjadi Koperasi koperasi B\xe2\x80\xa6 https://t.co/LirJuJf1kt'

2022-05-21 01:48:34+00:00,"b'RT @bank_indonesia: Dukungan terhadap #UMKMgodigital_goglobal menjadi pembahasan utama KKI tahun 2022 ini. Selain itu, kegiatan ini juga me\xe2\x80\xa6'"

2022-05-21 01:22:14+00:00,b'RT @Indonesia_G20: Yuk! Bergabung dalam kegiatan 2nd Side Event G20 Development Working Group  (DWG) dengan tema \xe2\x80\x9cMemperkuat Daya Saing UMK\xe2\x80\xa6'

2022-05-21 01:22:08+00:00,b'RT @Indonesia_G20: Pertemuan G20 Education Working Group (EdWG) yang membahas dua agenda prioritas dan inisiatif Kemendikbudristek (@Kemdik\xe2\x80\xa6'

2022-05-21 00:59:12+00:00,b'Pertemuan ini bertujuan membahas lebih lanjut kajian-kajian CSWG berdasarkan masukan dan saran dari Negara-negara G\xe2\x80\xa6 https://t.co/7MoFU6aSuW'

2022-05-21 00:56:23+00:00,b'Menindaklanjuti  1st EDM-CSWG  di Yogyakarta dan sebelum pertemuan ke-2 yang akan dilaksanakan di Jakarta pada tang\xe2\x80\xa6 https://t.co/Une5MMpARw'

2022-05-20 22:40:41+00:00,b'RT @Indonesia_G20: Pertemuan G20 Education Working Group (EdWG) yang membahas dua agenda prioritas dan inisiatif Kemendikbudristek (@Kemdik\xe2\x80\xa6'

2022-05-20 15:55:13+00:00,"b'@gitxigc @SMTOWNFESSAREA @appa_75 kesel lah gw masa isi twitter bencong joget2 semua, pada ga mikir apa Indonesia m\xe2\x80\xa6 https://t.co/ZhVoTRbi3J'"

2022-05-20 15:36:06+00:00,"b'@ae050807 Lapor pak bisa2nya cewe2 sekarang bego2!!! bencong joget malah disuka!!! mendingan pada doa, perang mau d\xe2\x80\xa6 https://t.co/zrlTfJ5B3i'"

2022-05-20 15:34:04+00:00,"b'Lapor Pak cewe2 sekarang bego2!!! bencong joget malah disuka!!! padahal perang mau datang di event G20 di bali, Ind\xe2\x80\xa6 https://t.co/wfh5xTvWgS'"

2022-05-20 15:33:00+00:00,"b'@jacarilas cewe2 sekarang bego2!!! bencong joget malah ditonton ya? mendingan pada doa, perang mau datang di event\xe2\x80\xa6 https://t.co/DTv1RxZzoC'"

2022-05-20 15:25:32+00:00,"b'@nopayey cewe2 sekarang bego2!!! bencong joget malah disuka!!! mendingan pada doa, perang mau datang di event G20 d\xe2\x80\xa6 https://t.co/Mavnz8ozLV'"

2022-05-20 15:23:03+00:00,"b'@calaa1808 cewe2 sekarang bego2!!! bencong joget malah disuka!!! mendingan pada doa, perang mau datang di event G20\xe2\x80\xa6 https://t.co/CezAfVUJEu'"

2022-05-20 15:22:00+00:00,"b'@thelifeofnctt cewe2 sekarang bego2!!! bencong joget malah disuka!!! mendingan pada doa, perang mau datang di event\xe2\x80\xa6 https://t.co/KozFaOQfDH'"

2022-05-20 15:21:25+00:00,"b'@convomf cewe2 sekarang bego2!!! bencong joget malah disuka!!! mendingan pada doa, perang mau datang di event G20 d\xe2\x80\xa6 https://t.co/nPut5QeaWE'"

2022-05-20 15:21:10+00:00,"b'@xxryysa cewe2 sekarang bego2!!! bencong joget malah disuka!!! mendingan pada doa, perang mau datang di event G20 d\xe2\x80\xa6 https://t.co/49lsoZTdRx'"

2022-05-20 15:20:55+00:00,"b'@reneandme cewe2 sekarang bego2!!! bencong joget malah disuka!!! mendingan pada doa, perang mau datang di event G20\xe2\x80\xa6 https://t.co/xLhBcDjypH'"

2022-05-20 15:18:30+00:00,"b'@clowninmcd cewe2 ga jelas, bencong joget malah diteriakin!!! mendingan pada doa, perang mau datang di event G20 di\xe2\x80\xa6 https://t.co/OXmCzM0AWZ'"

2022-05-20 15:08:32+00:00,b'@yseongx joget2 kaya bencong aja banyak yg nonton! org indo harusnya mikir ancaman lebih besar mau datang di event\xe2\x80\xa6 https://t.co/p9hXURE3hk'

2022-05-20 15:00:43+00:00,"b'@SMTOWNFESSAREA gila bencong nari2 ditonton!!! pikirin tuh ancaman mau datang di event G20 di bali, Indonesia akan\xe2\x80\xa6 https://t.co/M0IV9sjpmd'"

2022-05-20 14:58:22+00:00,"b'@starfess ngapain lo ngurusin bencong nari2, pikirin tuh formula E!!! ancaman lebih besar mau datang di event G20 d\xe2\x80\xa6 https://t.co/DVOXohajqU'"

2022-05-20 14:52:36+00:00,"b'@appa_75 gila lo! ga usah bahas perang rusia ukraina di G20, Formula E urusan bang @aniesbaswedan mending lo nonton\xe2\x80\xa6 https://t.co/zuHx69k6fL'"

2022-05-20 14:11:22+00:00,b'RT @antaranews: Mendikbudristek akan sampaikan berbagai terobosan Merdeka Belajar dalam pertemuan kedua EdWG G20. \n\n#G20Indonesia #Presiden\xe2\x80\xa6'

2022-05-20 14:09:59+00:00,b'RT @KATADATAcoid: Mendikbud Ristek Nadiem Makarim akan memperkenalkan program Merdeka Belajar kepada negara-negara G20 pada hari ini dan be\xe2\x80\xa6'

2022-05-20 13:27:41+00:00,b'RT @indonesiainCMB: Selamat memperingati Hari Kebangkitan Nasional (Harkitnas) ke-114.\n\n#Harkitnas2022 #Inidiplomasi #Indonesianway #Indone\xe2\x80\xa6'

2022-05-20 13:21:32+00:00,b'Lemhanas Siapkan Skenario Pembahasan Ekonomi Global di Forum G20\n \nhttps://t.co/AiwUHvpov9 lewat @wartakotalive\xe2\x80\xa6 https://t.co/wKDLN7Y6aQ'

2022-05-20 13:19:11+00:00,"b'RT @Kemdikbud_RI: #SahabatDikbud, pertemuan G20 Education Working Group (EdWG) yg membahas 2 agenda prioritas dan inisiatif Kemendikbudrist\xe2\x80\xa6'"

2022-05-20 13:19:07+00:00,"b'RT @Kemdikbud_RI: Dua pencapaian sudah diraih, namun masih ada 2 agenda prioritas EdWG lainnya yang akan dibahas, yaitu Solidaritas &amp; Kemit\xe2\x80\xa6'"

2022-05-20 12:35:50+00:00,"b'Telaga Waja Mangrove Forest Area, Benoa Bay, Nusa Dua, Bali. \n#RecoverTogetherRecoverStronger \n#G20Indonesia\xe2\x80\xa6 https://t.co/CO3rX9zVdk'"

2022-05-20 12:29:23+00:00,"b'Dukungan terhadap #UMKMgodigital_goglobal menjadi pembahasan utama KKI tahun 2022 ini. Selain itu, kegiatan ini jug\xe2\x80\xa6 https://t.co/9jwV9j1XXv'"

2022-05-20 12:23:50+00:00,b'Bagaimana menurut Anda tentang rencana renovasi kubah gedung DPR? \n\nStreaming 24 jam di kanal youtube\xe2\x80\xa6 https://t.co/2MAHZyNgiW'

2022-05-20 11:53:53+00:00,b'RT @antaranews: Mendikbudristek akan sampaikan berbagai terobosan Merdeka Belajar dalam pertemuan kedua EdWG G20. \n\n#G20Indonesia #Presiden\xe2\x80\xa6'

2022-05-20 11:53:51+00:00,b'Finalisasi Dokumen untuk Persidangan Pergantian Perwalian Anak Almh. Farah.\n\nBerita selengkapnya silahkan klik link\xe2\x80\xa6 https://t.co/29mKewjcw0'

2022-05-20 11:51:33+00:00,b'RT @KATADATAcoid: Mendikbud Ristek Nadiem Makarim akan memperkenalkan program Merdeka Belajar kepada negara-negara G20 pada hari ini dan be\xe2\x80\xa6'

2022-05-20 11:34:50+00:00,b'Pertemuan kedua Kelompok Kerja Pendidikan atau Education Working Group (EdWG) G20 membahas mengenai peningkatan kap\xe2\x80\xa6 https://t.co/puHDLpFtk6'

2022-05-20 11:34:36+00:00,b'Pertemuan G20 Education Working Group (EdWG) yang membahas dua agenda prioritas dan inisiatif Kemendikbudristek (\xe2\x80\xa6 https://t.co/ffJ7AJANPo'

2022-05-20 11:24:19+00:00,"b'RT @kemenkomarves: #TimMarves, yuk kita kunjungi salah satu lokasi acara @Indonesia_G20 untuk mempromosikan produk UMKM, yaitu Bali Collect\xe2\x80\xa6'"

2022-05-20 11:11:38+00:00,b'RT @antaranews: Mendikbudristek akan sampaikan berbagai terobosan Merdeka Belajar dalam pertemuan kedua EdWG G20. \n\n#G20Indonesia #Presiden\xe2\x80\xa6'

2022-05-20 11:09:10+00:00,b'RT @KATADATAcoid: Mendikbud Ristek Nadiem Makarim akan memperkenalkan program Merdeka Belajar kepada negara-negara G20 pada hari ini dan be\xe2\x80\xa6'

2022-05-20 10:43:53+00:00,b'RT @antaranews: Mendikbudristek akan sampaikan berbagai terobosan Merdeka Belajar dalam pertemuan kedua EdWG G20. \n\n#G20Indonesia #Presiden\xe2\x80\xa6'

2022-05-20 10:42:23+00:00,b'RT @KATADATAcoid: Mendikbud Ristek Nadiem Makarim akan memperkenalkan program Merdeka Belajar kepada negara-negara G20 pada hari ini dan be\xe2\x80\xa6'

2022-05-20 10:38:11+00:00,b'RT @antaranews: Mendikbudristek akan sampaikan berbagai terobosan Merdeka Belajar dalam pertemuan kedua EdWG G20. \n\n#G20Indonesia #Presiden\xe2\x80\xa6'

2022-05-20 10:36:43+00:00,b'RT @KATADATAcoid: Mendikbud Ristek Nadiem Makarim akan memperkenalkan program Merdeka Belajar kepada negara-negara G20 pada hari ini dan be\xe2\x80\xa6'

2022-05-20 10:32:03+00:00,"b'UPDATE KASUS COVID-19 DI THAILAND PER 20 Mei 2022\nPada hari ini terdapat 6.463 kasus baru, 7.091 orang sembuh dan 4\xe2\x80\xa6 https://t.co/fCx57OhnVj'"

2022-05-20 10:24:54+00:00,b'RT @antaranews: Mendikbudristek akan sampaikan berbagai terobosan Merdeka Belajar dalam pertemuan kedua EdWG G20. \n\n#G20Indonesia #Presiden\xe2\x80\xa6'

2022-05-20 10:23:56+00:00,b'RT @KATADATAcoid: Mendikbud Ristek Nadiem Makarim akan memperkenalkan program Merdeka Belajar kepada negara-negara G20 pada hari ini dan be\xe2\x80\xa6'

2022-05-20 10:06:07+00:00,b'RT @KATADATAcoid: Mendikbud Ristek Nadiem Makarim akan memperkenalkan program Merdeka Belajar kepada negara-negara G20 pada hari ini dan be\xe2\x80\xa6'

2022-05-20 10:03:20+00:00,b'@antaranews Keren banget\nMas Memtri dengan Program Merdeka Belajarnya\n\n#G20Indonesia #PresidensiIndonesia'

2022-05-20 10:01:10+00:00,b'RT @antaranews: Mendikbudristek akan sampaikan berbagai terobosan Merdeka Belajar dalam pertemuan kedua EdWG G20. \n\n#G20Indonesia #Presiden\xe2\x80\xa6'

2022-05-20 10:00:06+00:00,b'RT @KATADATAcoid: Mendikbud Ristek Nadiem Makarim akan memperkenalkan program Merdeka Belajar kepada negara-negara G20 pada hari ini dan be\xe2\x80\xa6'

2022-05-20 10:00:02+00:00,b'RT @antaranews: Mendikbudristek akan sampaikan berbagai terobosan Merdeka Belajar dalam pertemuan kedua EdWG G20. \n\n#G20Indonesia #Presiden\xe2\x80\xa6'

2022-05-20 09:40:17+00:00,b'Planet yg layak huni utk smua manusia tanpa pandang status ekonomi? #G20Indonesia https://t.co/PXd4W0snLn'

2022-05-20 09:38:47+00:00,b'Sherpa track salah satu forum khusus #G20Indonesia https://t.co/2ozzlBCNEW'

2022-05-20 09:30:46+00:00,"b'#TimMarves, yuk kita kunjungi salah satu lokasi acara @Indonesia_G20 untuk mempromosikan produk UMKM, yaitu Bali Co\xe2\x80\xa6 https://t.co/CxuMOunb41'"

2022-05-20 09:23:48+00:00,b'RT @indonesiainCMB: Selamat memperingati Hari Kebangkitan Nasional (Harkitnas) ke-114.\n\n#Harkitnas2022 #Inidiplomasi #Indonesianway #Indone\xe2\x80\xa6'

2022-05-20 08:48:40+00:00,b'Kemendikbudristek menekankan pentingnya transformasi berbasis gotong royong untuk pemulihan pendidikan.\n#G20\xe2\x80\xa6 https://t.co/vnP8nwkGGs'

2022-05-20 08:01:44+00:00,"b'Private finance dalam mewujudkan pembangunan berkelanjutan di negara-negara berkembang, Least Developing Countries\xe2\x80\xa6 https://t.co/h7F3vpOcyr'"

2022-05-20 08:01:43+00:00,"b'Kegiatan ini akan membahas tantangan serta upaya yang perlu dilakukan dalam memperkuat produktivitas, daya saing &amp;\xe2\x80\xa6 https://t.co/tZ5wUgEG2Q'"

2022-05-20 08:01:43+00:00,b'Yuk! Bergabung dalam kegiatan 2nd Side Event G20 Development Working Group  (DWG) dengan tema \xe2\x80\x9cMemperkuat Daya Sain\xe2\x80\xa6 https://t.co/0ZzRaiOsAL'

2022-05-20 06:50:32+00:00,"b'RT @bank_indonesia: UMKM merupakan salah satu sektor yg paling terdampak oleh pandemi. Utk #PulihBersama, Presidensi #G20Indonesia menetapk\xe2\x80\xa6'"

2022-05-20 06:38:00+00:00,b'Selamat memperingati Hari Kebangkitan Nasional (Harkitnas) ke-114.\n\n#Harkitnas2022 #Inidiplomasi #Indonesianway\xe2\x80\xa6 https://t.co/AU2ZeoiQlo'

2022-05-20 06:08:15+00:00,"b'Dua pencapaian sudah diraih, namun masih ada 2 agenda prioritas EdWG lainnya yang akan dibahas, yaitu Solidaritas &amp;\xe2\x80\xa6 https://t.co/dzh91bxI9r'"

2022-05-20 06:08:11+00:00,"b'#SahabatDikbud, pertemuan G20 Education Working Group (EdWG) yg membahas 2 agenda prioritas dan inisiatif Kemendikb\xe2\x80\xa6 https://t.co/XTbyZ5y3pI'"

2022-05-20 06:06:58+00:00,"b'Melalui berbagai terobosan Merdeka Belajar, pemulihan pembelajaran dilakukan antara lain dengan menghadirkan Kuriku\xe2\x80\xa6 https://t.co/zdOxPBDgyq'"

2022-05-20 06:06:57+00:00,"b'Dalam hal ini, ekosistem pendidikan Indonesia, secara bergotong royong telah melakukan akselerasi transformasi seba\xe2\x80\xa6 https://t.co/TiMyKkqK97'"

2022-05-20 06:06:56+00:00,"b'@Kemdikbud_RI menetapkan Kota Bandung, Jawa Barat sebagai lokasi penyelenggaraan pertemuan kedua Kelompok Kerja Pen\xe2\x80\xa6 https://t.co/RjCUY0aZJp'"

2022-05-20 05:35:00+00:00,b'RT @buruhpapua28: Unjuk rasa yang diikuti ribuan pekerja yang tergabung dalam serikat pekerja Freeport itu sekaligus menandai aksi mogok ke\xe2\x80\xa6'

2022-05-20 05:24:10+00:00,b'Menteri Keuangan Sri Mulyani telah melakukan pertemuan kedua Finance Ministers and Central Bank Governors (FMCBG) G\xe2\x80\xa6 https://t.co/MgFMvHlUuG'

2022-05-20 05:23:20+00:00,b'Menteri Keuangan Sri Mulyani telah melakukan pertemuan kedua Finance Ministers and Central Bank Governors (FMCBG) G\xe2\x80\xa6 https://t.co/qxLP3rygVi'

2022-05-20 05:17:37+00:00,b'Delegasi DEWG G20 berupaya atasi kesenjangan digital dengan membahas perangkat untuk mengukur keterampilan dan lite\xe2\x80\xa6 https://t.co/PpukafovyD'

2022-05-20 05:03:28+00:00,"b'RT @Nien1708: Mantuul...\xf0\x9f\x91\x8c\nMakanan tersebut dihidangkan Secara menarik khususnya Paduan warna , sehingga Mengundang perhatian para Delegasi\xe2\x80\xa6'"

2022-05-20 05:00:03+00:00,b'Dunia pendidikan mengalami masalah pada dua tahun terakhir pandemi Covid-19. Salah satu masalah yang menjadi perhat\xe2\x80\xa6 https://t.co/BgJKzApV30'

2022-05-20 04:56:43+00:00,b'RT @Indonesia_G20: Dalam rangka meningkatkan upaya strategis gabungan untuk mempercepat transisi energi &amp; mengurangi emisi karbon yang seja\xe2\x80\xa6'

2022-05-20 04:56:39+00:00,b'RT @Indonesia_G20: Pertemuan kedua mendasari agenda pembahasan pada agenda pertemuan ketiga di Labuan Bajo 20-21 Juli 2022. Presidensi G20\xe2\x80\xa6'

2022-05-20 04:56:37+00:00,"b'RT @Indonesia_G20: Menkominfo menjelaskan, Sidang Kedua DEWG berjalan dengan baik, lancar, dan fokus. Terdapat pemahaman yang saling meleng\xe2\x80\xa6'"

2022-05-20 04:56:33+00:00,"b'RT @Indonesia_G20: Rabu (18/05) Menkominfo (@kemkominfo), Johnny G. Plate didampingi Chair dan Alternate Chair DEWG melakukan konferensi pe\xe2\x80\xa6'"

2022-05-20 04:56:27+00:00,b'Halo #SobatKom!\nPembentukan G20 bertujuan untuk mewujudkan pertumbuhan global yang kuat serta berkelanjutan. Lantas\xe2\x80\xa6 https://t.co/5w0GCl20vi'

2022-05-20 04:56:13+00:00,"b'RT @Indonesia_G20: Pada pelaksanaannya, @PerekonomianRI &amp; @Kemlu_RI mengoordinasikan pembahasan isu-isu sherpa track dan berperan dalam mem\xe2\x80\xa6'"

2022-05-20 04:56:08+00:00,b'RT @Indonesia_G20: Sherpa track merupakan forum khusus pada G20 yang disiapkan untuk membahas isu-isu ekonomi non keuangan. Panduan pembaha\xe2\x80\xa6'

2022-05-20 04:56:00+00:00,b'RT @Indonesia_G20: Talk Show I: Safeguarding Nature\nTalk Show II: Promoting Circular Economy\n\nYuk! Segera daftarkan dirimu melalui link ber\xe2\x80\xa6'

2022-05-20 04:33:43+00:00,"b'RT @antaranews: Presidensi G20 Indonesia usulkan empat prinsip ukuran literasi digital, yakni infrastruktur dan ekosistem, literasi, pember\xe2\x80\xa6'"

2022-05-20 04:32:51+00:00,"b'Presidensi G20 Indonesia usulkan empat prinsip ukuran literasi digital, yakni infrastruktur dan ekosistem, literasi\xe2\x80\xa6 https://t.co/1toiQszuIF'"

2022-05-20 04:06:53+00:00,b'Talk Show I: Safeguarding Nature\nTalk Show II: Promoting Circular Economy\n\nYuk! Segera daftarkan dirimu melalui lin\xe2\x80\xa6 https://t.co/gWkylQHEY3'

2022-05-20 03:59:19+00:00,"b'Mantuul...\xf0\x9f\x91\x8c\nMakanan tersebut dihidangkan Secara menarik khususnya Paduan warna , sehingga Mengundang perhatian para\xe2\x80\xa6 https://t.co/jkxSRDDLM1'"

2022-05-20 03:50:37+00:00,b'RT @Indonesia_G20: Sherpa track merupakan forum khusus pada G20 yang disiapkan untuk membahas isu-isu ekonomi non keuangan. Panduan pembaha\xe2\x80\xa6'

2022-05-20 02:44:46+00:00,b'RT @Indonesia_G20: Sherpa track merupakan forum khusus pada G20 yang disiapkan untuk membahas isu-isu ekonomi non keuangan. Panduan pembaha\xe2\x80\xa6'

2022-05-20 02:39:39+00:00,b'RT @kkpgoid: Yuk #SahabatBahari kita dukung kegiatan DEWG G20 dan kenalkan kuliner daerah kepada dunia \xf0\x9f\x98\x89\xe2\x9c\xa8\n\n#G20Indonesia #G20KKP #KKPAccele\xe2\x80\xa6'

2022-05-20 02:38:28+00:00,"b'RT @bank_indonesia: UMKM merupakan salah satu sektor yg paling terdampak oleh pandemi. Utk #PulihBersama, Presidensi #G20Indonesia menetapk\xe2\x80\xa6'"

2022-05-20 02:12:24+00:00,b'Pembahasan isu melalui pertemuan sherpa track ini diharapkan dapat menghasilkan political declaration tingkat mente\xe2\x80\xa6 https://t.co/fFvvVhgcrC'

2022-05-20 02:12:23+00:00,"b'Pada pelaksanaannya, @PerekonomianRI &amp; @Kemlu_RI mengoordinasikan pembahasan isu-isu sherpa track dan berperan dala\xe2\x80\xa6 https://t.co/ESyeeO8IfK'"

2022-05-20 02:12:21+00:00,b'Sherpa track merupakan forum khusus pada G20 yang disiapkan untuk membahas isu-isu ekonomi non keuangan. Panduan pe\xe2\x80\xa6 https://t.co/9E2czeRHV7'

2022-05-20 01:55:48+00:00,"b'RT @bank_indonesia: UMKM merupakan salah satu sektor yg paling terdampak oleh pandemi. Utk #PulihBersama, Presidensi #G20Indonesia menetapk\xe2\x80\xa6'"

2022-05-20 01:38:55+00:00,"b'RT @bank_indonesia: #SobatRupiah, BI mendorong kerja sama digitalisasi sistem pembayaran antarnegara melalui agenda Presidensi #G20Indonesi\xe2\x80\xa6'"

2022-05-20 01:38:08+00:00,"b'RT @bank_indonesia: UMKM merupakan salah satu sektor yg paling terdampak oleh pandemi. Utk #PulihBersama, Presidensi #G20Indonesia menetapk\xe2\x80\xa6'"

2022-05-20 01:00:11+00:00,"b'RT @bank_indonesia: UMKM merupakan salah satu sektor yg paling terdampak oleh pandemi. Utk #PulihBersama, Presidensi #G20Indonesia menetapk\xe2\x80\xa6'"

2022-05-20 00:47:13+00:00,"b'RT @bank_indonesia: UMKM merupakan salah satu sektor yg paling terdampak oleh pandemi. Utk #PulihBersama, Presidensi #G20Indonesia menetapk\xe2\x80\xa6'"

2022-05-19 23:36:28+00:00,b'Pemerintah Indonesia melalui forum G20 mendorong peningkatan aksesibilitas di negara kepulauan\n\n-----\n#G20Indonesia\xe2\x80\xa6 https://t.co/yZdZhfBEoa'

2022-05-19 23:36:12+00:00,b'Pemerataan akses energi dinegara kepulauan\n-----\n#G20Indonesia \n#DorongNKRILebihMaju https://t.co/hjyA1x5wEv https://t.co/nRxLtTk19e'

2022-05-19 23:32:02+00:00,b'Pemerintah Indonesia melalui forum G20 mendorong peningkatan aksesibilitas di negara kepulauan\n-----\nPemerataan aks\xe2\x80\xa6 https://t.co/z0UeaXJJRd'

2022-05-19 22:22:53+00:00,"b'RT @bank_indonesia: UMKM merupakan salah satu sektor yg paling terdampak oleh pandemi. Utk #PulihBersama, Presidensi #G20Indonesia menetapk\xe2\x80\xa6'"

2022-05-19 13:29:10+00:00,b'Talk Show I: Safeguarding Nature\nTalk Show II: Promoting Circular Economy\n\nYuk! Segera daftarkan dirimu melalui lin\xe2\x80\xa6 https://t.co/Nb2OVjTLAG'

2022-05-19 13:05:08+00:00,b'RT @abu_bakar_id: @NgkongRoses Kawal Programkerja @jokowi s.d. 2024..\nUntuk kebaikan bangsa dan negara #G20Indonesia \n#SayaBersamaJokowi ht\xe2\x80\xa6'

2022-05-19 13:04:05+00:00,b'DEWG #G20Indonesia Sepakati Lima Isu Krusial di Dunia Digital https://t.co/uLPzJUprXv via @idntimes'

2022-05-19 12:55:14+00:00,b'RT @kkpgoid: Yuk #SahabatBahari kita dukung kegiatan DEWG G20 dan kenalkan kuliner daerah kepada dunia \xf0\x9f\x98\x89\xe2\x9c\xa8\n\n#G20Indonesia #G20KKP #KKPAccele\xe2\x80\xa6'

2022-05-19 12:20:05+00:00,b'RT @kkpgoid: Yuk #SahabatBahari kita dukung kegiatan DEWG G20 dan kenalkan kuliner daerah kepada dunia \xf0\x9f\x98\x89\xe2\x9c\xa8\n\n#G20Indonesia #G20KKP #KKPAccele\xe2\x80\xa6'

2022-05-19 12:17:20+00:00,"b'UPDATE KASUS COVID-19 DI THAILAND PER 19 Mei 2022\nPada hari ini terdapat 6.305 kasus baru, 7.567 orang sembuh dan 4\xe2\x80\xa6 https://t.co/bQWJxjWPOa'"

2022-05-19 10:51:54+00:00,b'RT @KATADATAcoid: Presiden Joko Widodo berkomunikasi via saluran telepon dengan Presiden Rusia Vladimir Putin terkait agenda KTT G20. Komun\xe2\x80\xa6'

2022-05-19 10:49:47+00:00,"b'RT @IndonesiaBaikId: Hai, SohIB! Sebagai tempat banyak pertemuan konferensi internasional seperti IMF, World Bank 2018, serta KTT G20 2022,\xe2\x80\xa6'"

2022-05-19 10:31:42+00:00,"b'RT @Indonesia_G20: Rabu (18/05) Menkominfo (@kemkominfo), Johnny G. Plate didampingi Chair dan Alternate Chair DEWG melakukan konferensi pe\xe2\x80\xa6'"

2022-05-19 10:31:18+00:00,b'Pertemuan kedua mendasari agenda pembahasan pada agenda pertemuan ketiga di Labuan Bajo 20-21 Juli 2022. Presidensi\xe2\x80\xa6 https://t.co/JI3nnND9SB'

2022-05-19 10:31:17+00:00,"b'Menkominfo menjelaskan, Sidang Kedua DEWG berjalan dengan baik, lancar, dan fokus. Terdapat pemahaman yang saling m\xe2\x80\xa6 https://t.co/6P3mZP8QaA'"

2022-05-19 10:31:17+00:00,"b'Rabu (18/05) Menkominfo (@kemkominfo), Johnny G. Plate didampingi Chair dan Alternate Chair DEWG melakukan konferen\xe2\x80\xa6 https://t.co/0a4cFvIev5'"

2022-05-19 10:19:50+00:00,"b'UMKM merupakan salah satu sektor yg paling terdampak oleh pandemi. Utk #PulihBersama, Presidensi #G20Indonesia mene\xe2\x80\xa6 https://t.co/lGhXcx4otY'"

2022-05-19 10:19:32+00:00,b'Versi budaya jawa dengan thailand nihh numpang rame di #G20Indonesia #ThailandOpen2022 #Thailand #wayang #Polisi\xe2\x80\xa6 https://t.co/At6Q7IBhYO'

2022-05-19 10:09:45+00:00,b'RT @Indonesia_G20: Dalam rangka meningkatkan upaya strategis gabungan untuk mempercepat transisi energi &amp; mengurangi emisi karbon yang seja\xe2\x80\xa6'

2022-05-19 10:01:30+00:00,"b'Oleh karena itu, B20 (@b20) bekerjasama dengan Sinarmas Land (@sinarmas_land) mengadakan Side Event dengan tema \xe2\x80\x9cAc\xe2\x80\xa6 https://t.co/69MfS2eS6F'"

2022-05-19 10:01:29+00:00,b'Dalam rangka meningkatkan upaya strategis gabungan untuk mempercepat transisi energi &amp; mengurangi emisi karbon yang\xe2\x80\xa6 https://t.co/QBT9MreqhF'

2022-05-19 09:21:09+00:00,b'RT @KemenkeuRI: \xf0\x9f\x94\xb4SEDANG BERLANGSUNG\n\n\xe2\x80\x9cthe G20 Sustainable Finance Private Sector Roundtable\xe2\x80\x9d \n\nForum ini menjadi tempat berdiskusi tentang\xe2\x80\xa6'

2022-05-19 09:18:16+00:00,b'RT @KemenkeuRI: Anggota G20 menyerukan diakhirinya perang sesegera mungkin.\n\nHal ini disampaikan #MenkeuSMI dalam konferesi pers yang diada\xe2\x80\xa6'

2022-05-19 09:17:52+00:00,"b'RT @KemenkeuRI: Selamat malam, Temankeu.\xf0\x9f\x8c\x99\n\nPertemuan Kedua Finance Ministers and Central Bank Governors (FMCBG) #G20Indonesia akan berlangs\xe2\x80\xa6'"

2022-05-19 07:27:13+00:00,b'Bonus demografi ini menjadi kesempatan strategis bagi \xf0\x9f\x87\xb2\xf0\x9f\x87\xa8  untuk melakukan berbagai percepatan pembangunan dengan du\xe2\x80\xa6 https://t.co/DTeyTjSboD'

2022-05-19 07:27:12+00:00,"b'Di tahun 2030 \xe2\x80\x93 2040, penduduk usia produktif (15-64 tahun) di \xf0\x9f\x87\xb2\xf0\x9f\x87\xa8 akan lebih besar dibanding usia nonproduktif (65\xe2\x80\xa6 https://t.co/FHkN6vk3wX'"

2022-05-19 07:27:11+00:00,b'Indonesia G20pedia:\nMengapa Lapangan Kerja Berkelanjutan Jadi Agenda Penting bagi \xf0\x9f\x87\xb2\xf0\x9f\x87\xa8 di G20?\n\n@Kemlu_RI\xe2\x80\xa6 https://t.co/YbZ716NM5d'

2022-05-19 06:36:40+00:00,"b'RT @Indonesia_G20: Melanjutkan pertemuan perdana G20 Education Working Group (EdWG) pada Maret lalu, Kemendikbudristek (@Kemdikbud_RI) akan\xe2\x80\xa6'"

2022-05-19 06:36:25+00:00,"b'RT @Indonesia_G20: Pertemuan ini berfokus pada 2 agenda prioritas dari EdWG, yaitu pendidikan berkualitas universal dan teknologi digital d\xe2\x80\xa6'"

2022-05-19 06:36:23+00:00,"b'RT @Indonesia_G20: Dalam rangka mewujudkan upaya global untuk dapat #PulihBersama dan menciptakan pendidikan berkualitas di seluruh dunia,\xe2\x80\xa6'"

2022-05-19 06:32:32+00:00,b'RT @Indonesia_G20: Salah satu hal menarik dari daerah ini adalah gugusan vulkaniknya. Setidaknya terdapat 3 gunung berapi yang pernah ada d\xe2\x80\xa6'

2022-05-19 05:28:01+00:00,"b'RT @Kemdikbud_RI: #SahabatDikbud, Mendikbudristek @nadiemmakarim membuka pertemuan kedua EdWG G20 dengan menekankan gotong royong sbg pengg\xe2\x80\xa6'"

2022-05-19 05:10:38+00:00,b'RT @Indonesia_G20: Ingin tahu lebih lanjut diskusi dan aspirasi para delegasi negara G20 dan Kemendikbudristek? Ikuti terus informasi terki\xe2\x80\xa6'

2022-05-19 05:10:35+00:00,"b'RT @Indonesia_G20: Dalam pertemuan tersebut, Kemendikbudristek akan memperkuat komitmen untuk #PulihBersama dalam menciptakan pendidikan ya\xe2\x80\xa6'"

2022-05-19 05:10:26+00:00,"b'RT @Indonesia_G20: Melanjutkan pertemuan perdana G20 Education Working Group (EdWG) pada Maret lalu, Kemendikbudristek (@Kemdikbud_RI) akan\xe2\x80\xa6'"

2022-05-19 05:10:01+00:00,b'Direktur Utama Rumah Sakit Pusat Infeksi Sulianti Saroso dr. Mohammad Syahril resmi menjadi Juru Bicara Kemenkes. S\xe2\x80\xa6 https://t.co/G13rdMLC5R'

2022-05-19 04:40:38+00:00,b'RT @BPPKkemenkeu: Percepatan inklusi keuangan dan transformasi digital untuk mendorong pertumbuhan ekonomi berkelanjutan jadi salah satu fo\xe2\x80\xa6'

2022-05-19 03:30:17+00:00,b'Kuliah Umum \xe2\x80\x9cPeran Aktif Indonesia dalam G20: Upaya Indonesia dalam Deeskalasi Konflik Rusia-Ukraina\xe2\x80\x9d &amp; Inaugurasi\xe2\x80\xa6 https://t.co/5AhfudpWSx'

2022-05-19 03:21:20+00:00,b'Peserta delegasi negara DEWG G20 diajak menikmati makan malam dan melihat pertunjukan sendratari dengan latar belak\xe2\x80\xa6 https://t.co/7pHxhvSE5M'

2022-05-19 02:33:44+00:00,"b'RT @Kemdikbud_RI: #SahabatDikbud, Mendikbudristek @nadiemmakarim membuka pertemuan kedua EdWG G20 dengan menekankan gotong royong sbg pengg\xe2\x80\xa6'"

2022-05-19 02:08:33+00:00,"b'RT @Kemdikbud_RI: #SahabatDikbud, Mendikbudristek @nadiemmakarim membuka pertemuan kedua EdWG G20 dengan menekankan gotong royong sbg pengg\xe2\x80\xa6'"

2022-05-19 02:02:27+00:00,"b'RT @Kemdikbud_RI: #SahabatDikbud, Mendikbudristek @nadiemmakarim membuka pertemuan kedua EdWG G20 dengan menekankan gotong royong sbg pengg\xe2\x80\xa6'"

2022-05-19 02:01:49+00:00,"b'Sabilulungan, filosofi Sunda yang lekat dengan gotong royong, menjadi alasan dipilihnya Bandung sebagai lokasi pert\xe2\x80\xa6 https://t.co/GqcesZatLU'"

2022-05-19 02:01:46+00:00,"b'#SahabatDikbud, Mendikbudristek @nadiemmakarim membuka pertemuan kedua EdWG G20 dengan menekankan gotong royong sbg\xe2\x80\xa6 https://t.co/PSk71xwnMT'"

2022-05-19 02:00:08+00:00,"b'Sabilulungan, filosofi Sunda yang lekat dengan gotong royong, menjadi alasan dipilihnya Bandung sebagai lokasi pert\xe2\x80\xa6 https://t.co/BRuHRIh6TH'"

2022-05-19 01:23:19+00:00,"b'RT @Indonesia_G20: Menteri Komunikasi dan Informatika (@kemkominfo), Johnny G. Plate menyambut para delegasi negara anggota G20 yang hadir\xe2\x80\xa6'"

2022-05-19 01:23:09+00:00,"b'RT @Indonesia_G20: Melanjutkan pertemuan perdana G20 Education Working Group (EdWG) pada Maret lalu, Kemendikbudristek (@Kemdikbud_RI) akan\xe2\x80\xa6'"

2022-05-19 01:22:43+00:00,"b'RT @Indonesia_G20: Dalam rangka mewujudkan upaya global untuk dapat #PulihBersama dan menciptakan pendidikan berkualitas di seluruh dunia,\xe2\x80\xa6'"

2022-05-19 01:06:56+00:00,"b'RT @GenBI_Official: dengan memastikan bahwa sistem moneter secara fundamental tetap berlaku sebagai barang publik, termasuk harus menjaga s\xe2\x80\xa6'"

2022-05-19 00:59:42+00:00,"b'RT @bank_indonesia: #SobatRupiah, BI mendorong kerja sama digitalisasi sistem pembayaran antarnegara melalui agenda Presidensi #G20Indonesi\xe2\x80\xa6'"

2022-05-19 00:59:19+00:00,"b'RT @bank_indonesia: Di masa kini, dana ini berfungsi untuk mendukung ketahanan dan stabilitas ekonomi demi #PulihBersama.\xf0\x9f\x92\xaa\n\nSobat, pantau t\xe2\x80\xa6'"

2022-05-19 00:52:19+00:00,b'RT @bubut87: 1ndonesiaMaju:#kamibersamajokowi #jokowidodo #indonesiamaju #IndonesiaMaju2045 #g20indonesia https://t.co/bMZ6cdCY7v https://t\xe2\x80\xa6'

2022-05-19 00:40:59+00:00,b'1ndonesiaMaju:#kamibersamajokowi #jokowidodo #indonesiamaju #IndonesiaMaju2045 #g20indonesia https://t.co/bMZ6cdCY7v https://t.co/PtVpYnMi6t'

2022-05-18 22:46:35+00:00,"b'RT @Indonesia_G20: Selain itu, Kemendikbud juga menginisiasi diskusi untuk memperbarui komitmen global guna meningkatkan pendidikan di Unit\xe2\x80\xa6'"

2022-05-18 22:46:31+00:00,"b'RT @Indonesia_G20: Pertemuan ini berfokus pada 2 agenda prioritas dari EdWG, yaitu pendidikan berkualitas universal dan teknologi digital d\xe2\x80\xa6'"

2022-05-18 22:46:28+00:00,"b'RT @Indonesia_G20: Dalam rangka mewujudkan upaya global untuk dapat #PulihBersama dan menciptakan pendidikan berkualitas di seluruh dunia,\xe2\x80\xa6'"

2022-05-18 14:39:25+00:00,"b'PRAKARSA sebagai anggota C20 memandang, perlindungan yang adaptif terhadap pekerja informal harus diperluas.  Penin\xe2\x80\xa6 https://t.co/uV3SrPPOWR'"

2022-05-18 14:12:32+00:00,"b'RT @Indonesia_G20: Selain itu, Kemendikbud juga menginisiasi diskusi untuk memperbarui komitmen global guna meningkatkan pendidikan di Unit\xe2\x80\xa6'"

2022-05-18 14:12:29+00:00,"b'RT @Indonesia_G20: Pertemuan ini berfokus pada 2 agenda prioritas dari EdWG, yaitu pendidikan berkualitas universal dan teknologi digital d\xe2\x80\xa6'"

2022-05-18 14:12:26+00:00,"b'RT @Indonesia_G20: Dalam rangka mewujudkan upaya global untuk dapat #PulihBersama dan menciptakan pendidikan berkualitas di seluruh dunia,\xe2\x80\xa6'"

2022-05-18 14:02:17+00:00,"b'Selain itu, Kemendikbud juga menginisiasi diskusi untuk memperbarui komitmen global guna meningkatkan pendidikan di\xe2\x80\xa6 https://t.co/Wxvri9Aven'"

2022-05-18 14:02:16+00:00,"b'Pertemuan ini berfokus pada 2 agenda prioritas dari EdWG, yaitu pendidikan berkualitas universal dan teknologi digi\xe2\x80\xa6 https://t.co/WjmX8QnZUf'"

2022-05-18 14:02:16+00:00,b'Dalam rangka mewujudkan upaya global untuk dapat #PulihBersama dan menciptakan pendidikan berkualitas di seluruh du\xe2\x80\xa6 https://t.co/xxyWTeE05B'

2022-05-18 13:02:07+00:00,b'RT @Indonesia_G20: Menkominfo berharap agar Sidang Kedua DEWG G20 ini dapat menghasilkan kesepakatan terbaik dan setiap delegasi memiliki k\xe2\x80\xa6'

2022-05-18 13:01:55+00:00,"b'RT @Indonesia_G20: Menteri Komunikasi dan Informatika (@kemkominfo), Johnny G. Plate menyambut para delegasi negara anggota G20 yang hadir\xe2\x80\xa6'"

2022-05-18 13:01:38+00:00,b'RT @Indonesia_G20: Ingin tahu lebih lanjut diskusi dan aspirasi para delegasi negara G20 dan Kemendikbudristek? Ikuti terus informasi terki\xe2\x80\xa6'

2022-05-18 13:01:25+00:00,"b'RT @Indonesia_G20: Dalam pertemuan tersebut, Kemendikbudristek akan memperkuat komitmen untuk #PulihBersama dalam menciptakan pendidikan ya\xe2\x80\xa6'"

2022-05-18 13:01:05+00:00,b'RT @Indonesia_G20: Salah satu hal menarik dari daerah ini adalah gugusan vulkaniknya. Setidaknya terdapat 3 gunung berapi yang pernah ada d\xe2\x80\xa6'

2022-05-18 13:00:22+00:00,"b'RT @Indonesia_G20: Melanjutkan pertemuan perdana G20 Education Working Group (EdWG) pada Maret lalu, Kemendikbudristek (@Kemdikbud_RI) akan\xe2\x80\xa6'"

2022-05-18 12:24:29+00:00,"b'RT @Indonesia_G20: Pandemi COVID-19 telah menurunkan daya beli masyarakat. Pasalnya, masyarakat telah mengurangi interaksi di luar ruangan\xe2\x80\xa6'"

2022-05-18 12:24:24+00:00,b'RT @Indonesia_G20: Presidensi G20 Indonesia kembali menekankan pentingnya inklusi keuangan digital &amp; pembiayaan UMKM guna mengurangi kesenj\xe2\x80\xa6'

2022-05-18 12:24:13+00:00,b'RT @Indonesia_G20: Yuk! Jadi bagian dari G20 dengan mengikuti 2nd Side Event yang diadakan oleh G20 EMPOWER (@g20empower) dengan tema \xe2\x80\x9cRebu\xe2\x80\xa6'

2022-05-18 12:24:03+00:00,"b'RT @Indonesia_G20: Sebagai salah satu pengampu dari Trade, Investment, and Industry Working Group (TIIWG) G20, Kementerian Investasi/BKPM (\xe2\x80\xa6'"

2022-05-18 12:23:55+00:00,"b'RT @Indonesia_G20: Menteri Komunikasi dan Informatika (@kemkominfo), Johnny G. Plate menyambut para delegasi negara anggota G20 yang hadir\xe2\x80\xa6'"

2022-05-18 12:23:50+00:00,"b'RT @Indonesia_G20: Melanjutkan pertemuan perdana G20 Education Working Group (EdWG) pada Maret lalu, Kemendikbudristek (@Kemdikbud_RI) akan\xe2\x80\xa6'"

2022-05-18 11:47:43+00:00,"b'RT @bank_indonesia: #SobatRupiah, BI mendorong kerja sama digitalisasi sistem pembayaran antarnegara melalui agenda Presidensi #G20Indonesi\xe2\x80\xa6'"

2022-05-18 11:42:21+00:00,b'Bahlil mengatakan bahwa Presidensi G20 Indonesia 2022 merupakan momentum terbaik dalam rangka membangun konsepsi gl\xe2\x80\xa6 https://t.co/hkbXYFBxtB'

2022-05-18 11:28:17+00:00,"b'RT @Indonesia_G20: Melanjutkan pertemuan perdana G20 Education Working Group (EdWG) pada Maret lalu, Kemendikbudristek (@Kemdikbud_RI) akan\xe2\x80\xa6'"

2022-05-18 10:45:34+00:00,b'Salah satu hal menarik dari daerah ini adalah gugusan vulkaniknya. Setidaknya terdapat 3 gunung berapi yang pernah\xe2\x80\xa6 https://t.co/SqkZnV6P7Y'

2022-05-18 10:35:01+00:00,"b'Menkominfo Johnny G Plate mengatakan, pemerintah berkoordinasi dengan anggota G20 lainnya, partner lokal, dan globa\xe2\x80\xa6 https://t.co/t2Ay8NVBwx'"

2022-05-18 10:24:05+00:00,"b'UPDATE KASUS COVID-19 DI THAILAND PER 18 Mei 2022\nPada hari ini terdapat 5.633 kasus baru, 8.042 orang sembuh dan 4\xe2\x80\xa6 https://t.co/RUtZgzGCF9'"

2022-05-18 10:14:21+00:00,b'Ingin tahu lebih lanjut diskusi dan aspirasi para delegasi negara G20 dan Kemendikbudristek? Ikuti terus informasi\xe2\x80\xa6 https://t.co/O9KGEUfRGM'

2022-05-18 10:14:20+00:00,"b'Dalam pertemuan tersebut, Kemendikbudristek akan memperkuat komitmen untuk #PulihBersama dalam menciptakan pendidik\xe2\x80\xa6 https://t.co/nEGEfeq3v9'"

2022-05-18 10:14:18+00:00,"b'Melanjutkan pertemuan perdana G20 Education Working Group (EdWG) pada Maret lalu, Kemendikbudristek (@Kemdikbud_RI)\xe2\x80\xa6 https://t.co/xHL5wPy0Cj'"

2022-05-18 09:57:26+00:00,"b'RT @Kemdikbud_RI: #SahabatDikbud, melanjutkan pertemuan perdana G20 Education Working Group (EdWG) pada Maret lalu, Kemendikbudristek akan\xe2\x80\xa6'"

2022-05-18 08:35:37+00:00,"b'RT @bank_indonesia: #SobatRupiah, BI mendorong kerja sama digitalisasi sistem pembayaran antarnegara melalui agenda Presidensi #G20Indonesi\xe2\x80\xa6'"

2022-05-18 07:30:02+00:00,b'Mendikbud Ristek Nadiem Makarim akan memperkenalkan program Merdeka Belajar kepada negara-negara G20 pada hari ini\xe2\x80\xa6 https://t.co/1G3asVGF0z'

2022-05-18 07:23:33+00:00,b'RT @BPPKkemenkeu: Percepatan inklusi keuangan dan transformasi digital untuk mendorong pertumbuhan ekonomi berkelanjutan jadi salah satu fo\xe2\x80\xa6'

2022-05-18 07:23:27+00:00,"b'RT @BPPKkemenkeu: Pada (11/5), @bank_indonesia dan @KemenkeuRI telah menyelenggarakan seminar internasional sebagai side event #G20Indonesi\xe2\x80\xa6'"

2022-05-18 07:23:25+00:00,b'RT @BPPKkemenkeu: untuk mempromosikan strategi percepatan inklusi keuangan.\n\nVideo: @KemenkeuRI \n\n#BelajarTanpaBatas\n#KitaPemelajar\n#UMKM\n#\xe2\x80\xa6'

2022-05-18 07:19:36+00:00,"b'RT @bank_indonesia: #SobatRupiah, BI mendorong kerja sama digitalisasi sistem pembayaran antarnegara melalui agenda Presidensi #G20Indonesi\xe2\x80\xa6'"

2022-05-18 06:48:15+00:00,b'Yuk #SahabatBahari kita dukung kegiatan DEWG G20 dan kenalkan kuliner daerah kepada dunia \xf0\x9f\x98\x89\xe2\x9c\xa8\n\n#G20Indonesia #G20KKP\xe2\x80\xa6 https://t.co/9LIbbIIJbR'

2022-05-18 06:26:17+00:00,"b'RT @Indonesia_G20: Sebagai salah satu pengampu dari Trade, Investment, and Industry Working Group (TIIWG) G20, Kementerian Investasi/BKPM (\xe2\x80\xa6'"

2022-05-18 06:26:14+00:00,b'RT @Indonesia_G20: Menkominfo berharap agar Sidang Kedua DEWG G20 ini dapat menghasilkan kesepakatan terbaik dan setiap delegasi memiliki k\xe2\x80\xa6'

2022-05-18 06:26:10+00:00,"b'RT @Indonesia_G20: Menteri Komunikasi dan Informatika (@kemkominfo), Johnny G. Plate menyambut para delegasi negara anggota G20 yang hadir\xe2\x80\xa6'"

2022-05-18 05:43:31+00:00,b'Mendikbudristek akan sampaikan berbagai terobosan Merdeka Belajar dalam pertemuan kedua EdWG G20. \n\n#G20Indonesia\xe2\x80\xa6 https://t.co/muO7Nvjtdj'

2022-05-18 05:23:25+00:00,"b'#G20 EMPOWER Gelar Plenary Meeting Kedua di #Yogyakarta, Dorong Kontribusi Peran Perempuan\n\nhttps://t.co/ktso3FhnF7\xe2\x80\xa6 https://t.co/5JAZbDhpNv'"

2022-05-18 04:46:50+00:00,b'untuk mempromosikan strategi percepatan inklusi keuangan.\n\nVideo: @KemenkeuRI \n\n#BelajarTanpaBatas\n#KitaPemelajar\n#UMKM\n##G20Indonesia'

2022-05-18 04:46:41+00:00,"b'Pada (11/5), @bank_indonesia dan @KemenkeuRI telah menyelenggarakan seminar internasional sebagai side event\xe2\x80\xa6 https://t.co/YgcIGUQKaA'"

2022-05-18 04:38:58+00:00,b'Percepatan inklusi keuangan dan transformasi digital untuk mendorong pertumbuhan ekonomi berkelanjutan jadi salah s\xe2\x80\xa6 https://t.co/DIpWMTg20a'

2022-05-18 04:11:50+00:00,"b'RT @bank_indonesia: #SobatRupiah, BI mendorong kerja sama digitalisasi sistem pembayaran antarnegara melalui agenda Presidensi #G20Indonesi\xe2\x80\xa6'"

2022-05-18 03:02:15+00:00,b'RT @bank_indonesia: Acara ini jg jadi momentum memperkuat promosi produk UMKM lokal yg sejalan dg agenda inklusi keuangan pd Presidensi #G2\xe2\x80\xa6'

2022-05-18 03:01:38+00:00,"b'RT @bank_indonesia: #SobatRupiah, BI mendorong kerja sama digitalisasi sistem pembayaran antarnegara melalui agenda Presidensi #G20Indonesi\xe2\x80\xa6'"

2022-05-18 03:01:04+00:00,"b'RT @bank_indonesia: Di masa kini, dana ini berfungsi untuk mendukung ketahanan dan stabilitas ekonomi demi #PulihBersama.\xf0\x9f\x92\xaa\n\nSobat, pantau t\xe2\x80\xa6'"

2022-05-18 03:00:01+00:00,"b'RT @bank_indonesia: Di masa kini, dana ini berfungsi untuk mendukung ketahanan dan stabilitas ekonomi demi #PulihBersama.\xf0\x9f\x92\xaa\n\nSobat, pantau t\xe2\x80\xa6'"

2022-05-18 02:59:29+00:00,"b'RT @bank_indonesia: #SobatRupiah, BI mendorong kerja sama digitalisasi sistem pembayaran antarnegara melalui agenda Presidensi #G20Indonesi\xe2\x80\xa6'"

2022-05-18 02:08:52+00:00,b'Presiden Joko Widodo sedang bertolak ke Amerika Serikat sebagai salah satu jadwal kunjungan kerja. Berikut pernyata\xe2\x80\xa6 https://t.co/w8Wcpv20Ef'

2022-05-18 01:00:00+00:00,"b'RT @Kemdikbud_RI: #SahabatDikbud, melanjutkan pertemuan perdana G20 Education Working Group (EdWG) pada Maret lalu, Kemendikbudristek akan\xe2\x80\xa6'"

2022-05-17 23:31:08+00:00,b'Kasihan\xf0\x9f\x98\xa2\nTeman kecil kita sedari kecil terlilit karet gelang plastik. Tubuhnya pun ikut menyusut tertekuk karet.\n\nT\xe2\x80\xa6 https://t.co/HwWM3L8KwD'

2022-05-17 20:30:28+00:00,"b'#SobatRupiah, BI mendorong kerja sama digitalisasi sistem pembayaran antarnegara melalui agenda Presidensi\xe2\x80\xa6 https://t.co/aqySLFoIJa'"

2022-05-17 17:53:47+00:00,"b'RT @XLAxiataBisnis: XL Axiata bangga dapat menjadi bagian dalam acara yg diselenggarakan oleh G20 EMPOWER: ""Perempuan di UKM sebagai Pengge\xe2\x80\xa6'"

2022-05-17 15:39:38+00:00,"b'RT @bank_indonesia: Di masa kini, dana ini berfungsi untuk mendukung ketahanan dan stabilitas ekonomi demi #PulihBersama.\xf0\x9f\x92\xaa\n\nSobat, pantau t\xe2\x80\xa6'"

2022-05-17 15:39:06+00:00,"b'RT @bank_indonesia: #SobatRupiah, BI mendorong kerja sama digitalisasi sistem pembayaran antarnegara melalui agenda Presidensi #G20Indonesi\xe2\x80\xa6'"

2022-05-17 14:14:46+00:00,"b'RT @Kemdikbud_RI: #SahabatDikbud, melanjutkan pertemuan perdana G20 Education Working Group (EdWG) pada Maret lalu, Kemendikbudristek akan\xe2\x80\xa6'"

2022-05-17 14:11:54+00:00,b'Ingin tahu lebih lanjut diskusi dan aspirasi para delegasi negara G20 dan Kemendikbudristek? Ikuti terus informasi\xe2\x80\xa6 https://t.co/6cSwCvXITq'

2022-05-17 14:11:51+00:00,"b'#SahabatDikbud, melanjutkan pertemuan perdana G20 Education Working Group (EdWG) pada Maret lalu, Kemendikbudristek\xe2\x80\xa6 https://t.co/JOF1mMRtMB'"

2022-05-17 13:53:40+00:00,"b'#SobatRupiah, BI mendorong kerja sama digitalisasi sistem pembayaran antarnegara melalui agenda Presidensi\xe2\x80\xa6 https://t.co/aeuEfxvoRc'"

2022-05-17 13:44:34+00:00,b'Praktek Terbaik dari Jawa Barat: Hunian yang Produktif dan Terjangkau\n\n#G20Indonesia #U20Indonesia #PulihBersama\xe2\x80\xa6 https://t.co/owUBb11enw'

2022-05-17 13:38:45+00:00,b'RT @buruhpapua28: Unjuk rasa yang diikuti ribuan pekerja yang tergabung dalam serikat pekerja Freeport itu sekaligus menandai aksi mogok ke\xe2\x80\xa6'

2022-05-17 13:04:02+00:00,b'Menkominfo berharap agar Sidang Kedua DEWG G20 ini dapat menghasilkan kesepakatan terbaik dan setiap delegasi memil\xe2\x80\xa6 https://t.co/PxH9gaeEe3'

2022-05-17 13:03:58+00:00,"b'Menteri Komunikasi dan Informatika (@kemkominfo), Johnny G. Plate menyambut para delegasi negara anggota G20 yang h\xe2\x80\xa6 https://t.co/90rvCq27s0'"

2022-05-17 12:27:43+00:00,"b'RT @bank_indonesia: Di masa kini, dana ini berfungsi untuk mendukung ketahanan dan stabilitas ekonomi demi #PulihBersama.\xf0\x9f\x92\xaa\n\nSobat, pantau t\xe2\x80\xa6'"

2022-05-17 12:21:58+00:00,b'RT @Indonesia_G20: Yuk! Jadi bagian dari G20 dengan mengikuti 2nd Side Event yang diadakan oleh G20 EMPOWER (@g20empower) dengan tema \xe2\x80\x9cRebu\xe2\x80\xa6'

2022-05-17 12:11:35+00:00,"b'RT @kompascom: Jubir G20, Maudy Ayunda jelaskan 3 fokus utama isu energi. &gt; #G20Indonesia #MaudyAyunda #JernihkanHarapan #Kompascom https:/\xe2\x80\xa6'"

2022-05-17 12:07:08+00:00,"b'Jubir G20, Maudy Ayunda jelaskan 3 fokus utama isu energi. &gt; #G20Indonesia #MaudyAyunda #JernihkanHarapan #Kompascom https://t.co/ToiZGFiMhH'"

2022-05-17 12:06:36+00:00,b'RT @Indonesia_G20: Mari dukung penuh pertemuan G20 EMPOWER untuk menjadikan perempuan sebagai katalisator dalam pembangunan ekonomi dunia a\xe2\x80\xa6'

2022-05-17 12:06:31+00:00,b'RT @Indonesia_G20: Yuk! Jadi bagian dari G20 dengan mengikuti 2nd Side Event yang diadakan oleh G20 EMPOWER (@g20empower) dengan tema \xe2\x80\x9cRebu\xe2\x80\xa6'

2022-05-17 12:06:16+00:00,"b'RT @Indonesia_G20: Dalam rangka memperluas diskusi tersebut, @bkpm akan menyelenggarakan kegiatan Road to G20: Investment Forum dengan topi\xe2\x80\xa6'"

2022-05-17 12:06:10+00:00,"b'RT @Indonesia_G20: Sebagai salah satu pengampu dari Trade, Investment, and Industry Working Group (TIIWG) G20, Kementerian Investasi/BKPM (\xe2\x80\xa6'"

2022-05-17 11:53:26+00:00,"b'Di masa kini, dana ini berfungsi untuk mendukung ketahanan dan stabilitas ekonomi demi #PulihBersama.\xf0\x9f\x92\xaa\n\nSobat, pant\xe2\x80\xa6 https://t.co/seq6MC2I4P'"

2022-05-17 11:01:00+00:00,b'RT @Indonesia_G20: Yuk! Jadi bagian dari G20 dengan mengikuti 2nd Side Event yang diadakan oleh G20 EMPOWER (@g20empower) dengan tema \xe2\x80\x9cRebu\xe2\x80\xa6'

2022-05-17 11:00:52+00:00,"b'RT @Indonesia_G20: Sebagai salah satu pengampu dari Trade, Investment, and Industry Working Group (TIIWG) G20, Kementerian Investasi/BKPM (\xe2\x80\xa6'"

2022-05-17 10:44:29+00:00,"b'RT @Indonesia_G20: Sebagai salah satu pengampu dari Trade, Investment, and Industry Working Group (TIIWG) G20, Kementerian Investasi/BKPM (\xe2\x80\xa6'"

2022-05-17 10:39:38+00:00,"b'Dalam rangka memperluas diskusi tersebut, @bkpm akan menyelenggarakan kegiatan Road to G20: Investment Forum dengan\xe2\x80\xa6 https://t.co/AQfMbu1BWd'"

2022-05-17 10:39:05+00:00,"b'Sebagai salah satu pengampu dari Trade, Investment, and Industry Working Group (TIIWG) G20, Kementerian Investasi/B\xe2\x80\xa6 https://t.co/ZnPwoTANVL'"

2022-05-17 09:49:48+00:00,"b'Nah, coba tulis harapanmu untuk Presidensi G20 Indonesia 2022 di kolom komentar ya! \xf0\x9f\x98\x89\n\n#G20Indonesia #PulihBersama'"

2022-05-17 09:46:08+00:00,"b'UPDATE KASUS COVID-19 DI THAILAND PER 17 Mei 2022\nPada hari ini terdapat 3.893 kasus baru, 7.323 orang sembuh dan 3\xe2\x80\xa6 https://t.co/pp97q0hy5q'"

2022-05-17 08:46:28+00:00,b'Mari bersama dukung penuh pertemuan G20 EMPOWER untuk menjadikan perempuan sebagai katalisator dalam pembangunan ek\xe2\x80\xa6 https://t.co/TYsS5mweWT'

2022-05-17 08:46:28+00:00,"b'Tujuan kegiatan ini, yakni membuka wawasan tentang peran perempuan dalam usaha kecil &amp; menengah hingga mengidentifi\xe2\x80\xa6 https://t.co/NNjP0Anbkm'"

2022-05-17 08:46:27+00:00,"b'XL Axiata bangga dapat menjadi bagian dalam acara yg diselenggarakan oleh G20 EMPOWER: ""Perempuan di UKM sebagai Pe\xe2\x80\xa6 https://t.co/wZ484IppuL'"

2022-05-17 08:37:55+00:00,b'RT @Indonesia_G20: W20 Sispreneur merupakan program inkubasi UMKM milik perempuan dari @sisternetID &amp; @kpp_pa yang bertujuan untuk membantu\xe2\x80\xa6'

2022-05-17 08:06:59+00:00,b'RT @bank_indonesia: Acara ini jg jadi momentum memperkuat promosi produk UMKM lokal yg sejalan dg agenda inklusi keuangan pd Presidensi #G2\xe2\x80\xa6'

2022-05-17 07:58:50+00:00,b'Serta keterampilan masa depan bagi perempuan.\n\nG20 Empower juga mendapat bantuan dari BCG (Boston Consulting Group)\xe2\x80\xa6 https://t.co/3SErCNzxDB'

2022-05-17 07:54:14+00:00,b'RT @bank_indonesia: Digitalisasi sektor keuangan merupakan salah satu game changer bagi dunia dalam upaya #PulihBersama akibat pandemi Covi\xe2\x80\xa6'

2022-05-17 07:03:00+00:00,b'RT @Indonesia_G20: Yuk! Jadi bagian dari G20 dengan mengikuti 2nd Side Event yang diadakan oleh G20 EMPOWER (@g20empower) dengan tema \xe2\x80\x9cRebu\xe2\x80\xa6'

2022-05-17 06:50:39+00:00,b'RT @Indonesia_G20: Yuk! Jadi bagian dari G20 dengan mengikuti 2nd Side Event yang diadakan oleh G20 EMPOWER (@g20empower) dengan tema \xe2\x80\x9cRebu\xe2\x80\xa6'

2022-05-17 06:38:59+00:00,b'RT @Indonesia_G20: Demikian mengemuka pada pertemuan 2nd\xc2\xa0Global Partnership for Financial Inclusion Plenary Meeting yang diselenggarakan ol\xe2\x80\xa6'

2022-05-17 06:38:56+00:00,"b'RT @Indonesia_G20: Untuk itu, setiap negara memerlukan kerangka inklusi keuangan untuk mendorong digitalisasi yang berdampak pada peningkat\xe2\x80\xa6'"

2022-05-17 06:38:52+00:00,b'RT @Indonesia_G20: Presidensi G20 Indonesia kembali menekankan pentingnya inklusi keuangan digital &amp; pembiayaan UMKM guna mengurangi kesenj\xe2\x80\xa6'

2022-05-17 06:38:49+00:00,b'RT @Indonesia_G20: Pertemuan kedua Digital Economy Working Group (DEWG) akan diselenggarakan pada 17-19 Mei 2022 di Yogyakarta. Pertemuan i\xe2\x80\xa6'

2022-05-17 06:38:41+00:00,b'RT @Indonesia_G20: Mari dukung penuh pertemuan G20 EMPOWER untuk menjadikan perempuan sebagai katalisator dalam pembangunan ekonomi dunia a\xe2\x80\xa6'

2022-05-17 06:38:38+00:00,b'RT @Indonesia_G20: Yuk! Jadi bagian dari G20 dengan mengikuti 2nd Side Event yang diadakan oleh G20 EMPOWER (@g20empower) dengan tema \xe2\x80\x9cRebu\xe2\x80\xa6'

2022-05-17 06:34:30+00:00,b'Mari dukung penuh pertemuan G20 EMPOWER untuk menjadikan perempuan sebagai katalisator dalam pembangunan ekonomi du\xe2\x80\xa6 https://t.co/l8xOqUVbDw'

2022-05-17 06:34:29+00:00,b'Yuk! Jadi bagian dari G20 dengan mengikuti 2nd Side Event yang diadakan oleh G20 EMPOWER (@g20empower) dengan tema\xe2\x80\xa6 https://t.co/qAvTH7vLsM'

2022-05-17 06:21:50+00:00,"b'RT @KemenkeuRI: Selamat malam, Temankeu.\n\nBerikut agenda #G20Indonesia di bulan Mei 2022.\n\n#RecoverTogetherRecoverStronger'"

2022-05-17 04:48:11+00:00,b'Unjuk rasa yang diikuti ribuan pekerja yang tergabung dalam serikat pekerja Freeport itu sekaligus menandai aksi mo\xe2\x80\xa6 https://t.co/AMWEU1hy5K'

2022-05-17 04:15:39+00:00,"b'Kominfo hari ini membuka sidang kedua DEWG, bagian dari Presidensi G20 Indonesia, pada sekitar pukul 10.00. Apa saj\xe2\x80\xa6 https://t.co/iDJI9iaLsz'"

2022-05-17 03:52:19+00:00,"b'Hari Ini ada Turnamen Final di Arena, karenanya Dr. Zomboss bakal muncul kembali.\n\n#PvZ2 #Arena #PennysPursuit #G20Indonesia'"

2022-05-17 03:48:30+00:00,"b'RT @KemenkeuRI: Masalah inklusi keuangan dan transformasi digital ini ternyata memang sangat penting, ya.\n\nMaka itu pula, topik ini jadi sa\xe2\x80\xa6'"

2022-05-17 02:48:19+00:00,"b'RT @bank_indonesia: #SobatRupiah, inklusi keuangan merupakan salah satu fokus pembahasan dalam Presidensi #G20Indonesia 2022. Hmmm\xe2\x80\xa6, sudah\xe2\x80\xa6'"

2022-05-17 02:43:48+00:00,"b'RT @KemenkeuRI: Tertarik pada isu seputar transformasi digital dan inklusi keuangan? \n\nYuk, saksikan seminar internasional:\n\nDigital Transf\xe2\x80\xa6'"

2022-05-17 02:43:30+00:00,"b'RT @KemenkeuRI: Selamat malam, Temankeu.\n\nBerikut agenda #G20Indonesia di bulan Mei 2022.\n\n#RecoverTogetherRecoverStronger'"

2022-05-17 02:30:54+00:00,"b'RT @bank_indonesia: Karena itu, Presidensi #G20Indonesia menekankan pentingnya perluasan akses keuangan demi meningkatkan inklusi keuangan\xe2\x80\xa6'"

2022-05-17 02:24:40+00:00,"b'Karena itu, Presidensi #G20Indonesia menekankan pentingnya perluasan akses keuangan demi meningkatkan inklusi keuan\xe2\x80\xa6 https://t.co/H2tYdfDhvv'"

2022-05-16 19:09:03+00:00,"b'RT @LanangSudira1: Mangrove Forest Area Tahura Ngurah Rai, Telaga Waja, Benoa Bay, Nusa Dua, Bali. \n#RecoverTogetherRecoverStronger \n#G20In\xe2\x80\xa6'"

2022-05-16 18:04:17+00:00,"b'kepada URB atas pencerahan agama Islam yang menyejukan, mencerdaskan dan inklusif.\xf0\x9f\x99\x8f\nAaamiiin\xf0\x9f\xa4\xb2 Allohumma Aaamiiin\xf0\x9f\xa4\xb2\xe2\x80\xa6 https://t.co/OS17l6kDZU'"

2022-05-16 15:33:30+00:00,b'RT @anindyabakrie: Ini merupakan kelanjutan dari kunjungan bersama Pak Menko Luhut Binsar Pandjaitan dan Pak Dubes Rosan Roeslani 2 minggu\xe2\x80\xa6'

2022-05-16 15:32:50+00:00,"b'RT @anindyabakrie: Indonesia mempunyai peluang untuk \xe2\x80\x9crewriting global EV (and ESG) supply chain\xe2\x80\x9d dengan kombinasi sumber daya alam, indust\xe2\x80\xa6'"

2022-05-16 15:29:46+00:00,b'RT @lps_idic: - Gerakan nasional literasi digital\n- Digital talent scholarship\n- Digital leadership academy\n- Program kartu prakerja\n\n#LPSI\xe2\x80\xa6'

2022-05-16 14:08:03+00:00,b'RT @lps_idic: - Gerakan nasional literasi digital\n- Digital talent scholarship\n- Digital leadership academy\n- Program kartu prakerja\n\n#LPSI\xe2\x80\xa6'

2022-05-16 14:02:12+00:00,b'- Gerakan nasional literasi digital\n- Digital talent scholarship\n- Digital leadership academy\n- Program kartu prake\xe2\x80\xa6 https://t.co/oFCrBHJyoX'

2022-05-16 12:00:02+00:00,"b'Terpilih sebagai juru bicara Presidensi di G20, Maudy Ayunda memaparkan 3 isu transisi energi yang sudah disiapkan\xe2\x80\xa6 https://t.co/oxACCf71Nh'"

2022-05-16 10:07:09+00:00,"b'RT @zuhairimisrawi: Berita tentang komitmen Indonesia terhadap Tunisia dalam membuka peningkatan kerjasama dalam berbagai  bidang: ekonomi,\xe2\x80\xa6'"

2022-05-16 09:35:25+00:00,b'Berita tentang komitmen Indonesia terhadap Tunisia dalam membuka peningkatan kerjasama dalam berbagai  bidang: ekon\xe2\x80\xa6 https://t.co/gYNN5uOyQz'

2022-05-16 09:21:16+00:00,b'Narahubung: 0838-6969-8181\n\n#MakinCakapDigital #cfdsbagiilmu #eventmahasiswa #eventjogja #eventonline\xe2\x80\xa6 https://t.co/E44f9TuS7D'

2022-05-16 06:47:42+00:00,"b'RT @KATADATAcoid: Berdasarkan laporan Climate Bonds Initiative, penerbitan obligasi hijau (green bonds) di Indonesia baru mencapai US$ 6,4\xe2\x80\xa6'"

2022-05-16 06:34:27+00:00,"b'RT @LanangSudira1: Mangrove Forest Area Tahura Ngurah Rai, Telaga Waja, Benoa Bay, Nusa Dua, Bali. \n#RecoverTogetherRecoverStronger \n#G20In\xe2\x80\xa6'"

2022-05-16 05:52:02+00:00,b'RT @anindyabakrie: Semoga semua ini bisa membawa manfaat untuk Indonesia sebagai pemimpin industri elektrifikasi dan kehidupan  dengan ikli\xe2\x80\xa6'

2022-05-16 05:50:32+00:00,"b'Berdasarkan laporan Climate Bonds Initiative, penerbitan obligasi hijau (green bonds) di Indonesia baru mencapai US\xe2\x80\xa6 https://t.co/9DPRhm3GHP'"

2022-05-16 03:59:27+00:00,b'RT @anindyabakrie: Semoga semua ini bisa membawa manfaat untuk Indonesia sebagai pemimpin industri elektrifikasi dan kehidupan  dengan ikli\xe2\x80\xa6'

2022-05-16 03:53:48+00:00,"b'UPDATE KASUS COVID-19 DI THAILAND PER 16 Mei 2022\nPada hari ini terdapat 5.238 kasus baru, 9.168 orang sembuh dan 4\xe2\x80\xa6 https://t.co/VCkru6a1sv'"

2022-05-16 03:52:52+00:00,"b'UPDATE KASUS COVID-19 DI THAILAND PER 15 Mei 2022\nPada hari ini terdapat 6.094 kasus baru, 8.601 orang sembuh dan 5\xe2\x80\xa6 https://t.co/Dz7UPXrW3N'"

2022-05-16 00:49:22+00:00,"b'Besok ada Turnamen Final di Arena, soalnya ada Dr. Zomboss bakal comeback.\n\n#PvZ2 #Arena #PennysPursuit #G20Indonesia'"

2022-05-16 00:26:37+00:00,b'RT @anindyabakrie: Semoga semua ini bisa membawa manfaat untuk Indonesia sebagai pemimpin industri elektrifikasi dan kehidupan  dengan ikli\xe2\x80\xa6'

2022-05-16 00:26:34+00:00,"b'RT @anindyabakrie: Sebagai seorang insinyur dan pengusaha, saya sangat mengagumi dan menikmati kesempatan langka kunjungan ini, karena ini\xe2\x80\xa6'"

2022-05-16 00:26:31+00:00,"b'RT @anindyabakrie: Indonesia mempunyai peluang untuk \xe2\x80\x9crewriting global EV (and ESG) supply chain\xe2\x80\x9d dengan kombinasi sumber daya alam, indust\xe2\x80\xa6'"

2022-05-16 00:26:28+00:00,"b'RT @anindyabakrie: Alhamdulillah, Pak Presiden memastikan bahwa Pak Elon Musk akan hadir di #g20indonesia di November 2022, yang tentu mela\xe2\x80\xa6'"

2022-05-16 00:26:05+00:00,b'RT @anindyabakrie: Semoga semua ini bisa membawa manfaat untuk Indonesia sebagai pemimpin industri elektrifikasi dan kehidupan  dengan ikli\xe2\x80\xa6'

2022-05-16 00:26:03+00:00,"b'RT @anindyabakrie: Sebagai seorang insinyur dan pengusaha, saya sangat mengagumi dan menikmati kesempatan langka kunjungan ini, karena ini\xe2\x80\xa6'"

2022-05-16 00:26:00+00:00,"b'RT @anindyabakrie: Indonesia mempunyai peluang untuk \xe2\x80\x9crewriting global EV (and ESG) supply chain\xe2\x80\x9d dengan kombinasi sumber daya alam, indust\xe2\x80\xa6'"

2022-05-16 00:25:57+00:00,"b'RT @anindyabakrie: Alhamdulillah, Pak Presiden memastikan bahwa Pak Elon Musk akan hadir di #g20indonesia di November 2022, yang tentu mela\xe2\x80\xa6'"

2022-05-16 00:25:29+00:00,b'Semoga semua ini bisa membawa manfaat untuk Indonesia sebagai pemimpin industri elektrifikasi dan kehidupan  dengan\xe2\x80\xa6 https://t.co/VTXh8gSwXu'

2022-05-16 00:25:16+00:00,"b'Sebagai seorang insinyur dan pengusaha, saya sangat mengagumi dan menikmati kesempatan langka kunjungan ini, karena\xe2\x80\xa6 https://t.co/PSSaga6hip'"

2022-05-16 00:24:50+00:00,"b'Indonesia mempunyai peluang untuk \xe2\x80\x9crewriting global EV (and ESG) supply chain\xe2\x80\x9d dengan kombinasi sumber daya alam, i\xe2\x80\xa6 https://t.co/DwbxIsHGgX'"

2022-05-16 00:24:16+00:00,"b'Alhamdulillah, Pak Presiden memastikan bahwa Pak Elon Musk akan hadir di #g20indonesia di November 2022, yang tentu\xe2\x80\xa6 https://t.co/UWDJQ3jZeJ'"

2022-05-15 20:36:10+00:00,b'RT @Indonesia_G20: Terlebih lagi sektor energi merupakan kontributor perubahan iklim paling dominan yang menyumbang hampir 90% dari emisi C\xe2\x80\xa6'

2022-05-15 17:46:48+00:00,"b'RT @GenBI_Official: dengan memastikan bahwa sistem moneter secara fundamental tetap berlaku sebagai barang publik, termasuk harus menjaga s\xe2\x80\xa6'"

2022-05-15 16:15:23+00:00,b'RT @Dewi_G_Tobing: Happy Vesak Day.\n\nPray for peace and harmony on this auspicious day.\n\nSelamat Hari Raya Waisak 2566 BE / tahun 2022\nPerb\xe2\x80\xa6'

2022-05-15 15:55:57+00:00,b'RT @Dewi_G_Tobing: Happy Vesak Day.\n\nPray for peace and harmony on this auspicious day.\n\nSelamat Hari Raya Waisak 2566 BE / tahun 2022\nPerb\xe2\x80\xa6'

2022-05-15 15:10:14+00:00,"b'RT @anindyabakrie: Alhamdulillah, Pak Presiden @jokowi memastikan bahwa Pak @elonmusk akan hadir di @g20org  di November 2022, yang tentu m\xe2\x80\xa6'"

2022-05-15 15:09:13+00:00,"b'RT @anindyabakrie: Alhamdulillah, Pak Presiden @jokowi memastikan bahwa Pak @elonmusk akan hadir di @g20org  di November 2022, yang tentu m\xe2\x80\xa6'"

2022-05-15 13:13:58+00:00,"b'RT @LanangSudira1: Mangrove Forest Area Tahura Ngurah Rai, Telaga Waja, Benoa Bay, Nusa Dua, Bali. \n#RecoverTogetherRecoverStronger \n#G20In\xe2\x80\xa6'"

2022-05-15 13:05:27+00:00,b'RT @Indonesia_G20: @kemkominfo tidak hanya berupaya mewujudkan transformasi digital di dalam negeri namun juga memperjuangkannya pada meja\xe2\x80\xa6'

2022-05-15 12:51:42+00:00,b'Happy Vesak Day.\n\nPray for peace and harmony on this auspicious day.\n\nSelamat Hari Raya Waisak 2566 BE / tahun 2022\xe2\x80\xa6 https://t.co/a8m9ohtKJi'

2022-05-15 12:25:49+00:00,"b'RT @bank_indonesia: #SobatRupiah, inklusi keuangan merupakan salah satu fokus pembahasan dalam Presidensi #G20Indonesia 2022. Hmmm\xe2\x80\xa6, sudah\xe2\x80\xa6'"

2022-05-15 11:44:10+00:00,b'RT @lps_idic: Ternyata ada hubungan dengan bonus demografi dalam beberapa tahun ke depan loh. \n\n#LPSIndonesia #AmanAdaLPS #LPSAmanAda3T #Sa\xe2\x80\xa6'

2022-05-15 10:49:40+00:00,"b'#SobatRupiah, inklusi keuangan merupakan salah satu fokus pembahasan dalam Presidensi #G20Indonesia 2022. Hmmm\xe2\x80\xa6, su\xe2\x80\xa6 https://t.co/BwalsQwfdj'"

2022-05-15 09:40:46+00:00,b'RT @Indonesia_G20: Demikian mengemuka pada pertemuan 2nd\xc2\xa0Global Partnership for Financial Inclusion Plenary Meeting yang diselenggarakan ol\xe2\x80\xa6'

2022-05-15 09:40:43+00:00,"b'RT @Indonesia_G20: Untuk itu, setiap negara memerlukan kerangka inklusi keuangan untuk mendorong digitalisasi yang berdampak pada peningkat\xe2\x80\xa6'"

2022-05-15 09:40:35+00:00,"b'RT @Indonesia_G20: Terus ikuti perkembangan dan informasi terkini seputar pelaksanaan DEWG melalui media sosial kami, ya! \xf0\x9f\x98\x89\n\n#G20Indonesia\xe2\x80\xa6'"

2022-05-15 09:40:33+00:00,b'RT @Indonesia_G20: Pertemuan kedua Digital Economy Working Group (DEWG) akan diselenggarakan pada 17-19 Mei 2022 di Yogyakarta. Pertemuan i\xe2\x80\xa6'

2022-05-15 09:40:31+00:00,b'RT @Indonesia_G20: @kemkominfo tidak hanya berupaya mewujudkan transformasi digital di dalam negeri namun juga memperjuangkannya pada meja\xe2\x80\xa6'

2022-05-15 08:59:16+00:00,b'RT @Indonesia_G20: Terlebih lagi sektor energi merupakan kontributor perubahan iklim paling dominan yang menyumbang hampir 90% dari emisi C\xe2\x80\xa6'

2022-05-15 08:40:47+00:00,b'RT @Indonesia_G20: Terlebih lagi sektor energi merupakan kontributor perubahan iklim paling dominan yang menyumbang hampir 90% dari emisi C\xe2\x80\xa6'

2022-05-15 08:38:24+00:00,b'RT @Indonesia_G20: B20 Women in Business Action Council (WiBAC) menggelar Pertemuan Bilateral dengan Menteri Koperasi dan UKM Republik Indo\xe2\x80\xa6'

2022-05-15 08:37:54+00:00,"b'RT @Indonesia_G20: Pandemi COVID-19 telah menurunkan daya beli masyarakat. Pasalnya, masyarakat telah mengurangi interaksi di luar ruangan\xe2\x80\xa6'"

2022-05-15 08:37:50+00:00,b'RT @Indonesia_G20: Presidensi G20 Indonesia kembali menekankan pentingnya inklusi keuangan digital &amp; pembiayaan UMKM guna mengurangi kesenj\xe2\x80\xa6'

2022-05-15 08:19:58+00:00,"b'Terus ikuti perkembangan dan informasi terkini seputar pelaksanaan DEWG melalui media sosial kami, ya! \xf0\x9f\x98\x89\n\n#G20Indonesia #PulihBersama'"

2022-05-15 08:19:57+00:00,b'Pertemuan kedua Digital Economy Working Group (DEWG) akan diselenggarakan pada 17-19 Mei 2022 di Yogyakarta. Pertem\xe2\x80\xa6 https://t.co/kfMqszERI2'

2022-05-15 08:19:56+00:00,b'@kemkominfo tidak hanya berupaya mewujudkan transformasi digital di dalam negeri namun juga memperjuangkannya pada\xe2\x80\xa6 https://t.co/avrWfzXyTa'

2022-05-15 08:13:54+00:00,b'Demikian mengemuka pada pertemuan 2nd\xc2\xa0Global Partnership for Financial Inclusion Plenary Meeting yang diselenggarak\xe2\x80\xa6 https://t.co/aJmOCuwgJ3'

2022-05-15 08:13:51+00:00,"b'Untuk itu, setiap negara memerlukan kerangka inklusi keuangan untuk mendorong digitalisasi yang berdampak pada peni\xe2\x80\xa6 https://t.co/9dHC4scOW9'"

2022-05-15 08:13:48+00:00,b'Presidensi G20 Indonesia kembali menekankan pentingnya inklusi keuangan digital &amp; pembiayaan UMKM guna mengurangi k\xe2\x80\xa6 https://t.co/YEnhOk06i7'

2022-05-15 07:16:57+00:00,"b'Indonesia mempunyai peluang untuk \xe2\x80\x9crewriting global EV (and ESG) supply chain\xe2\x80\x9d dengan kombinasi sumber daya alam, i\xe2\x80\xa6 https://t.co/Y9SXRelQdh'"

2022-05-15 07:16:04+00:00,"b'Alhamdulillah, Pak Presiden @jokowi memastikan bahwa Pak @elonmusk akan hadir di @g20org  di November 2022, yang te\xe2\x80\xa6 https://t.co/vvH2SbwLDg'"

2022-05-15 07:14:46+00:00,b'Ini merupakan kelanjutan dari kunjungan bersama Pak Menko Luhut Binsar Pandjaitan dan Pak Dubes Rosan Roeslani 2 mi\xe2\x80\xa6 https://t.co/OGpfwojB5s'

2022-05-15 07:07:52+00:00,b'RT @PakdeKoppig: Presiden dan Ibu Iriana Jokowi tiba di Washington DC\n\nYouTube @indonesia.pusaka\nhttps://t.co/GsKbj3Ql15\n\n#presidenjokowi #\xe2\x80\xa6'

2022-05-15 07:07:29+00:00,b'RT @PakdeKoppig: Jokowi Effect: Harga Sawit Rekor Tertinggi Sepanjang Masa!\n#MinyakGoreng #CPO #sawit #Indonesia #G20 #G20Indonesia\nhttps:/\xe2\x80\xa6'

2022-05-15 06:14:49+00:00,b'Dapatkan tiketnya di:\n\xf0\x9f\x91\x89\xf0\x9f\x8f\xbbhttps://t.co/qvBvBcQKh1\xf0\x9f\x91\x88\xf0\x9f\x8f\xbb\n\nJangan sampai kelewatan ya!\xf0\x9f\x98\x89\n\n#G20Indonesia\n#PulihBersama\xe2\x80\xa6 https://t.co/gMIW4PQw84'

2022-05-15 03:31:02+00:00,b'RT @DidiekHadi: @NayDonuts @WajahPribumiii Sepertinya..\ndi Bali...\nSaat... #G20Indonesia\nAkan ada Keputusan dari  @g20org yang bisa lebih m\xe2\x80\xa6'

2022-05-15 01:30:54+00:00,b'RT @bank_indonesia: Acara ini jg jadi momentum memperkuat promosi produk UMKM lokal yg sejalan dg agenda inklusi keuangan pd Presidensi #G2\xe2\x80\xa6'

2022-05-15 00:21:20+00:00,b'3 potensi kekuatan Indonesia membangun kerja sama konkret dgn perusahaan besar Amerika Serikat;\nIndonesia berkemban\xe2\x80\xa6 https://t.co/XNs4DBUnEx'

2022-05-15 00:12:00+00:00,"b'Presiden Jokowi tegaskan pentingnya Implementasi Rencana Investasi usai bertemu Chairman dan CEO Air Products, Seif\xe2\x80\xa6 https://t.co/ExqT0HJ5kJ'"

2022-05-14 14:40:47+00:00,b'Menparekraf juga berpesan agar kedepannya kita bisa berkolaborasi membangun pariwisata berkelanjutan yang mengedepa\xe2\x80\xa6 https://t.co/4pkliNgan1'

2022-05-14 11:20:51+00:00,b'@NayDonuts @WajahPribumiii Sepertinya..\ndi Bali...\nSaat... #G20Indonesia\nAkan ada Keputusan dari  @g20org yang bisa\xe2\x80\xa6 https://t.co/nfSh54YltU'

2022-05-14 10:30:58+00:00,b'@POTUS Indonesia ...\n@jokowi \n#IndonesiaJuara \n#IndonesiaHebat\n#IndonesiaDamai\n@g20org \n@KemensetnegRI \n@setkabgoid\xe2\x80\xa6 https://t.co/Z2fs6hDnPl'

2022-05-14 10:14:36+00:00,b'@Syarman59 Ayo siapa yang takut..\n Amerika ?\nRusia ?\nKetemuan..\ndi Bali..\n#G20Indonesia \nHebatnya.. Bu @Menlu_RI da\xe2\x80\xa6 https://t.co/HuSfZOffHV'

2022-05-14 09:30:20+00:00,"b'RT @Indonesia_G20: Hal ini secara tidak langsung telah mendorong perubahan UKM dari konvensional ke digital. Dalam hal ini, peran teknologi\xe2\x80\xa6'"

2022-05-14 09:30:18+00:00,"b'RT @Indonesia_G20: Pandemi COVID-19 telah menurunkan daya beli masyarakat. Pasalnya, masyarakat telah mengurangi interaksi di luar ruangan\xe2\x80\xa6'"

2022-05-14 08:58:05+00:00,"b'Proporsi energi baru terbarukan (EBT) dalam pembangkit listrik di Indonesia baru berkisar 15%, atau  masih tertingg\xe2\x80\xa6 https://t.co/M2WsxBvIp4'"

2022-05-14 07:04:41+00:00,"b'RT @KemnakerRI: Main tebak-tebakan yuk, Rekanaker!\n\nApa 2 isu prioritas yang dibahas dalam Employment Working Group (EWG) Meeting\xc2\xa0#G20indon\xe2\x80\xa6'"

2022-05-14 06:01:22+00:00,"b'RT @Indonesia_G20: Selaras dengan tujuan B20 Indonesia (@b20) untuk meninggalkan warisan nyata yang tahan lama dan berkelanjutan, Women in\xe2\x80\xa6'"

2022-05-14 05:59:05+00:00,b'@KemnakerRI A dan C Jawaban nya min .\n#mainNaker\n#presidensiG20\n#G20Indonesia\n#EWGIndonesia'

2022-05-14 05:57:13+00:00,"b'RT @KemnakerRI: Main tebak-tebakan yuk, Rekanaker!\n\nApa 2 isu prioritas yang dibahas dalam Employment Working Group (EWG) Meeting\xc2\xa0#G20indon\xe2\x80\xa6'"

2022-05-14 04:27:45+00:00,"b'RT @humasjabar: Jadi, bagaimana wargi dapat membantu komunitas lokal dalam menghadapi tantangan pemulihan ekonomi dan sosial untuk semua?\xe2\x80\xa6'"

2022-05-14 04:23:02+00:00,"b'Jadi, bagaimana wargi dapat membantu komunitas lokal dalam menghadapi tantangan pemulihan ekonomi dan sosial untuk\xe2\x80\xa6 https://t.co/5mJsiKID4L'"

2022-05-14 03:45:05+00:00,"b'Jangan lewatkan Kuliah Umum ""Peran Aktif Indonesia dalam G20: Upaya Indonesia dalam Deeskalasi Konflik Rusia-Ukrain\xe2\x80\xa6 https://t.co/PAqB8cig6L'"

2022-05-14 03:42:55+00:00,"b'Main tebak-tebakan yuk, Rekanaker!\n\nApa 2 isu prioritas yang dibahas dalam Employment Working Group (EWG) Meeting\xc2\xa0\xe2\x80\xa6 https://t.co/sFThfkgRc5'"

2022-05-14 02:49:48+00:00,b'RT @Indonesia_G20: B20 Women in Business Action Council (WiBAC) menggelar Pertemuan Bilateral dengan Menteri Koperasi dan UKM Republik Indo\xe2\x80\xa6'

2022-05-14 02:45:11+00:00,b'Era Indonesia \xf0\x9f\x87\xae\xf0\x9f\x87\xa9 Berjalan Dengan Bangga dan Kepala Tegak Dihadapan Bangsa Lain dan tidak Tertunduk! Tapi TEGAK!\n\nIn\xe2\x80\xa6 https://t.co/FT5czN9kOn'

2022-05-14 01:27:12+00:00,b'RT @lps_idic: Ternyata ada hubungan dengan bonus demografi dalam beberapa tahun ke depan loh. \n\n#LPSIndonesia #AmanAdaLPS #LPSAmanAda3T #Sa\xe2\x80\xa6'

2022-05-14 00:15:34+00:00,b'@jokowi jika amerika adalah negara besara dan negara yang pro perdamaian maka amerika akan datang #G20Indonesia\xe2\x80\xa6 https://t.co/AVhQHgsgDs'

2022-05-13 19:05:49+00:00,"b'RT @KemenkeuRI: Masalah inklusi keuangan dan transformasi digital ini ternyata memang sangat penting, ya.\n\nMaka itu pula, topik ini jadi sa\xe2\x80\xa6'"

2022-05-13 15:23:29+00:00,b'RT @bank_indonesia: Acara ini jg jadi momentum memperkuat promosi produk UMKM lokal yg sejalan dg agenda inklusi keuangan pd Presidensi #G2\xe2\x80\xa6'

2022-05-13 14:10:45+00:00,b'Acara ini jg jadi momentum memperkuat promosi produk UMKM lokal yg sejalan dg agenda inklusi keuangan pd Presidensi\xe2\x80\xa6 https://t.co/7XLItDyoDo'

2022-05-13 13:23:08+00:00,"b'Hal ini secara tidak langsung telah mendorong perubahan UKM dari konvensional ke digital. Dalam hal ini, peran tekn\xe2\x80\xa6 https://t.co/Yw9S5R4wuQ'"

2022-05-13 13:23:08+00:00,"b'Pandemi COVID-19 telah menurunkan daya beli masyarakat. Pasalnya, masyarakat telah mengurangi interaksi di luar rua\xe2\x80\xa6 https://t.co/7XOtOKdu6q'"

2022-05-13 12:42:15+00:00,"b'RT @KATADATAcoid: Secara khusus, Presiden Jokowi mengundang Presiden AS Joe Biden untuk menghadiri Konferensi Tingkat Tinggi (KTT) G20 di B\xe2\x80\xa6'"

2022-05-13 12:37:38+00:00,b'RT @Indonesia_G20: One Global Women Empowerment (OGWE) merupakan sebuah platform yang dirancang untuk memungkinkan pengusaha perempuan didu\xe2\x80\xa6'

2022-05-13 12:37:32+00:00,b'RT @Indonesia_G20: B20 Women in Business Action Council (WiBAC) menggelar Pertemuan Bilateral dengan Menteri Koperasi dan UKM Republik Indo\xe2\x80\xa6'

2022-05-13 12:24:05+00:00,"b'Mangrove Forest Area Tahura Ngurah Rai, Telaga Waja, Benoa Bay, Nusa Dua, Bali. \n#RecoverTogetherRecoverStronger\xe2\x80\xa6 https://t.co/EIZPb3c4tq'"

2022-05-13 12:20:10+00:00,"b'Halo #SobatKom!\nIndonesia resmi memegang Presidensi G20 selama satu tahun penuh, artinya akan banyak manfaat serta\xe2\x80\xa6 https://t.co/XoXxNcEYNR'"

2022-05-13 11:38:14+00:00,b'RT @Indonesia_G20: One Global Women Empowerment (OGWE) merupakan sebuah platform yang dirancang untuk memungkinkan pengusaha perempuan didu\xe2\x80\xa6'

2022-05-13 11:38:11+00:00,"b'RT @Indonesia_G20: Selaras dengan tujuan B20 Indonesia (@b20) untuk meninggalkan warisan nyata yang tahan lama dan berkelanjutan, Women in\xe2\x80\xa6'"

2022-05-13 11:38:07+00:00,b'RT @Indonesia_G20: B20 Women in Business Action Council (WiBAC) menggelar Pertemuan Bilateral dengan Menteri Koperasi dan UKM Republik Indo\xe2\x80\xa6'

2022-05-13 11:37:57+00:00,b'RT @Indonesia_G20: Penggunaan kendaraan listrik ini juga merupakan salah satu strategi untuk mencapai target Indonesia menurunkan emisi seb\xe2\x80\xa6'

2022-05-13 11:37:55+00:00,"b'RT @Indonesia_G20: Salah satu upaya transisi energi telah diterapkan dalam gelaran G20, yaitu dengan penggunaan kendaraan listrik yang rama\xe2\x80\xa6'"

2022-05-13 11:37:53+00:00,b'RT @Indonesia_G20: Terlebih lagi sektor energi merupakan kontributor perubahan iklim paling dominan yang menyumbang hampir 90% dari emisi C\xe2\x80\xa6'

2022-05-13 11:37:50+00:00,b'RT @Indonesia_G20: Transisi energi berkelanjutan merupakan salah satu isu prioritas yang diangkat pada forum Presidensi G20 Indonesia. Foru\xe2\x80\xa6'

2022-05-13 11:37:41+00:00,b'RT @Indonesia_G20: Yuk! Simak video berikut untuk tau lebih lanjut mengenai Pasar Ekologis Argowijil Yogyakarta.\nhttps://t.co/n2hSClejP4\xe2\x80\xa6'

2022-05-13 11:37:39+00:00,b'RT @Indonesia_G20: Pembentukan pasar ekologis ini diinisiasi oleh @KementerianLHK melalui @DitjenPPKL untuk memulihkan lokasi bekas tambang\xe2\x80\xa6'

2022-05-13 11:37:37+00:00,b'RT @Indonesia_G20: Pasar Ekologi Argowijil merupakan pasar tradisional yang memegang prinsip pengendalian pembangunan sektor pertambangan d\xe2\x80\xa6'

2022-05-13 10:39:52+00:00,"b'RT @Speedtrap_: Keberanian Presiden @jokowi tolak intervensi US &amp; tetap undang Rusia &amp; Ukraina di #G20Indonesia\n jadi Sorotan Media Dunia,\xe2\x80\xa6'"

2022-05-13 10:35:06+00:00,b'Persidangan Pertama Permohonan Pergantian Perwalian dan Relokasi Ketiga Anak Almh. Farah Rasyid Munif ke Tanah Air.\xe2\x80\xa6 https://t.co/esw1rNRzJt'

2022-05-13 10:24:22+00:00,"b'Masalah inklusi keuangan dan transformasi digital ini ternyata memang sangat penting, ya.\n\nMaka itu pula, topik ini\xe2\x80\xa6 https://t.co/RxHw9qEFMb'"

2022-05-13 09:57:32+00:00,"b'Secara khusus, Presiden Jokowi mengundang Presiden AS Joe Biden untuk menghadiri Konferensi Tingkat Tinggi (KTT) G2\xe2\x80\xa6 https://t.co/GecNzhI5sW'"

2022-05-13 09:48:25+00:00,"b'Rumah Tahanan Negara Kelas IIB Majene mengucapkan\nSelamat memperingati Hari Pendidikan Nasional Tahun 2022\n\n""Pimpin\xe2\x80\xa6 https://t.co/nA8Du0JwcX'"

2022-05-13 09:47:19+00:00,b'HARDIKNAS 2022\nRUTAN JENEPONTO GELAR UPACARA BENDERA PERINGATI HARI PENDIDIKAN NASIONAL \n\nSelengkapnya baca di...\xe2\x80\xa6 https://t.co/smwTBnWAnk'

