"b'Harga minyak dunia melonjak pada Selasa (1/3), dengan minyak mentah AS mencapai level tertinggi sejak Juni 2014 kar\xe2\x80\xa6 https://t.co/e3nHzH8Rto'"
"b'Menlu Retno Marsudi mengungkapkan, 13 WNI di Ukraina belum berhasil dievakuasi, karena pertempuran darat yang masih\xe2\x80\xa6 https://t.co/qJmuYqQjmH'"
b'Perang Ukraina berbuah pahit bagi pemimpin Rusia dan seluruh rakyatnya. Apa saja sanksi yang diterima Rusia?\n\nSelen\xe2\x80\xa6 https://t.co/w2Rbo4B4xm'
b'Ekonomi Rusia Terguncang https://t.co/yiwDAKJJiT #AmerikaSerikat #rusia'
b'Helikopter milik #Rusia yang memiliki operasi khusus melindungi pasukan #DPR (Republik Rakyat Donetsk) dan #LPR (Re\xe2\x80\xa6 https://t.co/DWYwehaJjg'
b'Pemerintah #Ukraina  dan organisasi non-pemerintahan di negara tersebut mendapat sumbangan dalam bentuk\xe2\x80\xa6 https://t.co/5FeX0ur18g'
"b'Membacakan Puisi Tentang Kematian Berbahasa Persia, Tentara Ukraina Mendapatkan Banyak Dukungan di Media Sosial dar\xe2\x80\xa6 https://t.co/IZ5TIhYSAR'"
"b'RT @DoxTimes: #BREAKING Militer Rusia mengklaim telah menguasai Kherson, sebuah kota di Ukraina selatan.\n\n#Russia #Rusia #Ukraina #Ukraine\xe2\x80\xa6'"
"b'#BREAKING Militer Rusia mengklaim telah menguasai Kherson, sebuah kota di Ukraina selatan.\n\n#Russia #Rusia #Ukraina\xe2\x80\xa6 https://t.co/qcYVnscHrw'"
"b'Daerah perumahan di #Irpin pinggiran kota #Kyiv #Ukraina, setelah serangan rudal #Rusia https://t.co/HS44SbPoxm'"
b'Ketika istri putin meminta batalkan perang.. \n#rusiavsukraina\n#rusia\n#ukraina\n#vladimirputin https://t.co/f02cTdqYP1'
b'RT @sultan_balfas: Diplomat Barat meninggalkan sesi Dewan Hak Asasi Manusia saat Menteri Luar Negeri #Rusia Sergey Lavrov memulai pidatonya\xe2\x80\xa6'
"b'Gedung yang tampaknya di gunakan sebagai barak militer #Ukraina di #Kharkov, dihancurkan oleh serangan #Rusia https://t.co/1RTjz9bMQc'"
"b'RT @DoxTimes: #BREAKING Video menunjukkan api besar membakar gedung departemen kepolisian regional di Kharkiv, Ukraina setelah serangan Rus\xe2\x80\xa6'"
b'Tempat pelatihan artileri #Ukraina di #Sumy dihancurkan atas serangan #Rusia https://t.co/lDzcSI9ABu'
b'RT @NasDem: Banyak dampak negatif yang terjadi akibat terjadinya perang. Perang antara Rusia dan Ukraina juga memberikan imbas yang tidak b\xe2\x80\xa6'
b'Invasi Rusia - Ukraina akankah menyulut Perang Dunia Ke III? Simak ulasannya bersama @connierahakundinibakrie di\xe2\x80\xa6 https://t.co/mSjNkXFtSs'
b'RT @NasDem: Banyak dampak negatif yang terjadi akibat terjadinya perang. Perang antara Rusia dan Ukraina juga memberikan imbas yang tidak b\xe2\x80\xa6'
"b'Kedekatan yang harmonis, hati2 dengan sandiwara mereka, kita jangan pernah terkecoh.\n\n#putin #nato #rusia #ukraine\xe2\x80\xa6 https://t.co/uaBvUfu2XM'"
b'RT @tribunkaltim: Nestapa Pasien Rumah Sakit Ukraina Berlindung dari Gempuran Rusia\n\nSelengkapnya: https://t.co/aoYrtvS8bT\n\n #rusia #ukrain\xe2\x80\xa6'
b'Nestapa Pasien Rumah Sakit Ukraina Berlindung dari Gempuran Rusia\n\nSelengkapnya: https://t.co/aoYrtvS8bT\n\n #rusia\xe2\x80\xa6 https://t.co/Nm3K3tNoci'
"b'Anggota Dewan Inggris, Chris Bryant, mengklaim bahwa pemilik Chelsea Roman Abramovich ""ketakutan kena sanksi"" dan s\xe2\x80\xa6 https://t.co/nJCdkk4i8g'"
b'Berita selengkapnya kunjungi https://t.co/9RyChZlbLD\n#VDVCNews #Ukraina #VolodymyrZelensky #Rusia #VladimirPutin\xe2\x80\xa6 https://t.co/9bc1miUjXo'
b'Syarat-syarat tersebut diutarakan Putin saat melakukan panggilan telfon dengan Presiden Prancis Emmanuel Macron pad\xe2\x80\xa6 https://t.co/XrXbRUgj1F'
"b'Beri sinyal akhiri invasi Rusia ke Ukraina, Presiden Rusia, Vladimir Putin ajukan beberapa syarat.\n\n#VDVCNews\xe2\x80\xa6 https://t.co/6b97Kkj0xM'"
"b'Rusia harus menang, minimal Donbass dy kuasai seutuhnya... #Donbass #Rusia #Ukraina'"
"b'Serangan rudal Rusia menargetkan bandara Shukov di Ukraina, di mana markas besar Brigade Penerbangan Pelatihan ke-2\xe2\x80\xa6 https://t.co/vv1oeA4Z9A'"
"b'RT @DoxTimes: #BREAKING Video menunjukkan api besar membakar gedung departemen kepolisian regional di Kharkiv, Ukraina setelah serangan Rus\xe2\x80\xa6'"
"b'#BREAKING Video menunjukkan api besar membakar gedung departemen kepolisian regional di Kharkiv, Ukraina setelah se\xe2\x80\xa6 https://t.co/sh43LonTlR'"
b'Gelanggang telah tertutup bagi atlet #Rusia dan #Belarusia untuk berkompetisi di even #olahraga internasional\xe2\x80\xa6 https://t.co/6sWsLzIHwG'
b'Gavin Wood menderma $5.8 juta kepada Ukraine\nUntuk maklumat lanjut : https://t.co/rF8WrG5T6m\n#kripto #Rusia\xe2\x80\xa6 https://t.co/vyTZg5TN9u'
b'#MetaPlatforms secara global menghapus postingan #Facebook dan #Instagram media pemerintah #Rusia\xe2\x80\xa6 https://t.co/qsJhy2HbDU'
"b'Citra satelit menunjukkan ekor pesawat Antonov An-225 Mriya utuh. Besar kemungkinan, pesawat terbesar di dunia ters\xe2\x80\xa6 https://t.co/4Q3YIXwcYt'"
"b""#TikTok #War: Ketika #GenZ 'memainkan' #invasi #Rusia ke #Ukraina https://t.co/3nucZjLYo2 #UcraniaBajoFuego #Ucraina #ucraine #Ucrainarussia"""
"b'Lagi butuh karyawan yang niat kerja dengan gapok 3.750.000, bonus bulanan, THR, angpao Imlek. #popo #rusia #loker #Maret'"
"b""#Rusia menolak istilah '#invasi', stasiun radio liberal Rusia #EkhoMoskvy dihentikan siarannya\xe2\x80\xa6 https://t.co/Qa5WNR4TXB"""
"b'Serang Ukraine: Rusia tersilap percaturan?\n\n\xe2\x80\x9cEnam hari lalu, Vladimir Putin berusaha untuk menggoncang dunia tetapi\xe2\x80\xa6 https://t.co/S96RS11npG'"
b'RT @sultan_balfas: Diplomat Barat meninggalkan sesi Dewan Hak Asasi Manusia saat Menteri Luar Negeri #Rusia Sergey Lavrov memulai pidatonya\xe2\x80\xa6'
"b'Imbas Invasi pada Ukraina, BWF Jatuhkan Sanksi kepada Rusia dan Belarusia\n\n#badminton #invasi #ukraina #ukraine\xe2\x80\xa6 https://t.co/73ZP1krMCL'"
b'World Taekwondo memutuskan untuk menarik sabuk hitam dan kehormatan ke-9 yang dianugerahkan kepada Presiden Rusia V\xe2\x80\xa6 https://t.co/nyAf5iClI9'
b'Rusia meledakkan bom di Menara TV ibukota Ukraina dalam sebuah invasi sudah berlangsung selama 6 hari.\n#rusia\xe2\x80\xa6 https://t.co/Q58cOPtoV7'
b'\xf0\x9f\x8c\x8d #INTERNACIONAL\n\nRusia ataca Kiev \n#Ucrania #Rusia #GuerraenUcrania https://t.co/K5YC9C9jds'
b'RT @sultan_balfas: Eksodus massal mahasiswa asing dari #Kharkiv setelah malam teror\n\n #Ukraina #Rusia #Mujahid_Update #Donbass #Kiev\n\nBerga\xe2\x80\xa6'
b'Eksodus massal mahasiswa asing dari #Kharkiv setelah malam teror\n\n #Ukraina #Rusia #Mujahid_Update #Donbass #Kiev\xe2\x80\xa6 https://t.co/huwaOMnyco'
"b""\xf0\x9f\x87\xba\xf0\x9f\x87\xa6\xf0\x9f\x87\xba\xf0\x9f\x87\xa6\xf0\x9f\x87\xba\xf0\x9f\x87\xa6\xf0\x9f\x87\xba\xf0\x9f\x87\xa6\n\xf0\x9f\x87\xba\xf0\x9f\x87\xa6I'm a Ukrainian girl, please help us, even if it's even 1$ \xf0\x9f\x87\xba\xf0\x9f\x87\xa6\n\xf0\x9f\x99\x8fPlease RT\xf0\x9f\x99\x8f\nBTC:\nbc1qdkeflhvh9h4d38kwfpgp3\xe2\x80\xa6 https://t.co/FejZT0vCwQ"""
b'Diplomat Barat meninggalkan sesi Dewan Hak Asasi Manusia saat Menteri Luar Negeri #Rusia Sergey Lavrov memulai pida\xe2\x80\xa6 https://t.co/wlihakawa5'
"b'@UEFA @UEFAcom @FIFAcom Ketika #FIFA hanya menghukum #Rusia, namun tak ada tindakan hukum atas negara seperti #AS &amp;\xe2\x80\xa6 https://t.co/8FsCu1RpeS'"
"b'RT @DoxTimes: #BREAKING Google telah memblokir saluran RT, Sputnik dari Play app store di Eropa.\n\n#Russia #Rusia #Ukraina #Ukraine #RussiaU\xe2\x80\xa6'"
"b'#BREAKING Google telah memblokir saluran RT, Sputnik dari Play app store di Eropa.\n\n#Russia #Rusia #Ukraina\xe2\x80\xa6 https://t.co/q1Y6ZjyJ5G'"
b'Hari ini Ada ledakan kuat di Sumy.  Ada pertempuran jalanan di kota sekarang. #ukraine #Rusia https://t.co/X0VZcGfEW0'
"b'RT @voaindonesia: Sejumlah demonstran #Rusia menyuarakan rasa malu, kesedihan dan rasa putus asa sekaligus memohonkan maaf yang tulus kepad\xe2\x80\xa6'"
"b'@UEFA @UEFA_Foundation @FIFAcom Ketika #FIFA hanya menghukum #Rusia, namun tak ada tindakan hukum atas negara seper\xe2\x80\xa6 https://t.co/rG1z5CEaaQ'"
"b'Bangsa Eropa hanya memanusiakan bangsanya sendiri. How about Palestina ?? How about Irak, Syria , Afganistan ?\xe2\x80\xa6 https://t.co/8UecJj04Gi'"
"b'Rusia Tembakan Rudal di Kota Kharkiv, Gedung Pemerintahan Utama Hancur Total &amp; 10 Orang Tewas\n#BeritaTerkini\xe2\x80\xa6 https://t.co/FopggXxM66'"
b'BWF Sanksi Larangan Berkompetisi Bagi Atlet Rusia Mulai dari Jerman Open 2022\n#BWF #rusia #ukraina\xe2\x80\xa6 https://t.co/bhaODYLE6h'
b'#Indonesia : Keadaan di #Rusia semakin memburuk dengan cepat. Banyak temanku meninggalkan negaranya. Kartu kredit m\xe2\x80\xa6 https://t.co/Mtmw4w5ibw'
b'RT @NasDem: Banyak dampak negatif yang terjadi akibat terjadinya perang. Perang antara Rusia dan Ukraina juga memberikan imbas yang tidak b\xe2\x80\xa6'
"b'RT @DoxTimes: #BREAKING Kebakaran besar terjadi setelah terdengar ledakan di pusat Kharkiv, Ukraina.\n\n#Ukraina #Ukraine #Russia #Rusia http\xe2\x80\xa6'"
"b'#BREAKING Kebakaran besar terjadi setelah terdengar ledakan di pusat Kharkiv, Ukraina.\n\n#Ukraina #Ukraine #Russia\xe2\x80\xa6 https://t.co/GYRXS08s3Q'"
"b'Rusia Peringatkan Warga Kyiv untuk Tinggalkan Kota, Invasi Militer Besar-besaran Segera Dimulai\n#BeritaTerkini\xe2\x80\xa6 https://t.co/ePlzAh9tfX'"
b'luar biasa sekali para suara-suara wise people ini #rusia'
"b'RT @kompascom: Sebelum Rusia menginvasi Ukraina, intelijen AS memperkirakan bahwa Moskwa akan dengan cepat mengerahkan kekuatan udaranya ya\xe2\x80\xa6'"
"b'RT @kompascom: Sebelum Rusia menginvasi Ukraina, intelijen AS memperkirakan bahwa Moskwa akan dengan cepat mengerahkan kekuatan udaranya ya\xe2\x80\xa6'"
b'#Indonesia : Pasukan #Rusia terus merampok toko-toko #Ukraina https://t.co/ALIOTdR17a'
"b'Sebelum Rusia menginvasi Ukraina, intelijen AS memperkirakan bahwa Moskwa akan dengan cepat mengerahkan kekuatan ud\xe2\x80\xa6 https://t.co/2bMALZlvTy'"
b'Rusia terus gempur #Ukraina dan hancurkan menara TV hingga klinik ibu dan anak. Presiden Ukraina Volodymyr Zelensky\xe2\x80\xa6 https://t.co/8oz0BoCEbr'
b'RT @voidotid: Perang #Ukraina #Rusia sesungguhnya bukan hanya soal peluru. Tapi soal siapa memenangkan opini. https://t.co/ogFBz3xFkB'
b'Data PBB Melaporkan 13 Anak Tewas Sejak Invasi Rusia Ke Ukraina \xf0\x9f\x98\xad\n\nLink &gt;&gt; https://t.co/GMjJfjlfCD \n\n#Rusia\xe2\x80\xa6 https://t.co/OdrKUj4pYt'
"b'#Indonesia : 4:00 WET Jalan tol Kipti-Bachivsk, juga dikenal sebagai tol Kyiv-Moskow, kini sepenuhnya dibawah pengu\xe2\x80\xa6 https://t.co/DDmiawBU69'"
b'Perang #Ukraina #Rusia sesungguhnya bukan hanya soal peluru. Tapi soal siapa memenangkan opini. https://t.co/ogFBz3xFkB'
b'Rusia Rilis Video Pengerahan Pasukan Helikopter Serang Ukraina\n\nhttps://t.co/r9yaLMm8d8\n\n#rusia #ukraina #militer\xe2\x80\xa6 https://t.co/6dzzJlG0gy'
"b'Haloo @Christofel_ID \xf0\x9f\x98\x83\xf0\x9f\x91\x8b Selamat membaca!\n""\xf0\x9f\x9a\xa8\xf0\x9f\x87\xb3\xf0\x9f\x87\xb1\xe2\x9a\xa1\xef\xb8\x8f\xf0\x9f\x87\xba\xf0\x9f\x87\xa6 Utas\n=======\n.\n.\n.\n.\n.\n.\nBagaimana @JoeBiden\xf0\x9f\x87\xba\xf0\x9f\x87\xb8 memberdayakan keja\xe2\x80\xa6 https://t.co/s3pk43hKLR'"
b'Facebook dan Instagram Hapus Unggahan Dari Media Pemerintah Rusia #LeadersAreReaders #Facebook #Instagram #Rusia \n\nhttps://t.co/NEZABhtK1R'
"b'Harga minyak dunia melonjak pada Selasa (1/3), dengan minyak mentah AS mencapai level tertinggi sejak Juni 2014 kar\xe2\x80\xa6 https://t.co/e3nHzH8Rto'"
"b'Menlu Retno Marsudi mengungkapkan, 13 WNI di Ukraina belum berhasil dievakuasi, karena pertempuran darat yang masih\xe2\x80\xa6 https://t.co/qJmuYqQjmH'"
b'Perang Ukraina berbuah pahit bagi pemimpin Rusia dan seluruh rakyatnya. Apa saja sanksi yang diterima Rusia?\n\nSelen\xe2\x80\xa6 https://t.co/w2Rbo4B4xm'
b'Ekonomi Rusia Terguncang https://t.co/yiwDAKJJiT #AmerikaSerikat #rusia'
b'Helikopter milik #Rusia yang memiliki operasi khusus melindungi pasukan #DPR (Republik Rakyat Donetsk) dan #LPR (Re\xe2\x80\xa6 https://t.co/DWYwehaJjg'
b'Pemerintah #Ukraina  dan organisasi non-pemerintahan di negara tersebut mendapat sumbangan dalam bentuk\xe2\x80\xa6 https://t.co/5FeX0ur18g'
"b'Membacakan Puisi Tentang Kematian Berbahasa Persia, Tentara Ukraina Mendapatkan Banyak Dukungan di Media Sosial dar\xe2\x80\xa6 https://t.co/IZ5TIhYSAR'"
"b'RT @DoxTimes: #BREAKING Militer Rusia mengklaim telah menguasai Kherson, sebuah kota di Ukraina selatan.\n\n#Russia #Rusia #Ukraina #Ukraine\xe2\x80\xa6'"
"b'#BREAKING Militer Rusia mengklaim telah menguasai Kherson, sebuah kota di Ukraina selatan.\n\n#Russia #Rusia #Ukraina\xe2\x80\xa6 https://t.co/qcYVnscHrw'"
"b'Daerah perumahan di #Irpin pinggiran kota #Kyiv #Ukraina, setelah serangan rudal #Rusia https://t.co/HS44SbPoxm'"
b'Ketika istri putin meminta batalkan perang.. \n#rusiavsukraina\n#rusia\n#ukraina\n#vladimirputin https://t.co/f02cTdqYP1'
b'RT @sultan_balfas: Diplomat Barat meninggalkan sesi Dewan Hak Asasi Manusia saat Menteri Luar Negeri #Rusia Sergey Lavrov memulai pidatonya\xe2\x80\xa6'
"b'Gedung yang tampaknya di gunakan sebagai barak militer #Ukraina di #Kharkov, dihancurkan oleh serangan #Rusia https://t.co/1RTjz9bMQc'"
"b'RT @DoxTimes: #BREAKING Video menunjukkan api besar membakar gedung departemen kepolisian regional di Kharkiv, Ukraina setelah serangan Rus\xe2\x80\xa6'"
b'Tempat pelatihan artileri #Ukraina di #Sumy dihancurkan atas serangan #Rusia https://t.co/lDzcSI9ABu'
b'RT @NasDem: Banyak dampak negatif yang terjadi akibat terjadinya perang. Perang antara Rusia dan Ukraina juga memberikan imbas yang tidak b\xe2\x80\xa6'
b'Invasi Rusia - Ukraina akankah menyulut Perang Dunia Ke III? Simak ulasannya bersama @connierahakundinibakrie di\xe2\x80\xa6 https://t.co/mSjNkXFtSs'
b'RT @NasDem: Banyak dampak negatif yang terjadi akibat terjadinya perang. Perang antara Rusia dan Ukraina juga memberikan imbas yang tidak b\xe2\x80\xa6'
"b'Kedekatan yang harmonis, hati2 dengan sandiwara mereka, kita jangan pernah terkecoh.\n\n#putin #nato #rusia #ukraine\xe2\x80\xa6 https://t.co/uaBvUfu2XM'"
b'RT @tribunkaltim: Nestapa Pasien Rumah Sakit Ukraina Berlindung dari Gempuran Rusia\n\nSelengkapnya: https://t.co/aoYrtvS8bT\n\n #rusia #ukrain\xe2\x80\xa6'
b'Nestapa Pasien Rumah Sakit Ukraina Berlindung dari Gempuran Rusia\n\nSelengkapnya: https://t.co/aoYrtvS8bT\n\n #rusia\xe2\x80\xa6 https://t.co/Nm3K3tNoci'
"b'Anggota Dewan Inggris, Chris Bryant, mengklaim bahwa pemilik Chelsea Roman Abramovich ""ketakutan kena sanksi"" dan s\xe2\x80\xa6 https://t.co/nJCdkk4i8g'"
b'Berita selengkapnya kunjungi https://t.co/9RyChZlbLD\n#VDVCNews #Ukraina #VolodymyrZelensky #Rusia #VladimirPutin\xe2\x80\xa6 https://t.co/9bc1miUjXo'
b'Syarat-syarat tersebut diutarakan Putin saat melakukan panggilan telfon dengan Presiden Prancis Emmanuel Macron pad\xe2\x80\xa6 https://t.co/XrXbRUgj1F'
"b'Beri sinyal akhiri invasi Rusia ke Ukraina, Presiden Rusia, Vladimir Putin ajukan beberapa syarat.\n\n#VDVCNews\xe2\x80\xa6 https://t.co/6b97Kkj0xM'"
"b'Rusia harus menang, minimal Donbass dy kuasai seutuhnya... #Donbass #Rusia #Ukraina'"
"b'Serangan rudal Rusia menargetkan bandara Shukov di Ukraina, di mana markas besar Brigade Penerbangan Pelatihan ke-2\xe2\x80\xa6 https://t.co/vv1oeA4Z9A'"
"b'RT @DoxTimes: #BREAKING Video menunjukkan api besar membakar gedung departemen kepolisian regional di Kharkiv, Ukraina setelah serangan Rus\xe2\x80\xa6'"
"b'#BREAKING Video menunjukkan api besar membakar gedung departemen kepolisian regional di Kharkiv, Ukraina setelah se\xe2\x80\xa6 https://t.co/sh43LonTlR'"
b'Gelanggang telah tertutup bagi atlet #Rusia dan #Belarusia untuk berkompetisi di even #olahraga internasional\xe2\x80\xa6 https://t.co/6sWsLzIHwG'
b'Gavin Wood menderma $5.8 juta kepada Ukraine\nUntuk maklumat lanjut : https://t.co/rF8WrG5T6m\n#kripto #Rusia\xe2\x80\xa6 https://t.co/vyTZg5TN9u'
b'#MetaPlatforms secara global menghapus postingan #Facebook dan #Instagram media pemerintah #Rusia\xe2\x80\xa6 https://t.co/qsJhy2HbDU'
"b'Citra satelit menunjukkan ekor pesawat Antonov An-225 Mriya utuh. Besar kemungkinan, pesawat terbesar di dunia ters\xe2\x80\xa6 https://t.co/4Q3YIXwcYt'"
"b""#TikTok #War: Ketika #GenZ 'memainkan' #invasi #Rusia ke #Ukraina https://t.co/3nucZjLYo2 #UcraniaBajoFuego #Ucraina #ucraine #Ucrainarussia"""
"b'Lagi butuh karyawan yang niat kerja dengan gapok 3.750.000, bonus bulanan, THR, angpao Imlek. #popo #rusia #loker #Maret'"
"b""#Rusia menolak istilah '#invasi', stasiun radio liberal Rusia #EkhoMoskvy dihentikan siarannya\xe2\x80\xa6 https://t.co/Qa5WNR4TXB"""
"b'Serang Ukraine: Rusia tersilap percaturan?\n\n\xe2\x80\x9cEnam hari lalu, Vladimir Putin berusaha untuk menggoncang dunia tetapi\xe2\x80\xa6 https://t.co/S96RS11npG'"
b'RT @sultan_balfas: Diplomat Barat meninggalkan sesi Dewan Hak Asasi Manusia saat Menteri Luar Negeri #Rusia Sergey Lavrov memulai pidatonya\xe2\x80\xa6'
"b'Imbas Invasi pada Ukraina, BWF Jatuhkan Sanksi kepada Rusia dan Belarusia\n\n#badminton #invasi #ukraina #ukraine\xe2\x80\xa6 https://t.co/73ZP1krMCL'"
b'World Taekwondo memutuskan untuk menarik sabuk hitam dan kehormatan ke-9 yang dianugerahkan kepada Presiden Rusia V\xe2\x80\xa6 https://t.co/nyAf5iClI9'
b'Rusia meledakkan bom di Menara TV ibukota Ukraina dalam sebuah invasi sudah berlangsung selama 6 hari.\n#rusia\xe2\x80\xa6 https://t.co/Q58cOPtoV7'
b'\xf0\x9f\x8c\x8d #INTERNACIONAL\n\nRusia ataca Kiev \n#Ucrania #Rusia #GuerraenUcrania https://t.co/K5YC9C9jds'
b'RT @sultan_balfas: Eksodus massal mahasiswa asing dari #Kharkiv setelah malam teror\n\n #Ukraina #Rusia #Mujahid_Update #Donbass #Kiev\n\nBerga\xe2\x80\xa6'
b'Eksodus massal mahasiswa asing dari #Kharkiv setelah malam teror\n\n #Ukraina #Rusia #Mujahid_Update #Donbass #Kiev\xe2\x80\xa6 https://t.co/huwaOMnyco'
"b""\xf0\x9f\x87\xba\xf0\x9f\x87\xa6\xf0\x9f\x87\xba\xf0\x9f\x87\xa6\xf0\x9f\x87\xba\xf0\x9f\x87\xa6\xf0\x9f\x87\xba\xf0\x9f\x87\xa6\n\xf0\x9f\x87\xba\xf0\x9f\x87\xa6I'm a Ukrainian girl, please help us, even if it's even 1$ \xf0\x9f\x87\xba\xf0\x9f\x87\xa6\n\xf0\x9f\x99\x8fPlease RT\xf0\x9f\x99\x8f\nBTC:\nbc1qdkeflhvh9h4d38kwfpgp3\xe2\x80\xa6 https://t.co/FejZT0vCwQ"""
b'Diplomat Barat meninggalkan sesi Dewan Hak Asasi Manusia saat Menteri Luar Negeri #Rusia Sergey Lavrov memulai pida\xe2\x80\xa6 https://t.co/wlihakawa5'
"b'@UEFA @UEFAcom @FIFAcom Ketika #FIFA hanya menghukum #Rusia, namun tak ada tindakan hukum atas negara seperti #AS &amp;\xe2\x80\xa6 https://t.co/8FsCu1RpeS'"
"b'RT @DoxTimes: #BREAKING Google telah memblokir saluran RT, Sputnik dari Play app store di Eropa.\n\n#Russia #Rusia #Ukraina #Ukraine #RussiaU\xe2\x80\xa6'"
"b'#BREAKING Google telah memblokir saluran RT, Sputnik dari Play app store di Eropa.\n\n#Russia #Rusia #Ukraina\xe2\x80\xa6 https://t.co/q1Y6ZjyJ5G'"
b'Hari ini Ada ledakan kuat di Sumy.  Ada pertempuran jalanan di kota sekarang. #ukraine #Rusia https://t.co/X0VZcGfEW0'
"b'RT @voaindonesia: Sejumlah demonstran #Rusia menyuarakan rasa malu, kesedihan dan rasa putus asa sekaligus memohonkan maaf yang tulus kepad\xe2\x80\xa6'"
"b'@UEFA @UEFA_Foundation @FIFAcom Ketika #FIFA hanya menghukum #Rusia, namun tak ada tindakan hukum atas negara seper\xe2\x80\xa6 https://t.co/rG1z5CEaaQ'"
"b'Bangsa Eropa hanya memanusiakan bangsanya sendiri. How about Palestina ?? How about Irak, Syria , Afganistan ?\xe2\x80\xa6 https://t.co/8UecJj04Gi'"
"b'Rusia Tembakan Rudal di Kota Kharkiv, Gedung Pemerintahan Utama Hancur Total &amp; 10 Orang Tewas\n#BeritaTerkini\xe2\x80\xa6 https://t.co/FopggXxM66'"
b'BWF Sanksi Larangan Berkompetisi Bagi Atlet Rusia Mulai dari Jerman Open 2022\n#BWF #rusia #ukraina\xe2\x80\xa6 https://t.co/bhaODYLE6h'
b'#Indonesia : Keadaan di #Rusia semakin memburuk dengan cepat. Banyak temanku meninggalkan negaranya. Kartu kredit m\xe2\x80\xa6 https://t.co/Mtmw4w5ibw'
b'RT @NasDem: Banyak dampak negatif yang terjadi akibat terjadinya perang. Perang antara Rusia dan Ukraina juga memberikan imbas yang tidak b\xe2\x80\xa6'
"b'RT @DoxTimes: #BREAKING Kebakaran besar terjadi setelah terdengar ledakan di pusat Kharkiv, Ukraina.\n\n#Ukraina #Ukraine #Russia #Rusia http\xe2\x80\xa6'"
"b'#BREAKING Kebakaran besar terjadi setelah terdengar ledakan di pusat Kharkiv, Ukraina.\n\n#Ukraina #Ukraine #Russia\xe2\x80\xa6 https://t.co/GYRXS08s3Q'"
"b'Rusia Peringatkan Warga Kyiv untuk Tinggalkan Kota, Invasi Militer Besar-besaran Segera Dimulai\n#BeritaTerkini\xe2\x80\xa6 https://t.co/ePlzAh9tfX'"
b'luar biasa sekali para suara-suara wise people ini #rusia'
"b'RT @kompascom: Sebelum Rusia menginvasi Ukraina, intelijen AS memperkirakan bahwa Moskwa akan dengan cepat mengerahkan kekuatan udaranya ya\xe2\x80\xa6'"
"b'RT @kompascom: Sebelum Rusia menginvasi Ukraina, intelijen AS memperkirakan bahwa Moskwa akan dengan cepat mengerahkan kekuatan udaranya ya\xe2\x80\xa6'"
b'#Indonesia : Pasukan #Rusia terus merampok toko-toko #Ukraina https://t.co/ALIOTdR17a'
"b'Sebelum Rusia menginvasi Ukraina, intelijen AS memperkirakan bahwa Moskwa akan dengan cepat mengerahkan kekuatan ud\xe2\x80\xa6 https://t.co/2bMALZlvTy'"
b'Rusia terus gempur #Ukraina dan hancurkan menara TV hingga klinik ibu dan anak. Presiden Ukraina Volodymyr Zelensky\xe2\x80\xa6 https://t.co/8oz0BoCEbr'
b'RT @voidotid: Perang #Ukraina #Rusia sesungguhnya bukan hanya soal peluru. Tapi soal siapa memenangkan opini. https://t.co/ogFBz3xFkB'
b'Data PBB Melaporkan 13 Anak Tewas Sejak Invasi Rusia Ke Ukraina \xf0\x9f\x98\xad\n\nLink &gt;&gt; https://t.co/GMjJfjlfCD \n\n#Rusia\xe2\x80\xa6 https://t.co/OdrKUj4pYt'
"b'#Indonesia : 4:00 WET Jalan tol Kipti-Bachivsk, juga dikenal sebagai tol Kyiv-Moskow, kini sepenuhnya dibawah pengu\xe2\x80\xa6 https://t.co/DDmiawBU69'"
b'Perang #Ukraina #Rusia sesungguhnya bukan hanya soal peluru. Tapi soal siapa memenangkan opini. https://t.co/ogFBz3xFkB'
b'Rusia Rilis Video Pengerahan Pasukan Helikopter Serang Ukraina\n\nhttps://t.co/r9yaLMm8d8\n\n#rusia #ukraina #militer\xe2\x80\xa6 https://t.co/6dzzJlG0gy'
"b'Haloo @Christofel_ID \xf0\x9f\x98\x83\xf0\x9f\x91\x8b Selamat membaca!\n""\xf0\x9f\x9a\xa8\xf0\x9f\x87\xb3\xf0\x9f\x87\xb1\xe2\x9a\xa1\xef\xb8\x8f\xf0\x9f\x87\xba\xf0\x9f\x87\xa6 Utas\n=======\n.\n.\n.\n.\n.\n.\nBagaimana @JoeBiden\xf0\x9f\x87\xba\xf0\x9f\x87\xb8 memberdayakan keja\xe2\x80\xa6 https://t.co/s3pk43hKLR'"
b'Facebook dan Instagram Hapus Unggahan Dari Media Pemerintah Rusia #LeadersAreReaders #Facebook #Instagram #Rusia \n\nhttps://t.co/NEZABhtK1R'
"b'Harga minyak dunia melonjak pada Selasa (1/3), dengan minyak mentah AS mencapai level tertinggi sejak Juni 2014 kar\xe2\x80\xa6 https://t.co/e3nHzH8Rto'"
"b'Menlu Retno Marsudi mengungkapkan, 13 WNI di Ukraina belum berhasil dievakuasi, karena pertempuran darat yang masih\xe2\x80\xa6 https://t.co/qJmuYqQjmH'"
b'Perang Ukraina berbuah pahit bagi pemimpin Rusia dan seluruh rakyatnya. Apa saja sanksi yang diterima Rusia?\n\nSelen\xe2\x80\xa6 https://t.co/w2Rbo4B4xm'
b'Ekonomi Rusia Terguncang https://t.co/yiwDAKJJiT #AmerikaSerikat #rusia'
b'Helikopter milik #Rusia yang memiliki operasi khusus melindungi pasukan #DPR (Republik Rakyat Donetsk) dan #LPR (Re\xe2\x80\xa6 https://t.co/DWYwehaJjg'
b'Pemerintah #Ukraina  dan organisasi non-pemerintahan di negara tersebut mendapat sumbangan dalam bentuk\xe2\x80\xa6 https://t.co/5FeX0ur18g'
"b'Membacakan Puisi Tentang Kematian Berbahasa Persia, Tentara Ukraina Mendapatkan Banyak Dukungan di Media Sosial dar\xe2\x80\xa6 https://t.co/IZ5TIhYSAR'"
"b'RT @DoxTimes: #BREAKING Militer Rusia mengklaim telah menguasai Kherson, sebuah kota di Ukraina selatan.\n\n#Russia #Rusia #Ukraina #Ukraine\xe2\x80\xa6'"
"b'#BREAKING Militer Rusia mengklaim telah menguasai Kherson, sebuah kota di Ukraina selatan.\n\n#Russia #Rusia #Ukraina\xe2\x80\xa6 https://t.co/qcYVnscHrw'"
"b'Daerah perumahan di #Irpin pinggiran kota #Kyiv #Ukraina, setelah serangan rudal #Rusia https://t.co/HS44SbPoxm'"
b'Ketika istri putin meminta batalkan perang.. \n#rusiavsukraina\n#rusia\n#ukraina\n#vladimirputin https://t.co/f02cTdqYP1'
b'RT @sultan_balfas: Diplomat Barat meninggalkan sesi Dewan Hak Asasi Manusia saat Menteri Luar Negeri #Rusia Sergey Lavrov memulai pidatonya\xe2\x80\xa6'
"b'Gedung yang tampaknya di gunakan sebagai barak militer #Ukraina di #Kharkov, dihancurkan oleh serangan #Rusia https://t.co/1RTjz9bMQc'"
"b'RT @DoxTimes: #BREAKING Video menunjukkan api besar membakar gedung departemen kepolisian regional di Kharkiv, Ukraina setelah serangan Rus\xe2\x80\xa6'"
b'Tempat pelatihan artileri #Ukraina di #Sumy dihancurkan atas serangan #Rusia https://t.co/lDzcSI9ABu'
b'RT @NasDem: Banyak dampak negatif yang terjadi akibat terjadinya perang. Perang antara Rusia dan Ukraina juga memberikan imbas yang tidak b\xe2\x80\xa6'
b'Invasi Rusia - Ukraina akankah menyulut Perang Dunia Ke III? Simak ulasannya bersama @connierahakundinibakrie di\xe2\x80\xa6 https://t.co/mSjNkXFtSs'
b'RT @NasDem: Banyak dampak negatif yang terjadi akibat terjadinya perang. Perang antara Rusia dan Ukraina juga memberikan imbas yang tidak b\xe2\x80\xa6'
"b'Kedekatan yang harmonis, hati2 dengan sandiwara mereka, kita jangan pernah terkecoh.\n\n#putin #nato #rusia #ukraine\xe2\x80\xa6 https://t.co/uaBvUfu2XM'"
b'RT @tribunkaltim: Nestapa Pasien Rumah Sakit Ukraina Berlindung dari Gempuran Rusia\n\nSelengkapnya: https://t.co/aoYrtvS8bT\n\n #rusia #ukrain\xe2\x80\xa6'
b'Nestapa Pasien Rumah Sakit Ukraina Berlindung dari Gempuran Rusia\n\nSelengkapnya: https://t.co/aoYrtvS8bT\n\n #rusia\xe2\x80\xa6 https://t.co/Nm3K3tNoci'
"b'Anggota Dewan Inggris, Chris Bryant, mengklaim bahwa pemilik Chelsea Roman Abramovich ""ketakutan kena sanksi"" dan s\xe2\x80\xa6 https://t.co/nJCdkk4i8g'"
b'Berita selengkapnya kunjungi https://t.co/9RyChZlbLD\n#VDVCNews #Ukraina #VolodymyrZelensky #Rusia #VladimirPutin\xe2\x80\xa6 https://t.co/9bc1miUjXo'
b'Syarat-syarat tersebut diutarakan Putin saat melakukan panggilan telfon dengan Presiden Prancis Emmanuel Macron pad\xe2\x80\xa6 https://t.co/XrXbRUgj1F'
"b'Beri sinyal akhiri invasi Rusia ke Ukraina, Presiden Rusia, Vladimir Putin ajukan beberapa syarat.\n\n#VDVCNews\xe2\x80\xa6 https://t.co/6b97Kkj0xM'"
"b'Rusia harus menang, minimal Donbass dy kuasai seutuhnya... #Donbass #Rusia #Ukraina'"
"b'Serangan rudal Rusia menargetkan bandara Shukov di Ukraina, di mana markas besar Brigade Penerbangan Pelatihan ke-2\xe2\x80\xa6 https://t.co/vv1oeA4Z9A'"
"b'RT @DoxTimes: #BREAKING Video menunjukkan api besar membakar gedung departemen kepolisian regional di Kharkiv, Ukraina setelah serangan Rus\xe2\x80\xa6'"
"b'#BREAKING Video menunjukkan api besar membakar gedung departemen kepolisian regional di Kharkiv, Ukraina setelah se\xe2\x80\xa6 https://t.co/sh43LonTlR'"
b'Gelanggang telah tertutup bagi atlet #Rusia dan #Belarusia untuk berkompetisi di even #olahraga internasional\xe2\x80\xa6 https://t.co/6sWsLzIHwG'
b'Gavin Wood menderma $5.8 juta kepada Ukraine\nUntuk maklumat lanjut : https://t.co/rF8WrG5T6m\n#kripto #Rusia\xe2\x80\xa6 https://t.co/vyTZg5TN9u'
b'#MetaPlatforms secara global menghapus postingan #Facebook dan #Instagram media pemerintah #Rusia\xe2\x80\xa6 https://t.co/qsJhy2HbDU'
"b'Citra satelit menunjukkan ekor pesawat Antonov An-225 Mriya utuh. Besar kemungkinan, pesawat terbesar di dunia ters\xe2\x80\xa6 https://t.co/4Q3YIXwcYt'"
"b""#TikTok #War: Ketika #GenZ 'memainkan' #invasi #Rusia ke #Ukraina https://t.co/3nucZjLYo2 #UcraniaBajoFuego #Ucraina #ucraine #Ucrainarussia"""
"b'Lagi butuh karyawan yang niat kerja dengan gapok 3.750.000, bonus bulanan, THR, angpao Imlek. #popo #rusia #loker #Maret'"
"b""#Rusia menolak istilah '#invasi', stasiun radio liberal Rusia #EkhoMoskvy dihentikan siarannya\xe2\x80\xa6 https://t.co/Qa5WNR4TXB"""
"b'Serang Ukraine: Rusia tersilap percaturan?\n\n\xe2\x80\x9cEnam hari lalu, Vladimir Putin berusaha untuk menggoncang dunia tetapi\xe2\x80\xa6 https://t.co/S96RS11npG'"
b'RT @sultan_balfas: Diplomat Barat meninggalkan sesi Dewan Hak Asasi Manusia saat Menteri Luar Negeri #Rusia Sergey Lavrov memulai pidatonya\xe2\x80\xa6'
"b'Imbas Invasi pada Ukraina, BWF Jatuhkan Sanksi kepada Rusia dan Belarusia\n\n#badminton #invasi #ukraina #ukraine\xe2\x80\xa6 https://t.co/73ZP1krMCL'"
b'World Taekwondo memutuskan untuk menarik sabuk hitam dan kehormatan ke-9 yang dianugerahkan kepada Presiden Rusia V\xe2\x80\xa6 https://t.co/nyAf5iClI9'
b'Rusia meledakkan bom di Menara TV ibukota Ukraina dalam sebuah invasi sudah berlangsung selama 6 hari.\n#rusia\xe2\x80\xa6 https://t.co/Q58cOPtoV7'
b'\xf0\x9f\x8c\x8d #INTERNACIONAL\n\nRusia ataca Kiev \n#Ucrania #Rusia #GuerraenUcrania https://t.co/K5YC9C9jds'
b'RT @sultan_balfas: Eksodus massal mahasiswa asing dari #Kharkiv setelah malam teror\n\n #Ukraina #Rusia #Mujahid_Update #Donbass #Kiev\n\nBerga\xe2\x80\xa6'
b'Eksodus massal mahasiswa asing dari #Kharkiv setelah malam teror\n\n #Ukraina #Rusia #Mujahid_Update #Donbass #Kiev\xe2\x80\xa6 https://t.co/huwaOMnyco'
"b""\xf0\x9f\x87\xba\xf0\x9f\x87\xa6\xf0\x9f\x87\xba\xf0\x9f\x87\xa6\xf0\x9f\x87\xba\xf0\x9f\x87\xa6\xf0\x9f\x87\xba\xf0\x9f\x87\xa6\n\xf0\x9f\x87\xba\xf0\x9f\x87\xa6I'm a Ukrainian girl, please help us, even if it's even 1$ \xf0\x9f\x87\xba\xf0\x9f\x87\xa6\n\xf0\x9f\x99\x8fPlease RT\xf0\x9f\x99\x8f\nBTC:\nbc1qdkeflhvh9h4d38kwfpgp3\xe2\x80\xa6 https://t.co/FejZT0vCwQ"""
b'Diplomat Barat meninggalkan sesi Dewan Hak Asasi Manusia saat Menteri Luar Negeri #Rusia Sergey Lavrov memulai pida\xe2\x80\xa6 https://t.co/wlihakawa5'
"b'@UEFA @UEFAcom @FIFAcom Ketika #FIFA hanya menghukum #Rusia, namun tak ada tindakan hukum atas negara seperti #AS &amp;\xe2\x80\xa6 https://t.co/8FsCu1RpeS'"
"b'RT @DoxTimes: #BREAKING Google telah memblokir saluran RT, Sputnik dari Play app store di Eropa.\n\n#Russia #Rusia #Ukraina #Ukraine #RussiaU\xe2\x80\xa6'"
"b'#BREAKING Google telah memblokir saluran RT, Sputnik dari Play app store di Eropa.\n\n#Russia #Rusia #Ukraina\xe2\x80\xa6 https://t.co/q1Y6ZjyJ5G'"
b'Hari ini Ada ledakan kuat di Sumy.  Ada pertempuran jalanan di kota sekarang. #ukraine #Rusia https://t.co/X0VZcGfEW0'
"b'RT @voaindonesia: Sejumlah demonstran #Rusia menyuarakan rasa malu, kesedihan dan rasa putus asa sekaligus memohonkan maaf yang tulus kepad\xe2\x80\xa6'"
"b'@UEFA @UEFA_Foundation @FIFAcom Ketika #FIFA hanya menghukum #Rusia, namun tak ada tindakan hukum atas negara seper\xe2\x80\xa6 https://t.co/rG1z5CEaaQ'"
"b'Bangsa Eropa hanya memanusiakan bangsanya sendiri. How about Palestina ?? How about Irak, Syria , Afganistan ?\xe2\x80\xa6 https://t.co/8UecJj04Gi'"
"b'Rusia Tembakan Rudal di Kota Kharkiv, Gedung Pemerintahan Utama Hancur Total &amp; 10 Orang Tewas\n#BeritaTerkini\xe2\x80\xa6 https://t.co/FopggXxM66'"
b'BWF Sanksi Larangan Berkompetisi Bagi Atlet Rusia Mulai dari Jerman Open 2022\n#BWF #rusia #ukraina\xe2\x80\xa6 https://t.co/bhaODYLE6h'
b'#Indonesia : Keadaan di #Rusia semakin memburuk dengan cepat. Banyak temanku meninggalkan negaranya. Kartu kredit m\xe2\x80\xa6 https://t.co/Mtmw4w5ibw'
b'RT @NasDem: Banyak dampak negatif yang terjadi akibat terjadinya perang. Perang antara Rusia dan Ukraina juga memberikan imbas yang tidak b\xe2\x80\xa6'
"b'RT @DoxTimes: #BREAKING Kebakaran besar terjadi setelah terdengar ledakan di pusat Kharkiv, Ukraina.\n\n#Ukraina #Ukraine #Russia #Rusia http\xe2\x80\xa6'"
"b'#BREAKING Kebakaran besar terjadi setelah terdengar ledakan di pusat Kharkiv, Ukraina.\n\n#Ukraina #Ukraine #Russia\xe2\x80\xa6 https://t.co/GYRXS08s3Q'"
"b'Rusia Peringatkan Warga Kyiv untuk Tinggalkan Kota, Invasi Militer Besar-besaran Segera Dimulai\n#BeritaTerkini\xe2\x80\xa6 https://t.co/ePlzAh9tfX'"
b'luar biasa sekali para suara-suara wise people ini #rusia'
"b'RT @kompascom: Sebelum Rusia menginvasi Ukraina, intelijen AS memperkirakan bahwa Moskwa akan dengan cepat mengerahkan kekuatan udaranya ya\xe2\x80\xa6'"
"b'RT @kompascom: Sebelum Rusia menginvasi Ukraina, intelijen AS memperkirakan bahwa Moskwa akan dengan cepat mengerahkan kekuatan udaranya ya\xe2\x80\xa6'"
b'#Indonesia : Pasukan #Rusia terus merampok toko-toko #Ukraina https://t.co/ALIOTdR17a'
"b'Sebelum Rusia menginvasi Ukraina, intelijen AS memperkirakan bahwa Moskwa akan dengan cepat mengerahkan kekuatan ud\xe2\x80\xa6 https://t.co/2bMALZlvTy'"
b'Rusia terus gempur #Ukraina dan hancurkan menara TV hingga klinik ibu dan anak. Presiden Ukraina Volodymyr Zelensky\xe2\x80\xa6 https://t.co/8oz0BoCEbr'
b'RT @voidotid: Perang #Ukraina #Rusia sesungguhnya bukan hanya soal peluru. Tapi soal siapa memenangkan opini. https://t.co/ogFBz3xFkB'
b'Data PBB Melaporkan 13 Anak Tewas Sejak Invasi Rusia Ke Ukraina \xf0\x9f\x98\xad\n\nLink &gt;&gt; https://t.co/GMjJfjlfCD \n\n#Rusia\xe2\x80\xa6 https://t.co/OdrKUj4pYt'
"b'#Indonesia : 4:00 WET Jalan tol Kipti-Bachivsk, juga dikenal sebagai tol Kyiv-Moskow, kini sepenuhnya dibawah pengu\xe2\x80\xa6 https://t.co/DDmiawBU69'"
b'Perang #Ukraina #Rusia sesungguhnya bukan hanya soal peluru. Tapi soal siapa memenangkan opini. https://t.co/ogFBz3xFkB'
b'Rusia Rilis Video Pengerahan Pasukan Helikopter Serang Ukraina\n\nhttps://t.co/r9yaLMm8d8\n\n#rusia #ukraina #militer\xe2\x80\xa6 https://t.co/6dzzJlG0gy'
b'Kerusakan akibat serangan #Rusia di kota #Zhytomyr #Ukraina https://t.co/5NlLZTItJG'
"b'Hunian ama, nyaman dan aman di tengah kota? Reiwa Town Depok \n#reiwatown #perumnasiidagroup #HomeDecor #Putin #Rusia https://t.co/Bwls6lSxZq'"
"b'Mampu Hancurkan Satu Negara, Intip Tas Presiden Rusia Berisi Tombol Nuklir: Negara Rusia memiliki jumlah bom nuklir\xe2\x80\xa6 https://t.co/VipRC9RBoq'"
"b'Buntut Invasi Rusia, Dua Atlet Sepak Bola Ukraina Meninggal Dunia\n#rusia #ukraina #meninggal #sepakbola\xe2\x80\xa6 https://t.co/NgZLXHnYiw'"
b'Kota #Kherson #Ukraina telah speenuhnya direbut oleh pasukan #Rusia \n\n- Kemenhan Rusia'
b'RT @konflikdunia: Pasukan tentara #Israel dengan kekerasan menyerang dan menahan seorang anak #Palestina di Bab Al-Moud #Yerusalem.\n\n#Ukrai\xe2\x80\xa6'
"b'RT @bacautas: Haloo @Christofel_ID \xf0\x9f\x98\x83\xf0\x9f\x91\x8b Selamat membaca!\n""\xf0\x9f\x9a\xa8\xf0\x9f\x87\xb3\xf0\x9f\x87\xb1\xe2\x9a\xa1\xef\xb8\x8f\xf0\x9f\x87\xba\xf0\x9f\x87\xa6 Utas\n=======\n.\n.\n.\n.\n.\n.\nBagaimana @JoeBiden\xf0\x9f\x87\xba\xf0\x9f\x87\xb8 memberdayakan kejahatan di #\xe2\x80\xa6'"
"b'Haloo @Christofel_ID \xf0\x9f\x98\x83\xf0\x9f\x91\x8b Selamat membaca!\n""\xf0\x9f\x9a\xa8\xf0\x9f\x87\xb3\xf0\x9f\x87\xb1\xe2\x9a\xa1\xef\xb8\x8f\xf0\x9f\x87\xba\xf0\x9f\x87\xa6 Utas\n=======\n.\n.\n.\n.\n.\n.\nBagaimana @JoeBiden\xf0\x9f\x87\xba\xf0\x9f\x87\xb8 memberdayakan keja\xe2\x80\xa6 https://t.co/s3pk43hKLR'"
b'Facebook dan Instagram Hapus Unggahan Dari Media Pemerintah Rusia #LeadersAreReaders #Facebook #Instagram #Rusia \n\nhttps://t.co/NEZABhtK1R'
"b'Harga minyak dunia melonjak pada Selasa (1/3), dengan minyak mentah AS mencapai level tertinggi sejak Juni 2014 kar\xe2\x80\xa6 https://t.co/e3nHzH8Rto'"
"b'Menlu Retno Marsudi mengungkapkan, 13 WNI di Ukraina belum berhasil dievakuasi, karena pertempuran darat yang masih\xe2\x80\xa6 https://t.co/qJmuYqQjmH'"
b'Perang Ukraina berbuah pahit bagi pemimpin Rusia dan seluruh rakyatnya. Apa saja sanksi yang diterima Rusia?\n\nSelen\xe2\x80\xa6 https://t.co/w2Rbo4B4xm'
b'Ekonomi Rusia Terguncang https://t.co/yiwDAKJJiT #AmerikaSerikat #rusia'
b'Helikopter milik #Rusia yang memiliki operasi khusus melindungi pasukan #DPR (Republik Rakyat Donetsk) dan #LPR (Re\xe2\x80\xa6 https://t.co/DWYwehaJjg'
b'Pemerintah #Ukraina  dan organisasi non-pemerintahan di negara tersebut mendapat sumbangan dalam bentuk\xe2\x80\xa6 https://t.co/5FeX0ur18g'
"b'Membacakan Puisi Tentang Kematian Berbahasa Persia, Tentara Ukraina Mendapatkan Banyak Dukungan di Media Sosial dar\xe2\x80\xa6 https://t.co/IZ5TIhYSAR'"
"b'RT @DoxTimes: #BREAKING Militer Rusia mengklaim telah menguasai Kherson, sebuah kota di Ukraina selatan.\n\n#Russia #Rusia #Ukraina #Ukraine\xe2\x80\xa6'"
"b'#BREAKING Militer Rusia mengklaim telah menguasai Kherson, sebuah kota di Ukraina selatan.\n\n#Russia #Rusia #Ukraina\xe2\x80\xa6 https://t.co/qcYVnscHrw'"
"b'Daerah perumahan di #Irpin pinggiran kota #Kyiv #Ukraina, setelah serangan rudal #Rusia https://t.co/HS44SbPoxm'"
b'Ketika istri putin meminta batalkan perang.. \n#rusiavsukraina\n#rusia\n#ukraina\n#vladimirputin https://t.co/f02cTdqYP1'
b'RT @sultan_balfas: Diplomat Barat meninggalkan sesi Dewan Hak Asasi Manusia saat Menteri Luar Negeri #Rusia Sergey Lavrov memulai pidatonya\xe2\x80\xa6'
"b'Gedung yang tampaknya di gunakan sebagai barak militer #Ukraina di #Kharkov, dihancurkan oleh serangan #Rusia https://t.co/1RTjz9bMQc'"
"b'RT @DoxTimes: #BREAKING Video menunjukkan api besar membakar gedung departemen kepolisian regional di Kharkiv, Ukraina setelah serangan Rus\xe2\x80\xa6'"
b'Tempat pelatihan artileri #Ukraina di #Sumy dihancurkan atas serangan #Rusia https://t.co/lDzcSI9ABu'
b'RT @NasDem: Banyak dampak negatif yang terjadi akibat terjadinya perang. Perang antara Rusia dan Ukraina juga memberikan imbas yang tidak b\xe2\x80\xa6'
b'Invasi Rusia - Ukraina akankah menyulut Perang Dunia Ke III? Simak ulasannya bersama @connierahakundinibakrie di\xe2\x80\xa6 https://t.co/mSjNkXFtSs'
b'RT @NasDem: Banyak dampak negatif yang terjadi akibat terjadinya perang. Perang antara Rusia dan Ukraina juga memberikan imbas yang tidak b\xe2\x80\xa6'
"b'Kedekatan yang harmonis, hati2 dengan sandiwara mereka, kita jangan pernah terkecoh.\n\n#putin #nato #rusia #ukraine\xe2\x80\xa6 https://t.co/uaBvUfu2XM'"
b'RT @tribunkaltim: Nestapa Pasien Rumah Sakit Ukraina Berlindung dari Gempuran Rusia\n\nSelengkapnya: https://t.co/aoYrtvS8bT\n\n #rusia #ukrain\xe2\x80\xa6'
b'Nestapa Pasien Rumah Sakit Ukraina Berlindung dari Gempuran Rusia\n\nSelengkapnya: https://t.co/aoYrtvS8bT\n\n #rusia\xe2\x80\xa6 https://t.co/Nm3K3tNoci'
"b'Anggota Dewan Inggris, Chris Bryant, mengklaim bahwa pemilik Chelsea Roman Abramovich ""ketakutan kena sanksi"" dan s\xe2\x80\xa6 https://t.co/nJCdkk4i8g'"
b'Berita selengkapnya kunjungi https://t.co/9RyChZlbLD\n#VDVCNews #Ukraina #VolodymyrZelensky #Rusia #VladimirPutin\xe2\x80\xa6 https://t.co/9bc1miUjXo'
b'Syarat-syarat tersebut diutarakan Putin saat melakukan panggilan telfon dengan Presiden Prancis Emmanuel Macron pad\xe2\x80\xa6 https://t.co/XrXbRUgj1F'
"b'Beri sinyal akhiri invasi Rusia ke Ukraina, Presiden Rusia, Vladimir Putin ajukan beberapa syarat.\n\n#VDVCNews\xe2\x80\xa6 https://t.co/6b97Kkj0xM'"
"b'Rusia harus menang, minimal Donbass dy kuasai seutuhnya... #Donbass #Rusia #Ukraina'"
"b'Serangan rudal Rusia menargetkan bandara Shukov di Ukraina, di mana markas besar Brigade Penerbangan Pelatihan ke-2\xe2\x80\xa6 https://t.co/vv1oeA4Z9A'"
"b'RT @DoxTimes: #BREAKING Video menunjukkan api besar membakar gedung departemen kepolisian regional di Kharkiv, Ukraina setelah serangan Rus\xe2\x80\xa6'"
"b'#BREAKING Video menunjukkan api besar membakar gedung departemen kepolisian regional di Kharkiv, Ukraina setelah se\xe2\x80\xa6 https://t.co/sh43LonTlR'"
b'Gelanggang telah tertutup bagi atlet #Rusia dan #Belarusia untuk berkompetisi di even #olahraga internasional\xe2\x80\xa6 https://t.co/6sWsLzIHwG'
b'Gavin Wood menderma $5.8 juta kepada Ukraine\nUntuk maklumat lanjut : https://t.co/rF8WrG5T6m\n#kripto #Rusia\xe2\x80\xa6 https://t.co/vyTZg5TN9u'
b'#MetaPlatforms secara global menghapus postingan #Facebook dan #Instagram media pemerintah #Rusia\xe2\x80\xa6 https://t.co/qsJhy2HbDU'
"b'Citra satelit menunjukkan ekor pesawat Antonov An-225 Mriya utuh. Besar kemungkinan, pesawat terbesar di dunia ters\xe2\x80\xa6 https://t.co/4Q3YIXwcYt'"
"b""#TikTok #War: Ketika #GenZ 'memainkan' #invasi #Rusia ke #Ukraina https://t.co/3nucZjLYo2 #UcraniaBajoFuego #Ucraina #ucraine #Ucrainarussia"""
"b'Lagi butuh karyawan yang niat kerja dengan gapok 3.750.000, bonus bulanan, THR, angpao Imlek. #popo #rusia #loker #Maret'"
"b""#Rusia menolak istilah '#invasi', stasiun radio liberal Rusia #EkhoMoskvy dihentikan siarannya\xe2\x80\xa6 https://t.co/Qa5WNR4TXB"""
"b'Serang Ukraine: Rusia tersilap percaturan?\n\n\xe2\x80\x9cEnam hari lalu, Vladimir Putin berusaha untuk menggoncang dunia tetapi\xe2\x80\xa6 https://t.co/S96RS11npG'"
b'RT @sultan_balfas: Diplomat Barat meninggalkan sesi Dewan Hak Asasi Manusia saat Menteri Luar Negeri #Rusia Sergey Lavrov memulai pidatonya\xe2\x80\xa6'
"b'Imbas Invasi pada Ukraina, BWF Jatuhkan Sanksi kepada Rusia dan Belarusia\n\n#badminton #invasi #ukraina #ukraine\xe2\x80\xa6 https://t.co/73ZP1krMCL'"
b'World Taekwondo memutuskan untuk menarik sabuk hitam dan kehormatan ke-9 yang dianugerahkan kepada Presiden Rusia V\xe2\x80\xa6 https://t.co/nyAf5iClI9'
b'Rusia meledakkan bom di Menara TV ibukota Ukraina dalam sebuah invasi sudah berlangsung selama 6 hari.\n#rusia\xe2\x80\xa6 https://t.co/Q58cOPtoV7'
b'\xf0\x9f\x8c\x8d #INTERNACIONAL\n\nRusia ataca Kiev \n#Ucrania #Rusia #GuerraenUcrania https://t.co/K5YC9C9jds'
b'RT @sultan_balfas: Eksodus massal mahasiswa asing dari #Kharkiv setelah malam teror\n\n #Ukraina #Rusia #Mujahid_Update #Donbass #Kiev\n\nBerga\xe2\x80\xa6'
b'Eksodus massal mahasiswa asing dari #Kharkiv setelah malam teror\n\n #Ukraina #Rusia #Mujahid_Update #Donbass #Kiev\xe2\x80\xa6 https://t.co/huwaOMnyco'
"b""\xf0\x9f\x87\xba\xf0\x9f\x87\xa6\xf0\x9f\x87\xba\xf0\x9f\x87\xa6\xf0\x9f\x87\xba\xf0\x9f\x87\xa6\xf0\x9f\x87\xba\xf0\x9f\x87\xa6\n\xf0\x9f\x87\xba\xf0\x9f\x87\xa6I'm a Ukrainian girl, please help us, even if it's even 1$ \xf0\x9f\x87\xba\xf0\x9f\x87\xa6\n\xf0\x9f\x99\x8fPlease RT\xf0\x9f\x99\x8f\nBTC:\nbc1qdkeflhvh9h4d38kwfpgp3\xe2\x80\xa6 https://t.co/FejZT0vCwQ"""
b'Diplomat Barat meninggalkan sesi Dewan Hak Asasi Manusia saat Menteri Luar Negeri #Rusia Sergey Lavrov memulai pida\xe2\x80\xa6 https://t.co/wlihakawa5'
"b'@UEFA @UEFAcom @FIFAcom Ketika #FIFA hanya menghukum #Rusia, namun tak ada tindakan hukum atas negara seperti #AS &amp;\xe2\x80\xa6 https://t.co/8FsCu1RpeS'"
"b'RT @DoxTimes: #BREAKING Google telah memblokir saluran RT, Sputnik dari Play app store di Eropa.\n\n#Russia #Rusia #Ukraina #Ukraine #RussiaU\xe2\x80\xa6'"
"b'#BREAKING Google telah memblokir saluran RT, Sputnik dari Play app store di Eropa.\n\n#Russia #Rusia #Ukraina\xe2\x80\xa6 https://t.co/q1Y6ZjyJ5G'"
b'Hari ini Ada ledakan kuat di Sumy.  Ada pertempuran jalanan di kota sekarang. #ukraine #Rusia https://t.co/X0VZcGfEW0'
"b'RT @voaindonesia: Sejumlah demonstran #Rusia menyuarakan rasa malu, kesedihan dan rasa putus asa sekaligus memohonkan maaf yang tulus kepad\xe2\x80\xa6'"
"b'@UEFA @UEFA_Foundation @FIFAcom Ketika #FIFA hanya menghukum #Rusia, namun tak ada tindakan hukum atas negara seper\xe2\x80\xa6 https://t.co/rG1z5CEaaQ'"
"b'Bangsa Eropa hanya memanusiakan bangsanya sendiri. How about Palestina ?? How about Irak, Syria , Afganistan ?\xe2\x80\xa6 https://t.co/8UecJj04Gi'"
"b'Rusia Tembakan Rudal di Kota Kharkiv, Gedung Pemerintahan Utama Hancur Total &amp; 10 Orang Tewas\n#BeritaTerkini\xe2\x80\xa6 https://t.co/FopggXxM66'"
b'BWF Sanksi Larangan Berkompetisi Bagi Atlet Rusia Mulai dari Jerman Open 2022\n#BWF #rusia #ukraina\xe2\x80\xa6 https://t.co/bhaODYLE6h'
b'#Indonesia : Keadaan di #Rusia semakin memburuk dengan cepat. Banyak temanku meninggalkan negaranya. Kartu kredit m\xe2\x80\xa6 https://t.co/Mtmw4w5ibw'
b'RT @NasDem: Banyak dampak negatif yang terjadi akibat terjadinya perang. Perang antara Rusia dan Ukraina juga memberikan imbas yang tidak b\xe2\x80\xa6'
"b'RT @DoxTimes: #BREAKING Kebakaran besar terjadi setelah terdengar ledakan di pusat Kharkiv, Ukraina.\n\n#Ukraina #Ukraine #Russia #Rusia http\xe2\x80\xa6'"
"b'#BREAKING Kebakaran besar terjadi setelah terdengar ledakan di pusat Kharkiv, Ukraina.\n\n#Ukraina #Ukraine #Russia\xe2\x80\xa6 https://t.co/GYRXS08s3Q'"
"b'Rusia Peringatkan Warga Kyiv untuk Tinggalkan Kota, Invasi Militer Besar-besaran Segera Dimulai\n#BeritaTerkini\xe2\x80\xa6 https://t.co/ePlzAh9tfX'"
b'luar biasa sekali para suara-suara wise people ini #rusia'
"b'RT @kompascom: Sebelum Rusia menginvasi Ukraina, intelijen AS memperkirakan bahwa Moskwa akan dengan cepat mengerahkan kekuatan udaranya ya\xe2\x80\xa6'"
"b'RT @kompascom: Sebelum Rusia menginvasi Ukraina, intelijen AS memperkirakan bahwa Moskwa akan dengan cepat mengerahkan kekuatan udaranya ya\xe2\x80\xa6'"
b'#Indonesia : Pasukan #Rusia terus merampok toko-toko #Ukraina https://t.co/ALIOTdR17a'
"b'Sebelum Rusia menginvasi Ukraina, intelijen AS memperkirakan bahwa Moskwa akan dengan cepat mengerahkan kekuatan ud\xe2\x80\xa6 https://t.co/2bMALZlvTy'"
b'Rusia terus gempur #Ukraina dan hancurkan menara TV hingga klinik ibu dan anak. Presiden Ukraina Volodymyr Zelensky\xe2\x80\xa6 https://t.co/8oz0BoCEbr'
b'RT @voidotid: Perang #Ukraina #Rusia sesungguhnya bukan hanya soal peluru. Tapi soal siapa memenangkan opini. https://t.co/ogFBz3xFkB'
b'Data PBB Melaporkan 13 Anak Tewas Sejak Invasi Rusia Ke Ukraina \xf0\x9f\x98\xad\n\nLink &gt;&gt; https://t.co/GMjJfjlfCD \n\n#Rusia\xe2\x80\xa6 https://t.co/OdrKUj4pYt'
"b'#Indonesia : 4:00 WET Jalan tol Kipti-Bachivsk, juga dikenal sebagai tol Kyiv-Moskow, kini sepenuhnya dibawah pengu\xe2\x80\xa6 https://t.co/DDmiawBU69'"
b'Perang #Ukraina #Rusia sesungguhnya bukan hanya soal peluru. Tapi soal siapa memenangkan opini. https://t.co/ogFBz3xFkB'
b'Rusia Rilis Video Pengerahan Pasukan Helikopter Serang Ukraina\n\nhttps://t.co/r9yaLMm8d8\n\n#rusia #ukraina #militer\xe2\x80\xa6 https://t.co/6dzzJlG0gy'
b'Sebenarnya kenyataan kayak ginilah yg bikin #Washington paling gemes. Gak suka kali pun lihatnya. #China akan perta\xe2\x80\xa6 https://t.co/6QRUjHStoJ'
"b'Pasukan Rusia masih terus menyerang wilayah \xe2\x80\x93 wilayah Ukraina seperti ibukota Kiev, Kharkiv, Mariupol hingga saat i\xe2\x80\xa6 https://t.co/5Yh3sh6GWH'"
"b'RT @Vendra_Deje: Pasukan #Rusia telah merebut #Kherson, ibu kota provinsi di bagian pantai selatan #Ukraina. Kherson adlh kota penting yg s\xe2\x80\xa6'"
b'RT @DoxTimes: #BREAKING Kremlin mengatakan bahwa delegasi Rusia siap untuk melanjutkan pembicaraan damai dengan Ukraina.\n\n#Russia #Rusia #U\xe2\x80\xa6'
b'#Indonesia: Tahanan perang #Rusia yang ditangkap di daerah Mykolaiv setelah runtuhnya jalur logistik Rusia menuju d\xe2\x80\xa6 https://t.co/xeubQ0J4oo'
b'RT @petugaspartei: nyalahin hujan menteri peak\n\ntag #HargaMahal_RezimBebal #TolakPenundaanPemilu #Rusia'
b'#Indonesia: #Ukraina berjanji untuk melepaskan tahanan perang #Rusia kepada ibu mereka jika ibu mereka sendiri yang\xe2\x80\xa6 https://t.co/lPMM4dyrBc'
"b'Perundingan ke-2 antara #Rusia dan #Ukraina akan diadakan di Belovezhskaya Pushcha, perbatasan #Belarusia dan #Polandia'"
"b'RT @Vendra_Deje: Pasukan #Rusia telah merebut #Kherson, ibu kota provinsi di bagian pantai selatan #Ukraina. Kherson adlh kota penting yg s\xe2\x80\xa6'"
b'#Rusia Rilis Video Pengerahan Pasukan Helikopter Serang #Ukraina https://t.co/PXwgWvm6MQ'
b'RT @konflikdunia: Pasukan udara #Rusia menyasarkan serangan ke pos pemeriksaan di #Korosten di wiliyah #Zhytomyr #Ukraina. Menewaskan 4 ora\xe2\x80\xa6'
b'RT @r_ramdhansyah: Kapanpun &amp; dimanapun USA akan selalu menimbulkan perang utk uang. Jgn heran kalau Media Nasional mengutip berita tdk ses\xe2\x80\xa6'
b'RT @Vendra_Deje: Sampai segininya media Barat menyebarkan kebohongan demi sebuah framing opini. Bahkan satu orang bisa mati dua kali. Mati\xe2\x80\xa6'
"b""RT @NETIZEN__62: Ketika Anda seorang Palestina, itu adalah 'Teroris Pembunuh', tetapi jika Anda berada di Eropa, Anda akan menjadi 'Pahlawa\xe2\x80\xa6"""
b'RT @petugaspartei: nyalahin hujan menteri peak\n\ntag #HargaMahal_RezimBebal #TolakPenundaanPemilu #Rusia'
b'RT @FadillahMaimun: Jangan STOP war UKRAINA kalo INI BELOM TUNTAS TOLONG INI NEGARA @Israel\nDikecam juga!!! Jangan cuma RUSIA yg disalahkan\xe2\x80\xa6'
"b'elu PANGLIMA BIAWAK @kangdede78 LAKNATULLAH PENGASONG AGAMA, LU NGAKU MUSLIM,trs KATOLIK, TRAKHR PENYEMBAH GALON AH\xe2\x80\xa6 https://t.co/N7bu3rZy4d'"
"b'RT @BeritaviralTv: AS dan SEKUTUNYA menciptakan kebohongan untuk dpt menginvasi Negara lain,giliran RUSIA proteksi diri kok \npada ngamuk\xf0\x9f\x98\xaa\n.\xe2\x80\xa6'"
"b'RT @Vendra_Deje: Pasukan #Rusia telah merebut #Kherson, ibu kota provinsi di bagian pantai selatan #Ukraina. Kherson adlh kota penting yg s\xe2\x80\xa6'"
b'NATO Tingkatkan Pasokan Rudal Pertahanan Udara dan Senjata Anti-Tank ke Ukraina https://t.co/qZhiSrmhdp #NATO\xe2\x80\xa6 https://t.co/3uuqStrzwM'
"b'Komisi Eropa, Rabu (2/3), mengajukan proposalnya kepada negara-negara anggota Uni Eropa untuk membiarkan warga\xe2\x80\xa6 https://t.co/7elVpEHKxi'"
b'Pasukan udara #Rusia menyasarkan serangan ke pos pemeriksaan di #Korosten di wiliyah #Zhytomyr #Ukraina. Menewaskan\xe2\x80\xa6 https://t.co/R74tM6imSs'
b'RT @AsepNug33297648: HEY SIPALING KEMANUSIAAN #BINJAI #khilafah #alditaher #pasukan #ukraina #Rusia https://t.co/b2xWBkN5Lt'
b'RT @BeritaviralTv: Israel pengecut rupanya \xf0\x9f\x98\x82\n#rusia #ukraina #RussiaUkraine https://t.co/DIJE8TtXec'
b'RT @Vendra_Deje: Mungkin ini giliran #Rusia yg akan terapkan sanksi ekspor uraniumnya ke AS. Perusahaan listrik AS mendesak pemerintah Bide\xe2\x80\xa6'
"b'Pemerintah Amerika Serikat pada Selasa (1/3/2022), mengumumkan larangan penerbangan Rusia di wilayah udaranya setel\xe2\x80\xa6 https://t.co/60aqVbuaqK'"
b'RT @ADPradana89: Nah bener banget #luhut #rusia #ukraina #ww3 https://t.co/MN2b3Wvf4P'
b'@SBYudhoyono Semoga perang segera berakhir antara Rusia dan Ukraina.\n\n#Rusia'
b'RT @Mulalt_: Kalo @jokowi anggap indonesia bukan Klonialisme di Papua setidknya Berani meberikan akses UN ke Papua u Memastikan Pelanggaran\xe2\x80\xa6'
"b'RT @BeritaviralTv: AS dan SEKUTUNYA menciptakan kebohongan untuk dpt menginvasi Negara lain,giliran RUSIA proteksi diri kok \npada ngamuk\xf0\x9f\x98\xaa\n.\xe2\x80\xa6'"
b'RT @petugaspartei: nyalahin hujan menteri peak\n\ntag #HargaMahal_RezimBebal #TolakPenundaanPemilu #Rusia'
"b'Subhanallah,Allahu Akbar  \xe2\x9c\x8a\nRanah Minang Sumbar yg lagi di landa musibah di Pasaman sepakat menolak bantuan dari si\xe2\x80\xa6 https://t.co/AkoM35U0cD'"
b'RT @Yuar301: Mahasiswa di dalam penampungan. Blom diketahui lokasi nya di area mana. #Ukraina #Rusia https://t.co/otzYFLolJ9'
b'RT @BeritaviralTv: Israel pengecut rupanya \xf0\x9f\x98\x82\n#rusia #ukraina #RussiaUkraine https://t.co/DIJE8TtXec'
b'RT @Yuar301: Roket telah jatuh di alun-alun Kharkiv #Ukraine #rusia https://t.co/EHZ51CRjMb'
"b'RT @Yuar301: Di Kamyshy, lebih dari 40 prajurit rusia bergerak menuju kota #rusia https://t.co/TvP0OaeAGX'"
b'RT @Yuar301: Video setelah pertempuran di Gostomel. Di duga yg dihancurkan kendaraan militer milik #Rusia https://t.co/9Mecan1tzg'
"b'RT @Yuar301: Mobil lapis baja ""Tiger"" dan BTR-80 ""Rosgvardia"" di jalan-jalan Kupyansk di wilayah Kharkiv, BTR-80 menembak peluru ke udara.\xe2\x80\xa6'"
b'RT @Yuar301: Starobilsk di utara wilayah Luhansk berada di bawah kendali Angkatan Bersenjata #Rusia. https://t.co/ZMmwuzIAGZ'
b'nyalahin hujan menteri peak\n\ntag #HargaMahal_RezimBebal #TolakPenundaanPemilu #Rusia https://t.co/F72keOiDDg'
b'RT @Yuar301: \xef\xb8\x8f2 helikopter Rusia ditembak jatuh di dekat Kiev. #ukraina #rusia https://t.co/xHbTRUMp3w'
b'#RussiaUkraine menjd trending. Semua negara2 barat ber lomba2 mengutuk apa yg dilakukan Rusia. Tp mereka menutup ma\xe2\x80\xa6 https://t.co/HFmvKHGaKk'
b'RT @Yuar301: Situasi Kharkiv Sekarang\xe2\x9d\x97#Ukraine #Rusia https://t.co/1XOQL6wdnk'
b'RT @tanpakata05: Ngapain Ukraina minta dukungan dari Indonesia? @DPR_RI\nUkraina mendukung pembunuhan rakyat Palestina oleh Israel #Ukraina\xe2\x80\xa6'
b'RT @SittiHajarW: @HammadS10364821 @BhadraPunchline Presiden AS akan Meruntuhkan Rubel Rusia &amp; Membentuk Pasukan Khusus\nLink: https://t.co/R\xe2\x80\xa6'
b'RT @Yuar301: Hari ini Ada ledakan kuat di Sumy.  Ada pertempuran jalanan di kota sekarang. #ukraine #Rusia https://t.co/X0VZcGfEW0'
b'Israel pengecut rupanya \xf0\x9f\x98\x82\n#rusia #ukraina #RussiaUkraine https://t.co/DIJE8TtXec'
"b'RT @Yuar301: Menteri Luar Negeri Rusia, Sergey Lavrov: mengatakan bahwa perang dunia ketiga akan menjadi nuklir dan destruktif. #Rusia'"
"b'Terkena Dampak Invasi Rusia-Ukraina, Roman Abramovich Ingin Jual Chelsea - Parboaboa https://t.co/s1VlG4Ooy6\xe2\x80\xa6 https://t.co/ytWKR35KhZ'"
b'Kapal perang #Rusia ditembak oleh pasukan #Ukraina di #Odessa https://t.co/eXdQCQ1Jvw'
"b'RT @Vendra_Deje: Pasukan #Rusia telah merebut #Kherson, ibu kota provinsi di bagian pantai selatan #Ukraina. Kherson adlh kota penting yg s\xe2\x80\xa6'"
"b'Rusia pengekspor gandum terbesar di dunia. Bersama #Ukraina, Rusia menyumbang lebih dari 30% pasokan gandum global.\xe2\x80\xa6 https://t.co/52GesTeVBE'"
"b'Terkait Ukraina, Biden mengatakan, AS dan sekutu akan menangkap kaum oligarki atau pejabat yang berada di sekelilin\xe2\x80\xa6 https://t.co/D219q1yBUo'"
b'RT @tanpakata05: Ngapain Ukraina minta dukungan dari Indonesia? @DPR_RI\nUkraina mendukung pembunuhan rakyat Palestina oleh Israel #Ukraina\xe2\x80\xa6'
"b'Esemmane marai semangat,saingane marai sambat :(\n\n#BCA mobile #Rusia #dagelan #celelean #sambat #jowogayeng #fullsenyum'"
b'RT @PD3Update: #Rusia menembak jatuh drone TB2 Bayraktar di wilayah #Chernobyl dengan sistem pertahanan udara Tor-M2 #Ukraina  https://t.co\xe2\x80\xa6'
"b'RT @Vendra_Deje: Pasukan #Rusia telah merebut #Kherson, ibu kota provinsi di bagian pantai selatan #Ukraina. Kherson adlh kota penting yg s\xe2\x80\xa6'"
b'RT @PD3Update: Sejumlah peralatan perang milik Ukraina yang rusak di jalan menuju Mykolaiv. #Ukraina #Rusia https://t.co/T6eLc8bsui'
"b'RT @PD3Update: Kementerian Pertahanan Rusia menerbitkan sebuah video yang menunjukkan helikopter Mi-35M Rusia (dengan 8 Ataka ATGM), Mi-8AM\xe2\x80\xa6'"
"b'Buktikan Ancaman, Rusia Bombardir Menara TV dan Holocous\n\nRusia-Ukraina #Rusia  #Gorusia https://t.co/E3nTEcqt1A'"
"b'RT @Vendra_Deje: Pasukan #Rusia telah merebut #Kherson, ibu kota provinsi di bagian pantai selatan #Ukraina. Kherson adlh kota penting yg s\xe2\x80\xa6'"
b'Untuk yang mau gabung di grup wa kita semua pasaran GRATIS !!! langsung saja :\nhttps://t.co/7sG2lYFfym\n\n#togelovers\xe2\x80\xa6 https://t.co/jzaPsbn9SZ'
"b'RT @PD3Update: Menurut laporan media #Ukraina, video tersebut diduga menunjukkan tentara #Rusia menjatuhkan ""Vacuum Bomb"".\n\nJenis persenjat\xe2\x80\xa6'"
"b'Pasukan #Rusia telah merebut #Kherson, ibu kota provinsi di bagian pantai selatan #Ukraina. Kherson adlh kota penti\xe2\x80\xa6 https://t.co/mO0ZGvuivO'"
b'RT @SittiHajarW: @indhie_com Walikota Kyiv Ukraina Akan Ikut Berperang Melawan Tentara Rusia\nLINK: https://t.co/GdjPJpqp8U\n\nBANTU SUBSCRIBE\xe2\x80\xa6'
"b'""Kami sepenuhnya mendukung Ukraina"" ujar Presiden Tsai https://t.co/DAMWr3q80m\n\n#GTVNews #Presiden #Taiwan\xe2\x80\xa6 https://t.co/4Ca5YtWQLJ'"
"b'Pada akhirnya kebenaran akan terungkap, dan yang baik akan selalu menang diakhir!!\n#savepalestina #rusia https://t.co/4vVAWWpZNo'"
b'Pasukan #Rusia menyerang salah satu pos pemeriksaan di dekat #Energodar #Ukraina. https://t.co/fSZSuNt0My'
"b'Saya adalah beruang yang paling mengerikan, saya adalah radja penguasa sejagad, tidak ada yang bisa menghentikan ke\xe2\x80\xa6 https://t.co/q574C6g9bg'"
"b'Tokyo mengajukan protes diplomatik terhadap #moskow Rabu (2/3), setelah sebuah helikopter yang diduga milik #Rusia\xe2\x80\xa6 https://t.co/64UWW6pczf'"
b'RT @tanpakata05: Ngapain Ukraina minta dukungan dari Indonesia? @DPR_RI\nUkraina mendukung pembunuhan rakyat Palestina oleh Israel #Ukraina\xe2\x80\xa6'
b'@TXTKOMENTXT Penduduk Kharkiv Ukraina Berkeluh Kesah kepada Rusia\nLink: https://t.co/RUekLhvPkm\n\nBantu Subscribe. L\xe2\x80\xa6 https://t.co/D27ugiy43E'
b'@Radiotv10rwanda Penduduk Kharkiv Ukraina Berkeluh Kesah kepada Rusia\nLink: https://t.co/RUekLhvPkm\n\nBantu Subscrib\xe2\x80\xa6 https://t.co/PJ2oOK58OG'
b'@n0limet4ngere Penduduk Kharkiv Ukraina Berkeluh Kesah kepada Rusia\nLink: https://t.co/RUekLhvPkm\n\nBantu Subscribe.\xe2\x80\xa6 https://t.co/d3zE41gEtZ'
b'@iikuyuahas100 Penduduk Kharkiv Ukraina Berkeluh Kesah kepada Rusia\nLink: https://t.co/RUekLhvPkm\n\nBantu Subscribe.\xe2\x80\xa6 https://t.co/Yy37Bdbr3Y'
b'@ADG_AKDG Penduduk Kharkiv Ukraina Berkeluh Kesah kepada Rusia\nLink: https://t.co/RUekLhvPkm\n\nBantu Subscribe. Lagi\xe2\x80\xa6 https://t.co/hlDaoLIXpI'
b'@h__sultan__ Penduduk Kharkiv Ukraina Berkeluh Kesah kepada Rusia\nLink: https://t.co/RUekLhvPkm\n\nBantu Subscribe. L\xe2\x80\xa6 https://t.co/I7egC4F3fp'
b'@WongDeso___ Penduduk Kharkiv Ukraina Berkeluh Kesah kepada Rusia\nLink: https://t.co/RUekLhvPkm\n\nBantu Subscribe. L\xe2\x80\xa6 https://t.co/8bHQoHQy1u'
"b'RT @MilitaryLens: Jumlah kendaraan #Rusia yang dihancurkan dan ditangkap oleh Brigade Mekanik ke-93 #Ukraina baru-baru ini, termasuk tank T\xe2\x80\xa6'"
b'@basic_russian Penduduk Kharkiv Ukraina Berkeluh Kesah kepada Rusia\nLink: https://t.co/RUekLhvPkm\n\nBantu Subscribe.\xe2\x80\xa6 https://t.co/cTvU7a969Z'
b'@iam_shaikhirfan Penduduk Kharkiv Ukraina Berkeluh Kesah kepada Rusia\nLink: https://t.co/RUekLhvPkm\n\nBantu Subscrib\xe2\x80\xa6 https://t.co/fdEqugaSLf'
b'@I_amTabishkhan Penduduk Kharkiv Ukraina Berkeluh Kesah kepada Rusia\nLink: https://t.co/RUekLhvPkm\n\nBantu Subscribe\xe2\x80\xa6 https://t.co/HN1kUNd6tL'
b'@ParthSuri0610 Penduduk Kharkiv Ukraina Berkeluh Kesah kepada Rusia\nLink: https://t.co/RUekLhvPkm\n\nBantu Subscribe.\xe2\x80\xa6 https://t.co/faeUwTDEPh'
b'@bobbykri_ranjan Penduduk Kharkiv Ukraina Berkeluh Kesah kepada Rusia\nLink: https://t.co/RUekLhvPkm\n\nBantu Subscrib\xe2\x80\xa6 https://t.co/vLV3gDg0c3'
b'@sahu_in Penduduk Kharkiv Ukraina Berkeluh Kesah kepada Rusia\nLink: https://t.co/RUekLhvPkm\n\nBantu Subscribe. Lagi\xe2\x80\xa6 https://t.co/CgE1ozmSWL'
b'@yashwant59 Penduduk Kharkiv Ukraina Berkeluh Kesah kepada Rusia\nLink: https://t.co/RUekLhvPkm\n\nBantu Subscribe. La\xe2\x80\xa6 https://t.co/LeacmOClp3'
b'@pssu_member @Vladimir_Putin5 Penduduk Kharkiv Ukraina Berkeluh Kesah kepada Rusia\nLink: https://t.co/RUekLhvPkm\n\nB\xe2\x80\xa6 https://t.co/f4tof24MXt'
b'@Nakurecaissy Penduduk Kharkiv Ukraina Berkeluh Kesah kepada Rusia\nLink: https://t.co/RUekLhvPkm\n\nBantu Subscribe.\xe2\x80\xa6 https://t.co/VAMAEuahU3'
b'@YasirSh73698988 Penduduk Kharkiv Ukraina Berkeluh Kesah kepada Rusia\nLink: https://t.co/RUekLhvPkm\n\nBantu Subscrib\xe2\x80\xa6 https://t.co/zWslhXNkLY'
b'@new_wer1 Penduduk Kharkiv Ukraina Berkeluh Kesah kepada Rusia\nLink: https://t.co/RUekLhvPkm\n\nBantu Subscribe. Lagi\xe2\x80\xa6 https://t.co/nHghUbHFBY'
b'@Zrmaulana1 Penduduk Kharkiv Ukraina Berkeluh Kesah kepada Rusia\nLink: https://t.co/RUekLhvPkm\n\nBantu Subscribe. La\xe2\x80\xa6 https://t.co/cPaSMzsnmk'
b'@veyselmidilli3 Penduduk Kharkiv Ukraina Berkeluh Kesah kepada Rusia\nLink: https://t.co/RUekLhvPkm\n\nBantu Subscribe\xe2\x80\xa6 https://t.co/XX7jekUJJ0'
b'@can95096191 Penduduk Kharkiv Ukraina Berkeluh Kesah kepada Rusia\nLink: https://t.co/RUekLhvPkm\n\nBantu Subscribe. L\xe2\x80\xa6 https://t.co/qGbgQZJexc'
b'@W_W_3_2022 Penduduk Kharkiv Ukraina Berkeluh Kesah kepada Rusia\nLink: https://t.co/RUekLhvPkm\n\nBantu Subscribe. La\xe2\x80\xa6 https://t.co/KkuQHplAGm'
b'@bungdedy @sig_adw Penduduk Kharkiv Ukraina Berkeluh Kesah kepada Rusia\nLink: https://t.co/RUekLhvPkm\n\nBantu Subscr\xe2\x80\xa6 https://t.co/Y0AFtCgrc1'
b'@ANSHUMA38080111 Penduduk Kharkiv Ukraina Berkeluh Kesah kepada Rusia\nLink: https://t.co/RUekLhvPkm\n\nBantu Subscrib\xe2\x80\xa6 https://t.co/aMuHwYOm8I'
b'@broglie_oye Penduduk Kharkiv Ukraina Berkeluh Kesah kepada Rusia\nLink: https://t.co/RUekLhvPkm\n\nBantu Subscribe. L\xe2\x80\xa6 https://t.co/TMKCcnWIN9'
b'@lokeshbeing5 Penduduk Kharkiv Ukraina Berkeluh Kesah kepada Rusia\nLink: https://t.co/RUekLhvPkm\n\nBantu Subscribe.\xe2\x80\xa6 https://t.co/UZQgCadROC'
b'@Qaidi_e_Mujrim Penduduk Kharkiv Ukraina Berkeluh Kesah kepada Rusia\nLink: https://t.co/RUekLhvPkm\n\nBantu Subscribe\xe2\x80\xa6 https://t.co/EATyhFxM5E'
b'@benarsinambela Penduduk Kharkiv Ukraina Berkeluh Kesah kepada Rusia\nLink: https://t.co/RUekLhvPkm\n\nBantu Subscribe\xe2\x80\xa6 https://t.co/hdn83kiQG2'
b'@g_farragut Penduduk Kharkiv Ukraina Berkeluh Kesah kepada Rusia\nLink: https://t.co/RUekLhvPkm\n\nBantu Subscribe. La\xe2\x80\xa6 https://t.co/xNA9F0O0B7'
b'@Laskovik98 Penduduk Kharkiv Ukraina Berkeluh Kesah kepada Rusia\nLink: https://t.co/RUekLhvPkm\n\nBantu Subscribe. La\xe2\x80\xa6 https://t.co/6C6jmboV5a'
b'@clara_asma Penduduk Kharkiv Ukraina Berkeluh Kesah kepada Rusia\nLink: https://t.co/RUekLhvPkm\n\nBantu Subscribe. La\xe2\x80\xa6 https://t.co/XhZXsy16DG'
b'@Passh_Evav Penduduk Kharkiv Ukraina Berkeluh Kesah kepada Rusia\nLink: https://t.co/RUekLhvPkm\n\nBantu Subscribe. La\xe2\x80\xa6 https://t.co/MNEoyBjPhT'
b'@ardie_wibowo10 Penduduk Kharkiv Ukraina Berkeluh Kesah kepada Rusia\nLink: https://t.co/RUekLhvPkm\n\nBantu Subscribe\xe2\x80\xa6 https://t.co/ViCnkzTGoY'
b'@SoftWarNews Penduduk Kharkiv Ukraina Berkeluh Kesah kepada Rusia\nLink: https://t.co/RUekLhvPkm\n\nBantu Subscribe. L\xe2\x80\xa6 https://t.co/ohaJZB3qIF'
b'@zha_benk2 Penduduk Kharkiv Ukraina Berkeluh Kesah kepada Rusia\nLink: https://t.co/RUekLhvPkm\n\nBantu Subscribe. Lag\xe2\x80\xa6 https://t.co/67zgvITmQ1'
b'@emha_Adarmawy Penduduk Kharkiv Ukraina Berkeluh Kesah kepada Rusia\nLink: https://t.co/RUekLhvPkm\n\nBantu Subscribe.\xe2\x80\xa6 https://t.co/MV4OVF97iH'
b'@aangtz Penduduk Kharkiv Ukraina Berkeluh Kesah kepada Rusia\nLink: https://t.co/RUekLhvPkm\n\nBantu Subscribe. Lagi M\xe2\x80\xa6 https://t.co/rIMQSiCVIA'
b'@RidoHamdani Penduduk Kharkiv Ukraina Berkeluh Kesah kepada Rusia\nLink: https://t.co/RUekLhvPkm\n\nBantu Subscribe. L\xe2\x80\xa6 https://t.co/RPKI4OfwUp'
b'@DevkhanIr Penduduk Kharkiv Ukraina Berkeluh Kesah kepada Rusia\nLink: https://t.co/RUekLhvPkm\n\nBantu Subscribe. Lag\xe2\x80\xa6 https://t.co/pKA6ckOQOX'
b'@Doublecee8 Penduduk Kharkiv Ukraina Berkeluh Kesah kepada Rusia\nLink: https://t.co/RUekLhvPkm\n\nBantu Subscribe. La\xe2\x80\xa6 https://t.co/bbc7FszoGg'
b'@SaddestWriter Penduduk Kharkiv Ukraina Berkeluh Kesah kepada Rusia\nLink: https://t.co/RUekLhvPkm\n\nBantu Subscribe.\xe2\x80\xa6 https://t.co/3s3nxnzmVn'
b'@InYourDream997 Penduduk Kharkiv Ukraina Berkeluh Kesah kepada Rusia\nLink: https://t.co/RUekLhvPkm\n\nBantu Subscribe\xe2\x80\xa6 https://t.co/YPXyiRSrfO'
b'@TengkuNanda4 Penduduk Kharkiv Ukraina Berkeluh Kesah kepada Rusia\nLink: https://t.co/RUekLhvPkm\n\nBantu Subscribe.\xe2\x80\xa6 https://t.co/h4wRw0UXAk'
"b'Jumlah kendaraan #Rusia yang dihancurkan dan ditangkap oleh Brigade Mekanik ke-93 #Ukraina baru-baru ini, termasuk\xe2\x80\xa6 https://t.co/fsdCiLx3An'"
b'@Febree17_ Presiden Ukraina Volodymyr Zelensky Menyebut Rusia Teroris\nLink: https://t.co/SfoXOgAR8h\n\nBantu Subscrib\xe2\x80\xa6 https://t.co/GSVjNNL9G5'
b'@MerryPradanaa Presiden Ukraina Volodymyr Zelensky Menyebut Rusia Teroris\nLink: https://t.co/SfoXOgAR8h\n\nBantu Subs\xe2\x80\xa6 https://t.co/5AXegGhP4n'
b'@WidyJuan Presiden Ukraina Volodymyr Zelensky Menyebut Rusia Teroris\nLink: https://t.co/SfoXOgAR8h\n\nBantu Subscribe\xe2\x80\xa6 https://t.co/AIqJ4zZCsO'
b'@ladiasss Presiden Ukraina Volodymyr Zelensky Menyebut Rusia Teroris\nLink: https://t.co/SfoXOgAR8h\n\nBantu Subscribe\xe2\x80\xa6 https://t.co/j2sAWcgxi2'
b'@AnggitPrimaswa1 Presiden Ukraina Volodymyr Zelensky Menyebut Rusia Teroris\nLink: https://t.co/SfoXOgAR8h\n\nBantu Su\xe2\x80\xa6 https://t.co/h89yaXDXQM'
b'@____elip Presiden Ukraina Volodymyr Zelensky Menyebut Rusia Teroris\nLink: https://t.co/SfoXOgAR8h\n\nBantu Subscribe\xe2\x80\xa6 https://t.co/QGsajxpvn2'
b'@faisalrach12 Presiden Ukraina Volodymyr Zelensky Menyebut Rusia Teroris\nLink: https://t.co/SfoXOgAR8h\n\nBantu Subsc\xe2\x80\xa6 https://t.co/dvRIpUpj94'
b'@ayuokay Presiden Ukraina Volodymyr Zelensky Menyebut Rusia Teroris\nLink: https://t.co/SfoXOgAR8h\n\nBantu Subscribe.\xe2\x80\xa6 https://t.co/oL8k2sQTGw'
b'@syakirarifu Presiden Ukraina Volodymyr Zelensky Menyebut Rusia Teroris\nLink: https://t.co/SfoXOgAR8h\n\nBantu Subscr\xe2\x80\xa6 https://t.co/7OoOdl1OYA'
b'@wahyusetiyadi @HaloBCA Presiden Ukraina Volodymyr Zelensky Menyebut Rusia Teroris\nLink: https://t.co/SfoXOgAR8h\n\nB\xe2\x80\xa6 https://t.co/wIeIBLj4gc'
b'@TraineeA_fess Presiden Ukraina Volodymyr Zelensky Menyebut Rusia Teroris\nLink: https://t.co/SfoXOgAR8h\n\nBantu Subs\xe2\x80\xa6 https://t.co/Pnfbtk1mrh'
b'@wasbornateight Presiden Ukraina Volodymyr Zelensky Menyebut Rusia Teroris\nLink: https://t.co/SfoXOgAR8h\n\nBantu Sub\xe2\x80\xa6 https://t.co/avhKZVl0fW'
b'@Mimoriese Presiden Ukraina Volodymyr Zelensky Menyebut Rusia Teroris\nLink: https://t.co/SfoXOgAR8h\n\nBantu Subscrib\xe2\x80\xa6 https://t.co/NTtxYTVSkA'
b'@spreadsheetsuck Presiden Ukraina Volodymyr Zelensky Menyebut Rusia Teroris\nLink: https://t.co/SfoXOgAR8h\n\nBantu Su\xe2\x80\xa6 https://t.co/BiAumcYxQn'
b'@gistarasaan_ Presiden Ukraina Volodymyr Zelensky Menyebut Rusia Teroris\nLink: https://t.co/SfoXOgAR8h\n\nBantu Subsc\xe2\x80\xa6 https://t.co/5YdJI5WVnB'
b'@nxprtw @hrdbacot Presiden Ukraina Volodymyr Zelensky Menyebut Rusia Teroris\nLink: https://t.co/SfoXOgAR8h\n\nBantu S\xe2\x80\xa6 https://t.co/HzgoIer4tu'
b'@teguhleonardo7 Presiden Ukraina Volodymyr Zelensky Menyebut Rusia Teroris\nLink: https://t.co/SfoXOgAR8h\n\nBantu Sub\xe2\x80\xa6 https://t.co/RFuMQr6Ev9'
b'@capparuni Presiden Ukraina Volodymyr Zelensky Menyebut Rusia Teroris\nLink: https://t.co/SfoXOgAR8h\n\nBantu Subscrib\xe2\x80\xa6 https://t.co/mQ6lsZgtdv'
b'@novfbriani Presiden Ukraina Volodymyr Zelensky Menyebut Rusia Teroris\nLink: https://t.co/SfoXOgAR8h\n\nBantu Subscri\xe2\x80\xa6 https://t.co/yiNI33Lag5'
b'@Larasgarsina Presiden Ukraina Volodymyr Zelensky Menyebut Rusia Teroris\nLink: https://t.co/SfoXOgAR8h\n\nBantu Subsc\xe2\x80\xa6 https://t.co/FFkbgt8HSV'
b'@affi_at Presiden Ukraina Volodymyr Zelensky Menyebut Rusia Teroris\nLink: https://t.co/SfoXOgAR8h\n\nBantu Subscribe.\xe2\x80\xa6 https://t.co/QdwumWL3bv'
b'@BonidtaSubrata @HaloBCA Presiden Ukraina Volodymyr Zelensky Menyebut Rusia Teroris\nLink: https://t.co/SfoXOgAR8h\xe2\x80\xa6 https://t.co/JzOk7AT2sM'
b'@can95096191 Presiden Ukraina Volodymyr Zelensky Menyebut Rusia Teroris\nLink: https://t.co/SfoXOgAR8h\n\nBantu Subscr\xe2\x80\xa6 https://t.co/Qtm8J1nLyE'
b'@beudy Presiden Ukraina Volodymyr Zelensky Menyebut Rusia Teroris\nLink: https://t.co/SfoXOgAR8h\n\nBantu Subscribe. L\xe2\x80\xa6 https://t.co/ZKUB9WdGSk'
b'@ayneeddu Presiden Ukraina Volodymyr Zelensky Menyebut Rusia Teroris\nLink: https://t.co/SfoXOgAR8h\n\nBantu Subscribe\xe2\x80\xa6 https://t.co/S1dSPfd80f'
b'@Kurt_2718 Presiden Ukraina Volodymyr Zelensky Menyebut Rusia Teroris\nLink: https://t.co/SfoXOgAR8h\n\nBantu Subscrib\xe2\x80\xa6 https://t.co/6gCyi4p8Aw'
b'@JebuelMania900 Presiden Ukraina Volodymyr Zelensky Menyebut Rusia Teroris\nLink: https://t.co/SfoXOgAR8h\n\nBantu Sub\xe2\x80\xa6 https://t.co/gqlzpETKte'
b'@dpfn12 Presiden Ukraina Volodymyr Zelensky Menyebut Rusia Teroris\nLink: https://t.co/SfoXOgAR8h\n\nBantu Subscribe.\xe2\x80\xa6 https://t.co/8rLoN4k7n6'
b'@ramyawnjun Presiden Ukraina Volodymyr Zelensky Menyebut Rusia Teroris\nLink: https://t.co/SfoXOgAR8h\n\nBantu Subscri\xe2\x80\xa6 https://t.co/nWQmeEcMXq'
b'@B_A_Rahadi Presiden Ukraina Volodymyr Zelensky Menyebut Rusia Teroris\nLink: https://t.co/SfoXOgAR8h\n\nBantu Subscri\xe2\x80\xa6 https://t.co/Kgzz533bPy'
b'@iamyourtiara Presiden Ukraina Volodymyr Zelensky Menyebut Rusia Teroris\nLink: https://t.co/SfoXOgAR8h\n\nBantu Subsc\xe2\x80\xa6 https://t.co/sUzeIbJY9s'
b'@Bebi__Munik Presiden Ukraina Volodymyr Zelensky Menyebut Rusia Teroris\nLink: https://t.co/SfoXOgAR8h\n\nBantu Subscr\xe2\x80\xa6 https://t.co/vSyJ8EpWPU'
b'@capparuni Presiden Ukraina Volodymyr Zelensky Menyebut Rusia Teroris\nLink: https://t.co/SfoXOgAR8h\n\nBantu Subscrib\xe2\x80\xa6 https://t.co/boVj12GEiJ'
b'@anakmamaitaaa @HaloBCA @ShopeeID Presiden Ukraina Volodymyr Zelensky Menyebut Rusia Teroris\nLink:\xe2\x80\xa6 https://t.co/5kdVTkZC5p'
b'@rifalpurbaniks Presiden Ukraina Volodymyr Zelensky Menyebut Rusia Teroris\nLink: https://t.co/SfoXOgAR8h\n\nBantu Sub\xe2\x80\xa6 https://t.co/p8S24jIeGi'
b'@IniDenny_ @ezash Presiden Ukraina Volodymyr Zelensky Menyebut Rusia Teroris\nLink: https://t.co/SfoXOgAR8h\n\nBantu S\xe2\x80\xa6 https://t.co/gocVf9Q31H'
b'@suaraliar Presiden Ukraina Volodymyr Zelensky Menyebut Rusia Teroris\nLink: https://t.co/SfoXOgAR8h\n\nBantu Subscrib\xe2\x80\xa6 https://t.co/Fh1aLmT33H'
b'@adi_rossoneri Presiden Ukraina Volodymyr Zelensky Menyebut Rusia Teroris\nLink: https://t.co/SfoXOgAR8h\n\nBantu Subs\xe2\x80\xa6 https://t.co/qj26XQQDV7'
b'@halohaaa11 Presiden Ukraina Volodymyr Zelensky Menyebut Rusia Teroris\nLink: https://t.co/SfoXOgAR8h\n\nBantu Subscri\xe2\x80\xa6 https://t.co/SzxloRTmYb'
b'@TalkaboutBUMN Presiden Ukraina Volodymyr Zelensky Menyebut Rusia Teroris\nLink: https://t.co/SfoXOgAR8h\n\nBantu Subs\xe2\x80\xa6 https://t.co/XMdjKBQ1ai'
"b'STRATEGI Tak Masuk Akal Rusia Buat Amerika dan NATO Bingung, Invasi Militer ke Ukraina Tak Tertebak\xe2\x80\xa6 https://t.co/gUsBgjhYzd'"
b'@news18dotcom Presiden Ukraina Volodymyr Zelensky Menyebut Rusia Teroris\nLink: https://t.co/SfoXOgAR8h\n\nBantu Subsc\xe2\x80\xa6 https://t.co/JzTpPq1ni4'
b'@Doublecee8 Presiden Ukraina Volodymyr Zelensky Menyebut Rusia Teroris\nLink: https://t.co/SfoXOgAR8h\n\nBantu Subscri\xe2\x80\xa6 https://t.co/4GGJbcmLil'
b'@SaddestWriter Presiden Ukraina Volodymyr Zelensky Menyebut Rusia Teroris\nLink: https://t.co/SfoXOgAR8h\n\nBantu Subs\xe2\x80\xa6 https://t.co/2MJkMjjL7d'
b'@InYourDream997 Presiden Ukraina Volodymyr Zelensky Menyebut Rusia Teroris\nLink: https://t.co/SfoXOgAR8h\n\nBantu Sub\xe2\x80\xa6 https://t.co/ynNjlWhfNg'
b'@TengkuNanda4 Presiden Ukraina Volodymyr Zelensky Menyebut Rusia Teroris\nLink: https://t.co/SfoXOgAR8h\n\nBantu Subsc\xe2\x80\xa6 https://t.co/YerFZJGEME'
b'@Haniya_31 Presiden Ukraina Volodymyr Zelensky Menyebut Rusia Teroris\nLink: https://t.co/SfoXOgAR8h\n\nBantu Subscrib\xe2\x80\xa6 https://t.co/DMffHmqnVJ'
b'@englishwithrnb_ Presiden AS akan Meruntuhkan Rubel Rusia &amp; Membentuk Pasukan Khusus\nLink: https://t.co/Rt94LNSDXH\xe2\x80\xa6 https://t.co/YF1EM51IYP'
b'@Frei_Sinn @Ukraine Presiden AS akan Meruntuhkan Rubel Rusia &amp; Membentuk Pasukan Khusus\nLink:\xe2\x80\xa6 https://t.co/ARsALit0IC'
b'@HurryKoRn Presiden AS akan Meruntuhkan Rubel Rusia &amp; Membentuk Pasukan Khusus\nLink: https://t.co/Rt94LNSDXH\n\nBantu\xe2\x80\xa6 https://t.co/dzWX3Ezsr8'
b'@Rhiski_kkk Presiden AS akan Meruntuhkan Rubel Rusia &amp; Membentuk Pasukan Khusus\nLink: https://t.co/Rt94LNSDXH\n\nBant\xe2\x80\xa6 https://t.co/odQWcrAdhs'
b'@AnggaJufran Presiden AS akan Meruntuhkan Rubel Rusia &amp; Membentuk Pasukan Khusus\nLink: https://t.co/Rt94LNSDXH\n\nBan\xe2\x80\xa6 https://t.co/FJuMbweWRB'
b'@Cascudo29227512 Presiden AS akan Meruntuhkan Rubel Rusia &amp; Membentuk Pasukan Khusus\nLink: https://t.co/Rt94LNSDXH\xe2\x80\xa6 https://t.co/R6bitvE58y'
b'@DoxTimes Presiden AS akan Meruntuhkan Rubel Rusia &amp; Membentuk Pasukan Khusus\nLink: https://t.co/Rt94LNSDXH\n\nBantu\xe2\x80\xa6 https://t.co/9n89QapFiV'
b'@tomsss_____ Presiden AS akan Meruntuhkan Rubel Rusia &amp; Membentuk Pasukan Khusus\nLink: https://t.co/Rt94LNSDXH\n\nBan\xe2\x80\xa6 https://t.co/NnkpyJVxH2'
b'@suci_orang Presiden AS akan Meruntuhkan Rubel Rusia &amp; Membentuk Pasukan Khusus\nLink: https://t.co/Rt94LNSDXH\n\nBant\xe2\x80\xa6 https://t.co/sz7T0Laqte'
b'@Rakeshkyatham1 Presiden AS akan Meruntuhkan Rubel Rusia &amp; Membentuk Pasukan Khusus\nLink: https://t.co/Rt94LNSDXH\xe2\x80\xa6 https://t.co/QwSDCFMkLs'
b'@WathonAminul Presiden AS akan Meruntuhkan Rubel Rusia &amp; Membentuk Pasukan Khusus\nLink: https://t.co/Rt94LNSDXH\n\nBa\xe2\x80\xa6 https://t.co/C4Ge1dANIN'
b'@suandi_edy Presiden AS akan Meruntuhkan Rubel Rusia &amp; Membentuk Pasukan Khusus\nLink: https://t.co/Rt94LNSDXH\n\nBant\xe2\x80\xa6 https://t.co/JWhvMCNjzx'
b'@alaka_abideen @BashirAhmaad Presiden AS akan Meruntuhkan Rubel Rusia &amp; Membentuk Pasukan Khusus\nLink:\xe2\x80\xa6 https://t.co/Opr7yEWTHz'
b'@KinGTomverse Presiden AS akan Meruntuhkan Rubel Rusia &amp; Membentuk Pasukan Khusus\nLink: https://t.co/Rt94LNSDXH\n\nBa\xe2\x80\xa6 https://t.co/05E8BensYl'
b'@PikeSteer Presiden AS akan Meruntuhkan Rubel Rusia &amp; Membentuk Pasukan Khusus\nLink: https://t.co/Rt94LNSDXH\n\nBantu\xe2\x80\xa6 https://t.co/sFSa5BMhm3'
b'@Otnawrup11 @EdanBolaRCBFM Presiden AS akan Meruntuhkan Rubel Rusia &amp; Membentuk Pasukan Khusus\nLink:\xe2\x80\xa6 https://t.co/Aa3trY7vWw'
b'@BeritaviralTv Presiden AS akan Meruntuhkan Rubel Rusia &amp; Membentuk Pasukan Khusus\nLink: https://t.co/Rt94LNSDXH\n\nB\xe2\x80\xa6 https://t.co/Daasu6rBDS'
b'@titto_wolf Presiden AS akan Meruntuhkan Rubel Rusia &amp; Membentuk Pasukan Khusus\nLink: https://t.co/Rt94LNSDXH\n\nBant\xe2\x80\xa6 https://t.co/H4Y66WiAGO'
"b'RT @sultan_balfas: Di luar Gereja Ortodoks, pasukan #Rusia dari agama @Islam sedang sholat di jaga oleh teman nya.\n\nBergabung di channel te\xe2\x80\xa6'"
b'@shoeempireKE Presiden AS akan Meruntuhkan Rubel Rusia &amp; Membentuk Pasukan Khusus\nLink: https://t.co/Rt94LNSDXH\n\nBa\xe2\x80\xa6 https://t.co/uvFVrX6DeM'
b'@aqila2022winctx Presiden AS akan Meruntuhkan Rubel Rusia &amp; Membentuk Pasukan Khusus\nLink: https://t.co/Rt94LNSDXH\xe2\x80\xa6 https://t.co/rlcuG4lp5I'
b'@iamverytolol Presiden AS akan Meruntuhkan Rubel Rusia &amp; Membentuk Pasukan Khusus\nLink: https://t.co/Rt94LNSDXH\n\nBa\xe2\x80\xa6 https://t.co/8S6q3Rrtw2'
b'@bonschatzi25 Presiden AS akan Meruntuhkan Rubel Rusia &amp; Membentuk Pasukan Khusus\nLink: https://t.co/Rt94LNSDXH\n\nBa\xe2\x80\xa6 https://t.co/PViLJyjVO9'
b'@PerangDuniaIII Presiden AS akan Meruntuhkan Rubel Rusia &amp; Membentuk Pasukan Khusus\nLink: https://t.co/Rt94LNSDXH\xe2\x80\xa6 https://t.co/m3oDKXEuqz'
b'@LenaYuliana07 Presiden AS akan Meruntuhkan Rubel Rusia &amp; Membentuk Pasukan Khusus\nLink: https://t.co/Rt94LNSDXH\n\nB\xe2\x80\xa6 https://t.co/39zqSUUBET'
b'@DoxTimes Presiden AS akan Meruntuhkan Rubel Rusia &amp; Membentuk Pasukan Khusus\nLink: https://t.co/Rt94LNSDXH\n\nBantu\xe2\x80\xa6 https://t.co/g7jCxnCEDT'
b'@KaberereWaThuo Presiden AS akan Meruntuhkan Rubel Rusia &amp; Membentuk Pasukan Khusus\nLink: https://t.co/Rt94LNSDXH\xe2\x80\xa6 https://t.co/hxKNp50TDT'
b'@HammadS10364821 @BhadraPunchline Presiden AS akan Meruntuhkan Rubel Rusia &amp; Membentuk Pasukan Khusus\nLink:\xe2\x80\xa6 https://t.co/x6usPKSnlk'
b'RT @NasDem: Banyak dampak negatif yang terjadi akibat terjadinya perang. Perang antara Rusia dan Ukraina juga memberikan imbas yang tidak b\xe2\x80\xa6'
b'@acongplur Presiden AS akan Meruntuhkan Rubel Rusia &amp; Membentuk Pasukan Khusus\nLink: https://t.co/Rt94LNSDXH\n\nBantu\xe2\x80\xa6 https://t.co/kQ7UQbhdSF'
b'@Kucingbirutuaa Presiden AS akan Meruntuhkan Rubel Rusia &amp; Membentuk Pasukan Khusus\nLink: https://t.co/Rt94LNSDXH\xe2\x80\xa6 https://t.co/Pa2JDp3Qp7'
b'@g_farragut Presiden AS akan Meruntuhkan Rubel Rusia &amp; Membentuk Pasukan Khusus\nLink: https://t.co/Rt94LNSDXH\n\nBant\xe2\x80\xa6 https://t.co/opBo0ELIMB'
b'@g_farragut Presiden AS akan Meruntuhkan Rubel Rusia &amp; Membentuk Pasukan Khusus\nLink: https://t.co/Rt94LNSDXH\n\nBant\xe2\x80\xa6 https://t.co/pWwZ1Np8Cb'
b'@jagungsusuenak Presiden AS akan Meruntuhkan Rubel Rusia &amp; Membentuk Pasukan Khusus\nLink: https://t.co/Rt94LNSDXH\xe2\x80\xa6 https://t.co/ia4kNKz5QH'
b'@oaltinkaynak Presiden AS akan Meruntuhkan Rubel Rusia &amp; Membentuk Pasukan Khusus\nLink: https://t.co/Rt94LNSDXH\n\nBa\xe2\x80\xa6 https://t.co/3jJhv3akgs'
b'@Wadi254 Presiden AS akan Meruntuhkan Rubel Rusia &amp; Membentuk Pasukan Khusus\nLink: https://t.co/Rt94LNSDXH\n\nBantu S\xe2\x80\xa6 https://t.co/Cf1LBUJw9P'
b'@LaHair7 Presiden AS akan Meruntuhkan Rubel Rusia &amp; Membentuk Pasukan Khusus\nLink: https://t.co/Rt94LNSDXH\n\nBantu S\xe2\x80\xa6 https://t.co/I388YWGHEL'
b'@d_wili313rofi Presiden AS akan Meruntuhkan Rubel Rusia &amp; Membentuk Pasukan Khusus\nLink: https://t.co/Rt94LNSDXH\n\nB\xe2\x80\xa6 https://t.co/VITonEWc79'
b'@Abbie_makwana Presiden AS akan Meruntuhkan Rubel Rusia &amp; Membentuk Pasukan Khusus\nLink: https://t.co/Rt94LNSDXH\n\nB\xe2\x80\xa6 https://t.co/EH2rm5lXUO'
b'@clara_asma Presiden AS akan Meruntuhkan Rubel Rusia &amp; Membentuk Pasukan Khusus\nLink: https://t.co/Rt94LNSDXH\n\nBant\xe2\x80\xa6 https://t.co/8PZDsdd2wy'
b'@IndiVdu_Merdeka Presiden AS akan Meruntuhkan Rubel Rusia &amp; Membentuk Pasukan Khusus\nLink: https://t.co/Rt94LNSDXH\xe2\x80\xa6 https://t.co/eN0XJT1TzC'
b'@yourroutinee Presiden AS akan Meruntuhkan Rubel Rusia &amp; Membentuk Pasukan Khusus\nLink: https://t.co/Rt94LNSDXH\n\nBa\xe2\x80\xa6 https://t.co/DR7Sq8SIpE'
b'@eatmydata1745 Presiden AS akan Meruntuhkan Rubel Rusia &amp; Membentuk Pasukan Khusus\nLink: https://t.co/Rt94LNSDXH\n\nB\xe2\x80\xa6 https://t.co/onRcGR4V7L'
b'@coto_makasar_yk Presiden AS akan Meruntuhkan Rubel Rusia &amp; Membentuk Pasukan Khusus\nLink: https://t.co/Rt94LNSDXH\xe2\x80\xa6 https://t.co/8l8VV6NKxu'
b'@ACelso13 Presiden AS akan Meruntuhkan Rubel Rusia &amp; Membentuk Pasukan Khusus\nLink: https://t.co/Rt94LNSDXH\n\nBantu\xe2\x80\xa6 https://t.co/7jh02UvQd2'
b'@AliyulMuslim Presiden AS akan Meruntuhkan Rubel Rusia &amp; Membentuk Pasukan Khusus\nLink: https://t.co/Rt94LNSDXH\n\nBa\xe2\x80\xa6 https://t.co/dP427Y2Zcm'
b'@zha_benk2 Presiden AS akan Meruntuhkan Rubel Rusia &amp; Membentuk Pasukan Khusus\nLink: https://t.co/Rt94LNSDXH\n\nBantu\xe2\x80\xa6 https://t.co/c46B2RIamO'
b'@muh_assyiri Presiden AS akan Meruntuhkan Rubel Rusia &amp; Membentuk Pasukan Khusus\nLink: https://t.co/Rt94LNSDXH\n\nBan\xe2\x80\xa6 https://t.co/w7Py72aevs'
b'@NazdiArifin Presiden AS akan Meruntuhkan Rubel Rusia &amp; Membentuk Pasukan Khusus\nLink: https://t.co/Rt94LNSDXH\n\nBan\xe2\x80\xa6 https://t.co/QR0Ia39KMb'
b'@KompasData Presiden AS akan Meruntuhkan Rubel Rusia &amp; Membentuk Pasukan Khusus\nLink: https://t.co/Rt94LNSDXH\n\nBant\xe2\x80\xa6 https://t.co/JHi5ePfEDE'
b'@EliasMezaCota Presiden AS akan Meruntuhkan Rubel Rusia &amp; Membentuk Pasukan Khusus\nLink: https://t.co/Rt94LNSDXH\n\nB\xe2\x80\xa6 https://t.co/DPxf7FIw0F'
b'@DevpalOfficial Presiden AS akan Meruntuhkan Rubel Rusia &amp; Membentuk Pasukan Khusus\nLink: https://t.co/Rt94LNSDXH\xe2\x80\xa6 https://t.co/cJzEMSuEpU'
b'RT @tanpakata05: Ngapain Ukraina minta dukungan dari Indonesia? @DPR_RI\nUkraina mendukung pembunuhan rakyat Palestina oleh Israel #Ukraina\xe2\x80\xa6'
b'@DevpalOfficial Warga Ukraina Menghentikan Tentara Rusia di Kota Melitopol\nLINK: https://t.co/gcCsJNPYHL\n\nBANTU SUB\xe2\x80\xa6 https://t.co/6453tZANN2'
b'@Zzzzzed2 Warga Ukraina Menghentikan Tentara Rusia di Kota Melitopol\nLINK: https://t.co/gcCsJNPYHL\n\nBANTU SUBSCRIBE\xe2\x80\xa6 https://t.co/C2WQU5iFtG'
b'@catchmeupid Warga Ukraina Menghentikan Tentara Rusia di Kota Melitopol\nLINK: https://t.co/gcCsJNPYHL\n\nBANTU SUBSCR\xe2\x80\xa6 https://t.co/qaGU57Sb86'
b'@Andypermata20 Warga Ukraina Menghentikan Tentara Rusia di Kota Melitopol\nLINK: https://t.co/gcCsJNPYHL\n\nBANTU SUBS\xe2\x80\xa6 https://t.co/9EwVrDsvXo'
b'@Taqimhmd @hidcom Warga Ukraina Menghentikan Tentara Rusia di Kota Melitopol\nLINK: https://t.co/gcCsJNPYHL\n\nBANTU S\xe2\x80\xa6 https://t.co/wsqhV55Mxq'
b'@RashtrSarvopri Warga Ukraina Menghentikan Tentara Rusia di Kota Melitopol\nLINK: https://t.co/gcCsJNPYHL\n\nBANTU SUB\xe2\x80\xa6 https://t.co/38eXczSSIZ'
b'@TengkuNanda4 @cuankionlen @UN Warga Ukraina Menghentikan Tentara Rusia di Kota Melitopol\nLINK:\xe2\x80\xa6 https://t.co/UZfZGs8uw6'
b'@Passh_Evav Warga Ukraina Menghentikan Tentara Rusia di Kota Melitopol\nLINK: https://t.co/gcCsJNPYHL\n\nBANTU SUBSCRI\xe2\x80\xa6 https://t.co/NbB7Z3agW4'
b'@DoxTimes Warga Ukraina Menghentikan Tentara Rusia di Kota Melitopol\nLINK: https://t.co/gcCsJNPYHL\n\nBANTU SUBSCRIBE\xe2\x80\xa6 https://t.co/ocrkkdvqh4'
b'@karibuMathare Warga Ukraina Menghentikan Tentara Rusia di Kota Melitopol\nLINK: https://t.co/gcCsJNPYHL\n\nBANTU SUBS\xe2\x80\xa6 https://t.co/AwPbFDjCOK'
"b'@rifa7ar Warga Ukraina Menghentikan Tentara Rusia di Kota Melitopol\nLINK: https://t.co/gcCsJNPYHL\n\nBANTU SUBSCRIBE,\xe2\x80\xa6 https://t.co/w10e33jkrE'"
b'@Toni17250685 @SBYudhoyono Warga Ukraina Menghentikan Tentara Rusia di Kota Melitopol\nLINK: https://t.co/gcCsJNPYHL\xe2\x80\xa6 https://t.co/WfgmC3pFKn'
b'@AuresDz3 @FIFAcom @NATO @Russia Warga Ukraina Menghentikan Tentara Rusia di Kota Melitopol\nLINK:\xe2\x80\xa6 https://t.co/wBeRoC68Ut'
b'@_ShubhShukla Warga Ukraina Menghentikan Tentara Rusia di Kota Melitopol\nLINK: https://t.co/gcCsJNPYHL\n\nBANTU SUBSC\xe2\x80\xa6 https://t.co/JbtLuwltP8'
b'@reranzi92 Warga Ukraina Menghentikan Tentara Rusia di Kota Melitopol\nLINK: https://t.co/gcCsJNPYHL\n\nBANTU SUBSCRIB\xe2\x80\xa6 https://t.co/OIQGpfKXbX'
b'@NoviFit92186567 Warga Ukraina Menghentikan Tentara Rusia di Kota Melitopol\nLINK: https://t.co/gcCsJNPYHL\n\nBANTU SU\xe2\x80\xa6 https://t.co/RNvaaKZcg0'
"b'@opastas Warga Ukraina Menghentikan Tentara Rusia di Kota Melitopol\nLINK: https://t.co/gcCsJNPYHL\n\nBANTU SUBSCRIBE,\xe2\x80\xa6 https://t.co/oNrrnduhQO'"
b'@Sylvia_Ramadhan Warga Ukraina Menghentikan Tentara Rusia di Kota Melitopol\nLINK: https://t.co/gcCsJNPYHL\n\nBANTU SU\xe2\x80\xa6 https://t.co/R8OIkP3CSg'
b'@Rizalputra06 Warga Ukraina Menghentikan Tentara Rusia di Kota Melitopol\nLINK: https://t.co/gcCsJNPYHL\n\nBANTU SUBSC\xe2\x80\xa6 https://t.co/JAkgimV8sI'
b'@Maksum_Mulyana Warga Ukraina Menghentikan Tentara Rusia di Kota Melitopol\nLINK: https://t.co/gcCsJNPYHL\n\nBANTU SUB\xe2\x80\xa6 https://t.co/GAMNb8kJbJ'
"b'@LaHair7 Warga Ukraina Menghentikan Tentara Rusia di Kota Melitopol\nLINK: https://t.co/gcCsJNPYHL\n\nBANTU SUBSCRIBE,\xe2\x80\xa6 https://t.co/UnGyiF60LO'"
"b'@cal19me Warga Ukraina Menghentikan Tentara Rusia di Kota Melitopol\nLINK: https://t.co/gcCsJNPYHL\n\nBANTU SUBSCRIBE,\xe2\x80\xa6 https://t.co/qCpc9EUpRE'"
"b'@2_btts Warga Ukraina Menghentikan Tentara Rusia di Kota Melitopol\nLINK: https://t.co/gcCsJNPYHL\n\nBANTU SUBSCRIBE,\xe2\x80\xa6 https://t.co/3SumFl5R5x'"
"b'@DSmrta8 Warga Ukraina Menghentikan Tentara Rusia di Kota Melitopol\nLINK: https://t.co/gcCsJNPYHL\n\nBANTU SUBSCRIBE,\xe2\x80\xa6 https://t.co/ByPH0HcicI'"
b'@InYourDream997 Warga Ukraina Menghentikan Tentara Rusia di Kota Melitopol\nLINK: https://t.co/gcCsJNPYHL\n\nBANTU SUB\xe2\x80\xa6 https://t.co/rnq5ZjYjXU'
b'@ijaydenx Warga Ukraina Menghentikan Tentara Rusia di Kota Melitopol\nLINK: https://t.co/gcCsJNPYHL\n\nBANTU SUBSCRIBE\xe2\x80\xa6 https://t.co/wmt9rds7EU'
"b'@4ndiw3n Warga Ukraina Menghentikan Tentara Rusia di Kota Melitopol\nLINK: https://t.co/gcCsJNPYHL\n\nBANTU SUBSCRIBE,\xe2\x80\xa6 https://t.co/8uloqnvnPx'"
b'@catchmeupid Warga Ukraina Menghentikan Tentara Rusia di Kota Melitopol\nLINK: https://t.co/gcCsJNPYHL\n\nBANTU SUBSCR\xe2\x80\xa6 https://t.co/d6RT09yOYv'
b'@BeritaviralTv Warga Ukraina Menghentikan Tentara Rusia di Kota Melitopol\nLINK: https://t.co/gcCsJNPYHL\n\nBANTU SUBS\xe2\x80\xa6 https://t.co/rhm5MQDdIT'
b'@komentarnyleneh @Mentimoen Warga Ukraina Menghentikan Tentara Rusia di Kota Melitopol\nLINK:\xe2\x80\xa6 https://t.co/TRx5PHGb1z'
b'@Setiani54293658 Warga Ukraina Menghentikan Tentara Rusia di Kota Melitopol\nLINK: https://t.co/gcCsJNPYHL\n\nBANTU SU\xe2\x80\xa6 https://t.co/17aTkqJfOR'
b'@tanpakata05 @DPR_RI Warga Ukraina Menghentikan Tentara Rusia di Kota Melitopol\nLINK: https://t.co/gcCsJNPYHL\n\nBANT\xe2\x80\xa6 https://t.co/CLPY3GgDGA'
b'@kabarpenumpang Warga Ukraina Menghentikan Tentara Rusia di Kota Melitopol\nLINK: https://t.co/gcCsJNPYHL\n\nBANTU SUB\xe2\x80\xa6 https://t.co/Bi2PGnpQbf'
b'@ardie_wibowo10 Warga Ukraina Menghentikan Tentara Rusia di Kota Melitopol\nLINK: https://t.co/gcCsJNPYHL\n\nBANTU SUB\xe2\x80\xa6 https://t.co/bvnkp3W6Fp'
b'@Habibi_Mahar Warga Ukraina Menghentikan Tentara Rusia di Kota Melitopol\nLINK: https://t.co/gcCsJNPYHL\n\nBANTU SUBSC\xe2\x80\xa6 https://t.co/hWltPI4kSU'
b'@catchmeupid Warga Ukraina Menghentikan Tentara Rusia di Kota Melitopol\nLINK: https://t.co/gcCsJNPYHL\n\nBANTU SUBSCR\xe2\x80\xa6 https://t.co/xboBu8l2PW'
b'@karibuMathare Warga Ukraina Menghentikan Tentara Rusia di Kota Melitopol\nLINK: https://t.co/gcCsJNPYHL\n\nBANTU SUBS\xe2\x80\xa6 https://t.co/sHGhfkeqIk'
b'@dukaatuhmamahda Warga Ukraina Menghentikan Tentara Rusia di Kota Melitopol\nLINK: https://t.co/gcCsJNPYHL\n\nBANTU SU\xe2\x80\xa6 https://t.co/GQcHnvj6Zv'
b'@pemudamerahh Warga Ukraina Menghentikan Tentara Rusia di Kota Melitopol\nLINK: https://t.co/gcCsJNPYHL\n\nBANTU SUBSC\xe2\x80\xa6 https://t.co/VhzMPEhqx5'
b'@bakariubena Warga Ukraina Menghentikan Tentara Rusia di Kota Melitopol\nLINK: https://t.co/gcCsJNPYHL\n\nBANTU SUBSCR\xe2\x80\xa6 https://t.co/pxVn040DZl'
b'@IndiVdu_Merdeka Warga Ukraina Menghentikan Tentara Rusia di Kota Melitopol\nLINK: https://t.co/gcCsJNPYHL\n\nBANTU SU\xe2\x80\xa6 https://t.co/3MOqnMvDyl'
b'@Rasspad22 Warga Ukraina Menghentikan Tentara Rusia di Kota Melitopol\nLINK: https://t.co/gcCsJNPYHL\n\nBANTU SUBSCRIB\xe2\x80\xa6 https://t.co/IWCIB5Cr7G'
b'@ardie_wibowo10 Warga Ukraina Menghentikan Tentara Rusia di Kota Melitopol\nLINK: https://t.co/gcCsJNPYHL\n\nBANTU SUB\xe2\x80\xa6 https://t.co/HX5fkiC8Rs'
b'@rian_fantesa Warga Ukraina Menghentikan Tentara Rusia di Kota Melitopol\nLINK: https://t.co/gcCsJNPYHL\n\nBANTU SUBSC\xe2\x80\xa6 https://t.co/3xqF5RqDLy'
b'@AliyulMuslim Warga Ukraina Menghentikan Tentara Rusia di Kota Melitopol\nLINK: https://t.co/gcCsJNPYHL\n\nBANTU SUBSC\xe2\x80\xa6 https://t.co/AH9yVTRvK1'
