a,dan,c,jawaban,nya,min,mainnakerpresidensiggindonesiaewgindonesia
ayo,siapa,yang,takut,..,amerika,rusia,ketemuan,..,di,bali,..,gindonesia,hebatnya,..,bu,da
gerakan,nasional,literasi,digital,digital,talent,scholarship,digital,leadership,academy,program,kartu,prakerjalpsi
indonesia,...,indonesiajuara,indonesiahebatindonesiadamai
keren,bangetmas,memtri,dengan,program,merdeka,belajarnyagindonesia,presidensiindonesia
konsumen,konsumen,industri,dan,rumah,tangga,perlu,segera,diberdayakan,menjadi,koperasi,koperasi
lapor,pak,bisanya,cewe,sekarang,bego,bencong,joget,malah,disuka,mendingan,pada,doa,perang,mau,d
pak,yth,kami,perencana,koperasi,memastikan,bahwa,core,values,bagi,g
sepertinya,..,di,bali,...,saat,...,gindonesiaakan,ada,keputusan,dari,yang,bisa
cewe,ga,jelas,bencong,joget,malah,diteriakin,mendingan,pada,doa,perang,mau,datang,di,event,g,di
cewe,sekarang,bego,bencong,joget,malah,disuka,mendingan,pada,doa,perang,mau,datang,di,event,g
cewe,sekarang,bego,bencong,joget,malah,ditonton,ya,mendingan,pada,doa,perang,mau,datang,di,event
gila,bencong,nari,ditonton,pikirin,tuh,ancaman,mau,datang,di,event,g,di,bali,indonesia,akan
gila,lo,ga,usah,bahas,perang,rusia,ukraina,di,g,formula,e,urusan,bang,mending,lo,nonton
jika,amerika,adalah,negara,besara,dan,negara,yang,pro,perdamaian,maka,amerika,akan,datang,gindonesia
joget,kaya,bencong,aja,banyak,yg,nonton,org,indo,harusnya,mikir,ancaman,lebih,besar,mau,datang,di,event
kesel,lah,gw,masa,isi,twitter,bencong,joget,semua,pada,ga,mikir,apa,indonesia,m
menetapkan,kota,bandung,jawa,barat,sebagai,lokasi,penyelenggaraan,pertemuan,kedua,kelompok,kerja,pen
ngapain,lo,ngurusin,bencong,nari,pikirin,tuh,formula,e,ancaman,lebih,besar,mau,datang,di,event,g,d
potensi,kekuatan,indonesia,membangun,kerja,sama,konkret,dgn,perusahaan,besar,amerika,serikat,indonesia,berkemban
tidak,hanya,berupaya,mewujudkan,transformasi,digital,di,dalam,negeri,namun,juga,memperjuangkannya,pada
sedang,berlangsungthe,g,sustainable,finance,private,sector,roundtable,xd,forum,ini,menjadi,tempat,berdiskusi,tentang
acara,ini,jg,jadi,momentum,memperkuat,promosi,produk,umkm,lokal,yg,sejalan,dg,agenda,inklusi,keuangan,pd,presidensi,g
alhamdulillah,pak,presiden,memastikan,bahwa,pak,elon,musk,akan,hadir,di,gindonesia,di,november,yang,tentu
alhamdulillah,pak,presiden,memastikan,bahwa,pak,akan,hadir,di,di,november,yang,tentu
anggota,g,menyerukan,diakhirinya,perang,sesegera,mungkin.hal,ini,disampaikan,menkeusmi,dalam,konferesi,pers,yang,diada
women,in,business,action,council,wibac,menggelar,pertemuan,bilateral,dengan,menteri,koperasi,dan,ukm,republik,indo
bagaimana,menurut,anda,tentang,rencana,renovasi,kubah,gedung,dpr,streaming,jam,di,kanal,youtube
bahlil,mengatakan,bahwa,presidensi,g,indonesia,merupakan,momentum,terbaik,dalam,rangka,membangun,konsepsi,gl
berdasarkan,laporan,climate,bonds,initiative,penerbitan,obligasi,hijau,green,bonds,di,indonesia,baru,mencapai,us
berita,tentang,komitmen,indonesia,terhadap,tunisia,dalam,membuka,peningkatan,kerjasama,dalam,berbagai,bidang,ekonomi
besok,ada,turnamen,final,di,arena,soalnya,ada,dr,zomboss,bakal,comeback.pvz,arena,pennyspursuit,gindonesia
bonus,demografi,ini,menjadi,kesempatan,strategis,bagi,x,untuk,melakukan,berbagai,percepatan,pembangunan,dengan,du
dewg,gindonesia,sepakati,lima,isu,krusial,di,dunia,digital
dalam,hal,ini,ekosistem,pendidikan,indonesia,secara,bergotong,royong,telah,melakukan,akselerasi,transformasi,seba
dalam,pertemuan,tersebut,kemendikbudristek,akan,memperkuat,komitmen,untuk,pulihbersama,dalam,menciptakan,pendidikan,ya
dalam,rangka,memperluas,diskusi,tersebut,akan,menyelenggarakan,kegiatan,road,to,g,investment,forum,dengan,topi
dalam,rangka,meningkatkan,upaya,strategis,gabungan,untuk,mempercepat,transisi,energi,mengurangi,emisi,karbon,yang
dalam,rangka,mewujudkan,upaya,global,untuk,dapat,pulihbersama,dan,menciptakan,pendidikan,berkualitas,di,seluruh,dunia
delegasi,dewg,g,berupaya,atasi,kesenjangan,digital,dengan,membahas,perangkat,untuk,mengukur,keterampilan,dan,lite
demikian,mengemuka,pada,pertemuan,nd,global,partnership,for,financial,inclusion,plenary,meeting,yang,diselenggarak
di,masa,kini,dana,ini,berfungsi,untuk,mendukung,ketahanan,dan,stabilitas,ekonomi,demi,pulihbersama,asobat,pantau,t
di,tahun,penduduk,usia,produktif,tahun,di,x,akan,lebih,besar,dibanding,usia,nonproduktif
digitalisasi,sektor,keuangan,merupakan,salah,satu,game,changer,bagi,dunia,dalam,upaya,pulihbersama,akibat,pandemi,covi
direktur,utama,rumah,sakit,pusat,infeksi,sulianti,saroso,dr,mohammad,syahril,resmi,menjadi,juru,bicara,kemenkes,s
dua,pencapaian,sudah,diraih,namun,masih,ada,agenda,prioritas,edwg,lainnya,yang,akan,dibahas,yaitu,solidaritas
dukungan,terhadap,umkmgodigital_goglobal,menjadi,pembahasan,utama,kki,tahun,ini,selain,itu,kegiatan,ini,juga
dunia,pendidikan,mengalami,masalah,pada,dua,tahun,terakhir,pandemi,covid,salah,satu,masalah,yang,menjadi,perhat
era,indonesia,e,berjalan,dengan,bangga,dan,kepala,tegak,dihadapan,bangsa,lain,dan,tidak,tertunduk,tapi,tegak,in
finalisasi,dokumen,untuk,persidangan,pergantian,perwalian,anak,almh,farah.berita,selengkapnya,silahkan,klik,link
g,empower,gelar,plenary,meeting,kedua,di,yogyakarta,dorong,kontribusi,peran,perempuan
hardiknas,rutan,jeneponto,gelar,upacara,bendera,peringati,hari,pendidikan,nasional,selengkapnya,baca,di,...
hai,sohisebagai,tempat,banyak,pertemuan,konferensi,internasional,seperti,imf,world,bank,serta,ktt,g
hal,ini,secara,tidak,langsung,telah,mendorong,perubahan,ukm,dari,konvensional,ke,digital,dalam,hal,ini,peran,teknologi
halo,sobatkom,indonesia,resmi,memegang,presidensi,g,selama,satu,tahun,penuh,artinya,akan,banyak,manfaat,serta
halo,sobatkom,pembentukan,g,bertujuan,untuk,mewujudkan,pertumbuhan,global,yang,kuat,serta,berkelanjutan,lantas
happy,vesak,day.pray,for,peace,and,harmony,on,this,auspicious,day.selamat,hari,raya,waisak,be,tahun
hari,ini,ada,turnamen,final,di,arena,karenanya,dr,zomboss,bakal,muncul,kembali.pvz,arena,pennyspursuit,gindonesia
indonesia,gpedia,mengapa,lapangan,kerja,berkelanjutan,jadi,agenda,penting,bagi,x,di,g
indonesia,mempunyai,peluang,untukrewriting,global,ev,and,esg,supply,chain,xd,dengan,kombinasi,sumber,daya,alam,indust
ingin,tahu,lebih,lanjut,diskusi,dan,aspirasi,para,delegasi,negara,g,dan,kemendikbudristek,ikuti,terus,informasi
ini,merupakan,kelanjutan,dari,kunjungan,bersama,pak,menko,luhut,binsar,pandjaitan,dan,pak,dubes,rosan,roeslani,minggu
jadi,bagaimana,wargi,dapat,membantu,komunitas,lokal,dalam,menghadapi,tantangan,pemulihan,ekonomi,dan,sosial,untuk,semua
jangan,lewatkan,kuliah,umum,peran,aktif,indonesia,dalam,g,upaya,indonesia,dalam,deeskalasi,konflik,rusia-ukrain
jokowi,effect,harga,sawit,rekor,tertinggi,sepanjang,masa,minyakgoreng,cpo,sawit,indonesia,g,gindonesia
jubir,g,maudy,ayunda,jelaskan,fokus,utama,isu,energi,gindonesia,maudyayunda,jernihkanharapan,kompascom
karena,itu,presidensi,gindonesia,menekankan,pentingnya,perluasan,akses,keuangan,demi,meningkatkan,inklusi,keuangan
kasihan,teman,kecil,kita,sedari,kecil,terlilit,karet,gelang,plastik,tubuhnya,pun,ikut,menyusut,tertekuk,karet,t
kawal,programkerja,s,d,.,..,untuk,kebaikan,bangsa,dan,negara,gindonesia,sayabersamajokowi,ht
keberanian,presiden,tolak,intervensi,us,tetap,undang,rusia,ukraina,di,gindonesia,jadi,sorotan,media,dunia
kegiatan,ini,akan,membahas,tantangan,serta,upaya,yang,perlu,dilakukan,dalam,memperkuat,produktivitas,daya,saing
kemendikbudristek,menekankan,pentingnya,transformasi,berbasis,gotong,royong,untuk,pemulihan,pendidikan,g
kominfo,hari,ini,membuka,sidang,kedua,dewg,bagian,dari,presidensi,g,indonesia,pada,sekitar,pukul,..,apa,saj
kuliah,umumperan,aktif,indonesia,dalam,g,upaya,indonesia,dalam,deeskalasi,konflik,rusia-ukraina,xd,inaugurasi
lapor,pak,cewe,sekarang,bego,bencong,joget,malah,disuka,padahal,perang,mau,datang,di,event,g,di,bali,ind
lemhanas,siapkan,skenario,pembahasan,ekonomi,global,di,forum,g
main,tebak-tebakan,yuk,rekanaker,apa,isu,prioritas,yang,dibahas,dalam,employment,working,group,ewg,meeting,gindon
mangrove,forest,area,tahura,ngurah,rai,telaga,waja,benoa,bay,nusa,dua,bali,recovertogetherrecoverstronger
mantuul,...,makanan,tersebut,dihidangkan,secara,menarik,khususnya,paduan,warna,sehingga,mengundang,perhatian,para,delegasi
mari,bersama,dukung,penuh,pertemuan,g,empower,untuk,menjadikan,perempuan,sebagai,katalisator,dalam,pembangunan,ek
mari,dukung,penuh,pertemuan,g,empower,untuk,menjadikan,perempuan,sebagai,katalisator,dalam,pembangunan,ekonomi,dunia
masalah,inklusi,keuangan,dan,transformasi,digital,ini,ternyata,memang,sangat,penting,ya.maka,itu,pula,topik,ini
melalui,berbagai,terobosan,merdeka,belajar,pemulihan,pembelajaran,dilakukan,antara,lain,dengan,menghadirkan,kuriku
melanjutkan,pertemuan,perdana,g,education,working,group,edwg,pada,maret,lalu,kemendikbudristek,akan
mendikbud,ristek,nadiem,makarim,akan,memperkenalkan,program,merdeka,belajar,kepada,negara-negara,g,pada,hari,ini
mendikbudristek,akan,sampaikan,berbagai,terobosan,merdeka,belajar,dalam,pertemuan,kedua,edwg,g,gindonesia,presiden
menindaklanjuti,st,edm-cswg,di,yogyakarta,dan,sebelum,pertemuan,ke,yang,akan,dilaksanakan,di,jakarta,pada,tang
menkominfo,johnny,g,plate,mengatakan,pemerintah,berkoordinasi,dengan,anggota,g,lainnya,partner,lokal,dan,globa
menkominfo,berharap,agar,sidang,kedua,dewg,g,ini,dapat,menghasilkan,kesepakatan,terbaik,dan,setiap,delegasi,memiliki,k
menkominfo,menjelaskan,sidang,kedua,dewg,berjalan,dengan,baik,lancar,dan,fokus,terdapat,pemahaman,yang,saling,meleng
menparekraf,juga,berpesan,agar,kedepannya,kita,bisa,berkolaborasi,membangun,pariwisata,berkelanjutan,yang,mengedepa
menteri,keuangan,sri,mulyani,telah,melakukan,pertemuan,kedua,finance,ministers,and,central,bank,governors,fmcbg,g
menteri,komunikasi,dan,informatika,johnny,g,plate,menyambut,para,delegasi,negara,anggota,g,yang,hadir
nah,coba,tulis,harapanmu,untuk,presidensi,g,indonesia,di,kolom,komentar,ya,xgindonesia,pulihbersama
narahubung,makincakapdigital,cfdsbagiilmu,eventmahasiswa,eventjogja,eventonline
oleh,karena,itu,bekerjasama,dengan,sinarmas,land,mengadakan,side,event,dengan,temaac
one,global,women,empowerment,ogwe,merupakan,sebuah,platform,yang,dirancang,untuk,memungkinkan,pengusaha,perempuan,didu
prakarsa,sebagai,anggota,c,memandang,perlindungan,yang,adaptif,terhadap,pekerja,informal,harus,diperluas,penin
pada,dan,telah,menyelenggarakan,seminar,internasional,sebagai,side,event,gindonesi
pada,pelaksanaannya,mengoordinasikan,pembahasan,isu-isu,sherpa,track,dan,berperan,dalam,mem
pandemi,covid,telah,menurunkan,daya,beli,masyarakat,pasalnya,masyarakat,telah,mengurangi,interaksi,di,luar,ruangan
pasar,ekologi,argowijil,merupakan,pasar,tradisional,yang,memegang,prinsip,pengendalian,pembangunan,sektor,pertambangan,d
pembahasan,isu,melalui,pertemuan,sherpa,track,ini,diharapkan,dapat,menghasilkan,political,declaration,tingkat,mente
pembentukan,pasar,ekologis,ini,diinisiasi,oleh,melalui,untuk,memulihkan,lokasi,bekas,tambang
pemerataan,akses,energi,dinegara,kepulauan,--,-gindonesia,dorongnkrilebihmaju
pemerintah,indonesia,melalui,forum,g,mendorong,peningkatan,aksesibilitas,di,negara,kepulauan,--,-gindonesia
pemerintah,indonesia,melalui,forum,g,mendorong,peningkatan,aksesibilitas,di,negara,kepulauan,--,-pemerataan,aks
penggunaan,kendaraan,listrik,ini,juga,merupakan,salah,satu,strategi,untuk,mencapai,target,indonesia,menurunkan,emisi,se
percepatan,inklusi,keuangan,dan,transformasi,digital,untuk,mendorong,pertumbuhan,ekonomi,berkelanjutan,jadi,salah,s
percepatan,inklusi,keuangan,dan,transformasi,digital,untuk,mendorong,pertumbuhan,ekonomi,berkelanjutan,jadi,salah,satu,fo
persidangan,pertama,permohonan,pergantian,perwalian,dan,relokasi,ketiga,anak,almh,farah,rasyid,munif,ke,tanah,air
pertemuan,g,education,working,group,edwg,yang,membahas,dua,agenda,prioritas,dan,inisiatif,kemendikbudristek
pertemuan,ini,berfokus,pada,agenda,prioritas,dari,edwg,yaitu,pendidikan,berkualitas,universal,dan,teknologi,digi
pertemuan,ini,berfokus,pada,agenda,prioritas,dari,edwg,yaitu,pendidikan,berkualitas,universal,dan,teknologi,digital,d
pertemuan,ini,bertujuan,membahas,lebih,lanjut,kajian-kajian,cswg,berdasarkan,masukan,dan,saran,dari,negara-negara,g
pertemuan,kedua,digital,economy,working,group,dewg,akan,diselenggarakan,pada,mei,di,yogyakarta,pertem
pertemuan,kedua,digital,economy,working,group,dewg,akan,diselenggarakan,pada,mei,di,yogyakarta,pertemuan,i
pertemuan,kedua,kelompok,kerja,pendidikan,atau,education,working,group,edwg,g,membahas,mengenai,peningkatan,kap
pertemuan,kedua,mendasari,agenda,pembahasan,pada,agenda,pertemuan,ketiga,di,labuan,bajo,juli,presidensi,g
pertemuan,kedua,mendasari,agenda,pembahasan,pada,agenda,pertemuan,ketiga,di,labuan,bajo,juli,presidensi
peserta,delegasi,negara,dewg,g,diajak,menikmati,makan,malam,dan,melihat,pertunjukan,sendratari,dengan,latar,belak
planet,yg,layak,huni,utk,smua,manusia,tanpa,pandang,status,ekonomi,gindonesia
praktek,terbaik,dari,jawa,barat,hunian,yang,produktif,dan,terjangkaugindonesia,uindonesia,pulihbersama
presiden,joko,widodo,berkomunikasi,via,saluran,telepon,dengan,presiden,rusia,vladimir,putin,terkait,agenda,ktt,g,komun
presiden,joko,widodo,sedang,bertolak,ke,amerika,serikat,sebagai,salah,satu,jadwal,kunjungan,kerja,berikut,pernyata
presiden,jokowi,tegaskan,pentingnya,implementasi,rencana,investasi,usai,bertemu,chairman,dan,ceo,air,products,seif
presiden,dan,ibu,iriana,jokowi,tiba,di,washington,dcyoutube,pusaka
presidensi,g,indonesia,kembali,menekankan,pentingnya,inklusi,keuangan,digital,pembiayaan,umkm,guna,mengurangi,k
presidensi,g,indonesia,kembali,menekankan,pentingnya,inklusi,keuangan,digital,pembiayaan,umkm,guna,mengurangi,kesenj
presidensi,g,indonesia,usulkan,empat,prinsip,ukuran,literasi,digital,yakni,infrastruktur,dan,ekosistem,literasi,pember
presidensi,g,indonesia,usulkan,empat,prinsip,ukuran,literasi,digital,yakni,infrastruktur,dan,ekosistem,literasi
private,finance,dalam,mewujudkan,pembangunan,berkelanjutan,di,negara-negara,berkembang,least,developing,countries
proporsi,energi,baru,terbarukan,ebt,dalam,pembangkit,listrik,di,indonesia,baru,berkisar,atau,masih,tertingg
rabu,menkominfo,johnny,g,plate,didampingi,chair,dan,alternate,chair,dewg,melakukan,konferen
rabu,menkominfo,johnny,g,plate,didampingi,chair,dan,alternate,chair,dewg,melakukan,konferensi,pe
rumah,tahanan,negara,kelas,iimajene,mengucapkanselamat,memperingati,hari,pendidikan,nasional,tahun,pimpin
sabilulungan,filosofi,sunda,yang,lekat,dengan,gotong,royong,menjadi,alasan,dipilihnya,bandung,sebagai,lokasi,pert
sahabatdikbud,mendikbudristek,membuka,pertemuan,kedua,edwg,g,dengan,menekankan,gotong,royong,sbg,pengg
sahabatdikbud,mendikbudristek,membuka,pertemuan,kedua,edwg,g,dengan,menekankan,gotong,royong,sbg
sahabatdikbud,melanjutkan,pertemuan,perdana,g,education,working,group,edwg,pada,maret,lalu,kemendikbudristek,akan
sahabatdikbud,melanjutkan,pertemuan,perdana,g,education,working,group,edwg,pada,maret,lalu,kemendikbudristek
sahabatdikbud,pertemuan,g,education,working,group,edwg,yg,membahas,agenda,prioritas,dan,inisiatif,kemendik
sahabatdikbud,pertemuan,g,education,working,group,edwg,yg,membahas,agenda,prioritas,dan,inisiatif,kemendikbudrist
salah,satu,hal,menarik,dari,daerah,ini,adalah,gugusan,vulkaniknya,setidaknya,terdapat,gunung,berapi,yang,pernah,ada,d
salah,satu,hal,menarik,dari,daerah,ini,adalah,gugusan,vulkaniknya,setidaknya,terdapat,gunung,berapi,yang,pernah
salah,satu,upaya,transisi,energi,telah,diterapkan,dalam,gelaran,g,yaitu,dengan,penggunaan,kendaraan,listrik,yang,rama
sebagai,salah,satu,pengampu,dari,trade,investment,and,industry,working,group,tiiwg,g,kementerian,investasi
sebagai,salah,satu,pengampu,dari,trade,investment,and,industry,working,group,tiiwg,g,kementerian,investasi,bkpm
sebagai,seorang,insinyur,dan,pengusaha,saya,sangat,mengagumi,dan,menikmati,kesempatan,langka,kunjungan,ini,karena,ini
sebagai,seorang,insinyur,dan,pengusaha,saya,sangat,mengagumi,dan,menikmati,kesempatan,langka,kunjungan,ini,karena
secara,khusus,presiden,jokowi,mengundang,presiden,as,joe,biden,untuk,menghadiri,konferensi,tingkat,tinggi,ktt,g,di
secara,khusus,presiden,jokowi,mengundang,presiden,as,joe,biden,untuk,menghadiri,konferensi,tingkat,tinggi,ktt,g
selain,itu,kemendikbud,juga,menginisiasi,diskusi,untuk,memperbarui,komitmen,global,guna,meningkatkan,pendidikan,di,unit
selain,itu,kemendikbud,juga,menginisiasi,diskusi,untuk,memperbarui,komitmen,global,guna,meningkatkan,pendidikan,di
selamat,malam,temankeu,xpertemuan,kedua,finance,ministers,and,central,bank,governors,fmcbg,gindonesia,akan,berlangs
selamat,malam,temankeu.berikut,agenda,gindonesia,di,bulan,mei,recovertogetherrecoverstronger
selamat,memperingati,hari,kebangkitan,nasional,harkitnas,ke,harkitnas,inidiplomasi,indonesianway,indone
selamat,memperingati,hari,kebangkitan,nasional,harkitnas,ke,harkitnas,inidiplomasi,indonesianway
selaras,dengan,tujuan,indonesia,untuk,meninggalkan,warisan,nyata,yang,tahan,lama,dan,berkelanjutan,women,in
semoga,semua,ini,bisa,membawa,manfaat,untuk,indonesia,sebagai,pemimpin,industri,elektrifikasi,dan,kehidupan,dengan,ikli
semoga,semua,ini,bisa,membawa,manfaat,untuk,indonesia,sebagai,pemimpin,industri,elektrifikasi,dan,kehidupan,dengan
sepertinya,..,di,bali,...,saat,...,gindonesiaakan,ada,keputusan,dari,yang,bisa,lebih,m
serta,keterampilan,masa,depan,bagi,perempuan,g,empower,juga,mendapat,bantuan,dari,bcg,boston,consulting,group
sherpa,track,merupakan,forum,khusus,pada,g,yang,disiapkan,untuk,membahas,isu-isu,ekonomi,non,keuangan,panduan,pe
sherpa,track,merupakan,forum,khusus,pada,g,yang,disiapkan,untuk,membahas,isu-isu,ekonomi,non,keuangan,panduan,pembaha
sherpa,track,salah,satu,forum,khusus,gindonesia
sobatrupiah,bi,mendorong,kerja,sama,digitalisasi,sistem,pembayaran,antarnegara,melalui,agenda,presidensi,gindonesi
sobatrupiah,bi,mendorong,kerja,sama,digitalisasi,sistem,pembayaran,antarnegara,melalui,agenda,presidensi
sobatrupiah,inklusi,keuangan,merupakan,salah,satu,fokus,pembahasan,dalam,presidensi,gindonesia,hmmm,su
sobatrupiah,inklusi,keuangan,merupakan,salah,satu,fokus,pembahasan,dalam,presidensi,gindonesia,hmmm,sudah
talk,show,i,safeguarding,naturetalk,show,ii,promoting,circular,economyyuk,segera,daftarkan,dirimu,melalui,lin
talk,show,i,safeguarding,naturetalk,show,ii,promoting,circular,economyyuk,segera,daftarkan,dirimu,melalui,link,ber
telaga,waja,mangrove,forest,area,benoa,bay,nusa,dua,bali,recovertogetherrecoverstronger,gindonesia
terlebih,lagi,sektor,energi,merupakan,kontributor,perubahan,iklim,paling,dominan,yang,menyumbang,hampir,dari,emisi,c
ternyata,ada,hubungan,dengan,bonus,demografi,dalam,beberapa,tahun,ke,depan,loh,lpsindonesia,amanadalps,lpsamanadat,sa
terpilih,sebagai,juru,bicara,presidensi,di,g,maudy,ayunda,memaparkan,isu,transisi,energi,yang,sudah,disiapkan
tertarik,pada,isu,seputar,transformasi,digital,dan,inklusi,keuangan,yuk,saksikan,seminar,internasional,igital,transf
terus,ikuti,perkembangan,dan,informasi,terkini,seputar,pelaksanaan,dewg,melalui,media,sosial,kami,ya,xgindonesia,pulihbersama
terus,ikuti,perkembangan,dan,informasi,terkini,seputar,pelaksanaan,dewg,melalui,media,sosial,kami,ya,xgindonesia
timmarves,yuk,kita,kunjungi,salah,satu,lokasi,acara,untuk,mempromosikan,produk,umkm,yaitu,bali,co
timmarves,yuk,kita,kunjungi,salah,satu,lokasi,acara,untuk,mempromosikan,produk,umkm,yaitu,bali,collect
transisi,energi,berkelanjutan,merupakan,salah,satu,isu,prioritas,yang,diangkat,pada,forum,presidensi,g,indonesia,foru
tujuan,kegiatan,ini,yakni,membuka,wawasan,tentang,peran,perempuan,dalam,usaha,kecil,menengah,hingga,mengidentifi
umkm,merupakan,salah,satu,sektor,yg,paling,terdampak,oleh,pandemi,utk,pulihbersama,presidensi,gindonesia,mene
umkm,merupakan,salah,satu,sektor,yg,paling,terdampak,oleh,pandemi,utk,pulihbersama,presidensi,gindonesia,menetapk
update,kasus,covid,di,thailand,per,mei,pada,hari,ini,terdapat,kasus,baru,orang,sembuh,dan
unjuk,rasa,yang,diikuti,ribuan,pekerja,yang,tergabung,dalam,serikat,pekerja,freeport,itu,sekaligus,menandai,aksi,mo
unjuk,rasa,yang,diikuti,ribuan,pekerja,yang,tergabung,dalam,serikat,pekerja,freeport,itu,sekaligus,menandai,aksi,mogok,ke
untuk,itu,setiap,negara,memerlukan,kerangka,inklusi,keuangan,untuk,mendorong,digitalisasi,yang,berdampak,pada,peni
untuk,itu,setiap,negara,memerlukan,kerangka,inklusi,keuangan,untuk,mendorong,digitalisasi,yang,berdampak,pada,peningkat
versi,budaya,jawa,dengan,thailand,nihh,numpang,rame,di,gindonesia,thailandopen,thailand,wayang,polisi
w,sispreneur,merupakan,program,inkubasi,umkm,milik,perempuan,dari,yang,bertujuan,untuk,membantu
xl,axiata,bangga,dapat,menjadi,bagian,dalam,acara,yg,diselenggarakan,oleh,g,empower,perempuan,di,ukm,sebagai,pe
xl,axiata,bangga,dapat,menjadi,bagian,dalam,acara,yg,diselenggarakan,oleh,g,empower,perempuan,di,ukm,sebagai,pengge
yuk,bergabung,dalam,kegiatan,nd,side,event,g,development,working,group,dwg,dengan,temamemperkuat,daya,sain
yuk,bergabung,dalam,kegiatan,nd,side,event,g,development,working,group,dwg,dengan,temamemperkuat,daya,saing,umk
yuk,jadi,bagian,dari,g,dengan,mengikuti,nd,side,event,yang,diadakan,oleh,g,empower,dengan,tema
yuk,jadi,bagian,dari,g,dengan,mengikuti,nd,side,event,yang,diadakan,oleh,g,empower,dengan,temarebu
yuk,sahabatbahari,kita,dukung,kegiatan,dewg,g,dan,kenalkan,kuliner,daerah,kepada,dunia,gindonesia,gkkp,kkpaccele
yuk,sahabatbahari,kita,dukung,kegiatan,dewg,g,dan,kenalkan,kuliner,daerah,kepada,dunia,gindonesia,gkkp
yuk,simak,video,berikut,untuk,tau,lebih,lanjut,mengenai,pasar,ekologis,argowijil,yogyakarta
dengan,memastikan,bahwa,sistem,moneter,secara,fundamental,tetap,berlaku,sebagai,barang,publik,termasuk,harus,menjaga
kepada,uratas,pencerahan,agama,islam,yang,menyejukan,mencerdaskan,dan,inklusif,aaamiiin,llohumma,aaamiiin
ndonesiamaju,kamibersamajokowi,jokowidodo,indonesiamaju,indonesiamaju,gindonesia
tidak,hanya,berupaya,mewujudkan,transformasi,digital,di,dalam,negeri,namun,juga,memperjuangkannya,pada,meja
untuk,mempromosikan,strategi,percepatan,inklusi,keuangan.video,belajartanpabataskitapemelajarumkm
untuk,mempromosikan,strategi,percepatan,inklusi,keuangan.video,belajartanpabataskitapemelajarumkmgindonesia
