a,c,nya,min,mainnakerpresidensiggindonesiaewgindonesia
ayo,takut,..,amerika,rusia,ketemuan,..,bali,..,gindonesia,hebatnya,..,bu,da
gerakan,nasional,literasi,digital,digital,talent,scholarship,digital,leadership,academy,program,kartu,prakerjalpsi
indonesia,...,indonesiajuara,indonesiahebatindonesiadamai
keren,bangetmas,memtri,program,merdeka,belajarnyagindonesia,presidensiindonesia
konsumen,konsumen,industri,rumah,tangga,diberdayakan,koperasi,koperasi
lapor,bisanya,cewe,bego,bencong,joget,disuka,mendingan,doa,perang,d
yth,perencana,koperasi,core,values,g
..,bali,...,...,gindonesiaakan,keputusan
cewe,ga,bencong,joget,diteriakin,mendingan,doa,perang,event,g
cewe,bego,bencong,joget,disuka,mendingan,doa,perang,event,g
cewe,bego,bencong,joget,ditonton,ya,mendingan,doa,perang,event
gila,bencong,nari,ditonton,pikirin,tuh,ancaman,event,g,bali,indonesia
gila,lo,ga,bahas,perang,rusia,ukraina,g,formula,e,urusan,bang,mending,lo,nonton
amerika,negara,besara,negara,pro,perdamaian,amerika,gindonesia
joget,kaya,bencong,aja,yg,nonton,org,indo,mikir,ancaman,event
kesel,gw,isi,twitter,bencong,joget,ga,mikir,indonesia,m
menetapkan,kota,bandung,jawa,barat,lokasi,penyelenggaraan,pertemuan,kelompok,kerja,pen
ngapain,lo,ngurusin,bencong,nari,pikirin,tuh,formula,e,ancaman,event,g,d
potensi,kekuatan,indonesia,membangun,kerja,konkret,dgn,perusahaan,amerika,serikat,indonesia,berkemban
berupaya,mewujudkan,transformasi,digital,negeri,memperjuangkannya
berlangsungthe,g,sustainable,finance,private,sector,roundtable,xd,forum,berdiskusi
acara,jg,momentum,memperkuat,promosi,produk,umkm,lokal,yg,sejalan,dg,agenda,inklusi,keuangan,pd,presidensi,g
alhamdulillah,presiden,elon,musk,hadir,gindonesia,november
alhamdulillah,presiden,hadir,november
anggota,g,menyerukan,perang,mungkin.hal,menkeusmi,konferesi,pers,diada
women,in,business,action,council,wibac,menggelar,pertemuan,bilateral,menteri,koperasi,ukm,republik,indo
rencana,renovasi,kubah,gedung,dpr,streaming,jam,kanal,youtube
bahlil,presidensi,g,indonesia,momentum,terbaik,rangka,membangun,konsepsi,gl
berdasarkan,laporan,climate,bonds,initiative,penerbitan,obligasi,hijau,green,bonds,indonesia,mencapai,us
berita,komitmen,indonesia,tunisia,membuka,peningkatan,kerjasama,bidang,ekonomi
besok,turnamen,final,arena,dr,zomboss,comeback.pvz,arena,pennyspursuit,gindonesia
bonus,demografi,kesempatan,strategis,x,percepatan,pembangunan,du
dewg,gindonesia,sepakati,isu,krusial,dunia,digital
ekosistem,pendidikan,indonesia,bergotong,royong,akselerasi,transformasi,seba
pertemuan,kemendikbudristek,memperkuat,komitmen,pulihbersama,menciptakan,pendidikan,ya
rangka,memperluas,diskusi,menyelenggarakan,kegiatan,road,to,g,investment,forum,topi
rangka,meningkatkan,upaya,strategis,gabungan,mempercepat,transisi,energi,mengurangi,emisi,karbon
rangka,mewujudkan,upaya,global,pulihbersama,menciptakan,pendidikan,berkualitas,dunia
delegasi,dewg,g,berupaya,atasi,kesenjangan,digital,membahas,perangkat,mengukur,keterampilan,lite
mengemuka,pertemuan,nd,global,partnership,for,financial,inclusion,plenary,meeting,diselenggarak
dana,berfungsi,mendukung,ketahanan,stabilitas,ekonomi,pulihbersama,asobat,pantau,t
penduduk,usia,produktif,x,dibanding,usia,nonproduktif
digitalisasi,sektor,keuangan,salah,game,changer,dunia,upaya,pulihbersama,akibat,pandemi,covi
direktur,utama,rumah,sakit,pusat,infeksi,sulianti,saroso,dr,mohammad,syahril,resmi,juru,bicara,kemenkes,s
pencapaian,diraih,agenda,prioritas,edwg,dibahas,solidaritas
dukungan,umkmgodigital_goglobal,pembahasan,utama,kki,kegiatan
dunia,pendidikan,mengalami,pandemi,covid,salah,perhat
era,indonesia,e,berjalan,bangga,kepala,tegak,dihadapan,bangsa,tertunduk,tegak,in
finalisasi,dokumen,persidangan,pergantian,perwalian,anak,almh,farah.berita,selengkapnya,silahkan,klik,link
g,empower,gelar,plenary,meeting,yogyakarta,dorong,kontribusi,peran,perempuan
hardiknas,rutan,jeneponto,gelar,upacara,bendera,peringati,pendidikan,nasional,selengkapnya,baca,...
hai,sohisebagai,pertemuan,konferensi,internasional,imf,world,bank,ktt,g
langsung,mendorong,perubahan,ukm,konvensional,digital,peran,teknologi
halo,sobatkom,indonesia,resmi,memegang,presidensi,g,penuh,manfaat
halo,sobatkom,pembentukan,g,bertujuan,mewujudkan,pertumbuhan,global,kuat,berkelanjutan,lantas
happy,vesak,day.pray,for,peace,and,harmony,on,this,auspicious,day.selamat,raya,waisak,be
turnamen,final,arena,dr,zomboss,muncul,kembali.pvz,arena,pennyspursuit,gindonesia
indonesia,gpedia,lapangan,kerja,berkelanjutan,agenda,x,g
indonesia,peluang,untukrewriting,global,ev,and,esg,supply,chain,xd,kombinasi,sumber,daya,alam,indust
diskusi,aspirasi,delegasi,negara,g,kemendikbudristek,ikuti,informasi
kelanjutan,kunjungan,menko,luhut,binsar,pandjaitan,dubes,rosan,roeslani,minggu
wargi,membantu,komunitas,lokal,menghadapi,tantangan,pemulihan,ekonomi,sosial
lewatkan,kuliah,peran,aktif,indonesia,g,upaya,indonesia,deeskalasi,konflik,rusia-ukrain
jokowi,effect,harga,sawit,rekor,tertinggi,minyakgoreng,cpo,sawit,indonesia,g,gindonesia
jubir,g,maudy,ayunda,fokus,utama,isu,energi,gindonesia,maudyayunda,jernihkanharapan,kompascom
presidensi,gindonesia,menekankan,perluasan,akses,keuangan,meningkatkan,inklusi,keuangan
kasihan,teman,sedari,terlilit,karet,gelang,plastik,tubuhnya,menyusut,tertekuk,karet,t
kawal,programkerja,s,d,.,..,kebaikan,bangsa,negara,gindonesia,sayabersamajokowi,ht
keberanian,presiden,tolak,intervensi,us,undang,rusia,ukraina,gindonesia,sorotan,media,dunia
kegiatan,membahas,tantangan,upaya,memperkuat,produktivitas,daya,saing
kemendikbudristek,menekankan,transformasi,berbasis,gotong,royong,pemulihan,pendidikan,g
kominfo,membuka,sidang,dewg,presidensi,g,indonesia,..,saj
kuliah,umumperan,aktif,indonesia,g,upaya,indonesia,deeskalasi,konflik,rusia-ukraina,xd,inaugurasi
lapor,cewe,bego,bencong,joget,disuka,perang,event,g,bali,ind
lemhanas,siapkan,skenario,pembahasan,ekonomi,global,forum,g
main,tebak-tebakan,yuk,rekanaker,isu,prioritas,dibahas,employment,working,group,ewg,meeting,gindon
mangrove,forest,area,tahura,ngurah,rai,telaga,waja,benoa,bay,nusa,bali,recovertogetherrecoverstronger
mantuul,...,makanan,dihidangkan,menarik,paduan,warna,mengundang,perhatian,delegasi
mari,dukung,penuh,pertemuan,g,empower,menjadikan,perempuan,katalisator,pembangunan,ek
mari,dukung,penuh,pertemuan,g,empower,menjadikan,perempuan,katalisator,pembangunan,ekonomi,dunia
inklusi,keuangan,transformasi,digital,ya.maka,topik
terobosan,merdeka,belajar,pemulihan,pembelajaran,menghadirkan,kuriku
melanjutkan,pertemuan,perdana,g,education,working,group,edwg,maret,kemendikbudristek
mendikbud,ristek,nadiem,makarim,memperkenalkan,program,merdeka,belajar,negara-negara,g
mendikbudristek,terobosan,merdeka,belajar,pertemuan,edwg,g,gindonesia,presiden
menindaklanjuti,st,edm-cswg,yogyakarta,pertemuan,dilaksanakan,jakarta,tang
menkominfo,johnny,g,plate,pemerintah,berkoordinasi,anggota,g,partner,lokal,globa
menkominfo,berharap,sidang,dewg,g,menghasilkan,kesepakatan,terbaik,delegasi,memiliki,k
menkominfo,sidang,dewg,berjalan,lancar,fokus,pemahaman,meleng
menparekraf,berpesan,kedepannya,berkolaborasi,membangun,pariwisata,berkelanjutan,mengedepa
menteri,keuangan,sri,mulyani,pertemuan,finance,ministers,and,central,bank,governors,fmcbg,g
menteri,komunikasi,informatika,johnny,g,plate,menyambut,delegasi,negara,anggota,g,hadir
coba,tulis,harapanmu,presidensi,g,indonesia,kolom,komentar,ya,xgindonesia,pulihbersama
narahubung,makincakapdigital,cfdsbagiilmu,eventmahasiswa,eventjogja,eventonline
bekerjasama,sinarmas,land,mengadakan,side,event,temaac
one,global,women,empowerment,ogwe,platform,dirancang,pengusaha,perempuan,didu
prakarsa,anggota,c,memandang,perlindungan,adaptif,pekerja,informal,diperluas,penin
menyelenggarakan,seminar,internasional,side,event,gindonesi
pelaksanaannya,mengoordinasikan,pembahasan,isu-isu,sherpa,track,berperan,mem
pandemi,covid,menurunkan,daya,beli,masyarakat,pasalnya,masyarakat,mengurangi,interaksi,ruangan
pasar,ekologi,argowijil,pasar,tradisional,memegang,prinsip,pengendalian,pembangunan,sektor,pertambangan,d
pembahasan,isu,pertemuan,sherpa,track,diharapkan,menghasilkan,political,declaration,tingkat,mente
pembentukan,pasar,ekologis,diinisiasi,memulihkan,lokasi,bekas,tambang
pemerataan,akses,energi,dinegara,kepulauan,--,-gindonesia,dorongnkrilebihmaju
pemerintah,indonesia,forum,g,mendorong,peningkatan,aksesibilitas,negara,kepulauan,--,-gindonesia
pemerintah,indonesia,forum,g,mendorong,peningkatan,aksesibilitas,negara,kepulauan,--,-pemerataan,aks
penggunaan,kendaraan,listrik,salah,strategi,mencapai,target,indonesia,menurunkan,emisi
percepatan,inklusi,keuangan,transformasi,digital,mendorong,pertumbuhan,ekonomi,berkelanjutan,salah,s
percepatan,inklusi,keuangan,transformasi,digital,mendorong,pertumbuhan,ekonomi,berkelanjutan,salah,fo
persidangan,permohonan,pergantian,perwalian,relokasi,ketiga,anak,almh,farah,rasyid,munif,tanah,air
pertemuan,g,education,working,group,edwg,membahas,agenda,prioritas,inisiatif,kemendikbudristek
pertemuan,berfokus,agenda,prioritas,edwg,pendidikan,berkualitas,universal,teknologi,digi
pertemuan,berfokus,agenda,prioritas,edwg,pendidikan,berkualitas,universal,teknologi,digital,d
pertemuan,bertujuan,membahas,kajian-kajian,cswg,berdasarkan,masukan,saran,negara-negara,g
pertemuan,digital,economy,working,group,dewg,diselenggarakan,mei,yogyakarta,pertem
pertemuan,digital,economy,working,group,dewg,diselenggarakan,mei,yogyakarta,pertemuan,i
pertemuan,kelompok,kerja,pendidikan,education,working,group,edwg,g,membahas,peningkatan,kap
pertemuan,mendasari,agenda,pembahasan,agenda,pertemuan,ketiga,labuan,bajo,juli,presidensi,g
pertemuan,mendasari,agenda,pembahasan,agenda,pertemuan,ketiga,labuan,bajo,juli,presidensi
peserta,delegasi,negara,dewg,g,diajak,menikmati,makan,malam,pertunjukan,sendratari,latar,belak
planet,yg,layak,huni,utk,smua,manusia,pandang,status,ekonomi,gindonesia
praktek,terbaik,jawa,barat,hunian,produktif,terjangkaugindonesia,uindonesia,pulihbersama
presiden,joko,widodo,berkomunikasi,via,saluran,telepon,presiden,rusia,vladimir,putin,terkait,agenda,ktt,g,komun
presiden,joko,widodo,bertolak,amerika,serikat,salah,jadwal,kunjungan,kerja,pernyata
presiden,jokowi,tegaskan,implementasi,rencana,investasi,bertemu,chairman,ceo,air,products,seif
presiden,iriana,jokowi,washington,dcyoutube,pusaka
presidensi,g,indonesia,menekankan,inklusi,keuangan,digital,pembiayaan,umkm,mengurangi,k
presidensi,g,indonesia,menekankan,inklusi,keuangan,digital,pembiayaan,umkm,mengurangi,kesenj
presidensi,g,indonesia,usulkan,prinsip,ukuran,literasi,digital,infrastruktur,ekosistem,literasi,pember
presidensi,g,indonesia,usulkan,prinsip,ukuran,literasi,digital,infrastruktur,ekosistem,literasi
private,finance,mewujudkan,pembangunan,berkelanjutan,negara-negara,berkembang,least,developing,countries
proporsi,energi,terbarukan,ebt,pembangkit,listrik,indonesia,berkisar,tertingg
rabu,menkominfo,johnny,g,plate,didampingi,chair,alternate,chair,dewg,konferen
rabu,menkominfo,johnny,g,plate,didampingi,chair,alternate,chair,dewg,konferensi,pe
rumah,tahanan,negara,kelas,iimajene,mengucapkanselamat,memperingati,pendidikan,nasional,pimpin
sabilulungan,filosofi,sunda,lekat,gotong,royong,alasan,dipilihnya,bandung,lokasi,pert
sahabatdikbud,mendikbudristek,membuka,pertemuan,edwg,g,menekankan,gotong,royong,sbg,pengg
sahabatdikbud,mendikbudristek,membuka,pertemuan,edwg,g,menekankan,gotong,royong,sbg
sahabatdikbud,melanjutkan,pertemuan,perdana,g,education,working,group,edwg,maret,kemendikbudristek
sahabatdikbud,melanjutkan,pertemuan,perdana,g,education,working,group,edwg,maret,kemendikbudristek
sahabatdikbud,pertemuan,g,education,working,group,edwg,yg,membahas,agenda,prioritas,inisiatif,kemendik
sahabatdikbud,pertemuan,g,education,working,group,edwg,yg,membahas,agenda,prioritas,inisiatif,kemendikbudrist
salah,menarik,daerah,gugusan,vulkaniknya,gunung,berapi,d
salah,menarik,daerah,gugusan,vulkaniknya,gunung,berapi
salah,upaya,transisi,energi,diterapkan,gelaran,g,penggunaan,kendaraan,listrik,rama
salah,pengampu,trade,investment,and,industry,working,group,tiiwg,g,kementerian,investasi
salah,pengampu,trade,investment,and,industry,working,group,tiiwg,g,kementerian,investasi,bkpm
insinyur,pengusaha,mengagumi,menikmati,kesempatan,langka,kunjungan
insinyur,pengusaha,mengagumi,menikmati,kesempatan,langka,kunjungan
khusus,presiden,jokowi,mengundang,presiden,as,joe,biden,menghadiri,konferensi,tingkat,ktt,g
khusus,presiden,jokowi,mengundang,presiden,as,joe,biden,menghadiri,konferensi,tingkat,ktt,g
kemendikbud,menginisiasi,diskusi,memperbarui,komitmen,global,meningkatkan,pendidikan,unit
kemendikbud,menginisiasi,diskusi,memperbarui,komitmen,global,meningkatkan,pendidikan
selamat,malam,temankeu,xpertemuan,finance,ministers,and,central,bank,governors,fmcbg,gindonesia,berlangs
selamat,malam,temankeu.berikut,agenda,gindonesia,mei,recovertogetherrecoverstronger
selamat,memperingati,kebangkitan,nasional,harkitnas,harkitnas,inidiplomasi,indonesianway,indone
selamat,memperingati,kebangkitan,nasional,harkitnas,harkitnas,inidiplomasi,indonesianway
selaras,tujuan,indonesia,meninggalkan,warisan,nyata,tahan,berkelanjutan,women,in
semoga,membawa,manfaat,indonesia,pemimpin,industri,elektrifikasi,kehidupan,ikli
semoga,membawa,manfaat,indonesia,pemimpin,industri,elektrifikasi,kehidupan
..,bali,...,...,gindonesiaakan,keputusan,m
keterampilan,perempuan,g,empower,bantuan,bcg,boston,consulting,group
sherpa,track,forum,khusus,g,disiapkan,membahas,isu-isu,ekonomi,non,keuangan,panduan,pe
sherpa,track,forum,khusus,g,disiapkan,membahas,isu-isu,ekonomi,non,keuangan,panduan,pembaha
sherpa,track,salah,forum,khusus,gindonesia
sobatrupiah,bi,mendorong,kerja,digitalisasi,sistem,pembayaran,antarnegara,agenda,presidensi,gindonesi
sobatrupiah,bi,mendorong,kerja,digitalisasi,sistem,pembayaran,antarnegara,agenda,presidensi
sobatrupiah,inklusi,keuangan,salah,fokus,pembahasan,presidensi,gindonesia,hmmm,su
sobatrupiah,inklusi,keuangan,salah,fokus,pembahasan,presidensi,gindonesia,hmmm
talk,show,i,safeguarding,naturetalk,show,ii,promoting,circular,economyyuk,daftarkan,dirimu,lin
talk,show,i,safeguarding,naturetalk,show,ii,promoting,circular,economyyuk,daftarkan,dirimu,link,ber
telaga,waja,mangrove,forest,area,benoa,bay,nusa,bali,recovertogetherrecoverstronger,gindonesia
sektor,energi,kontributor,perubahan,iklim,dominan,menyumbang,emisi,c
hubungan,bonus,demografi,loh,lpsindonesia,amanadalps,lpsamanadat,sa
terpilih,juru,bicara,presidensi,g,maudy,ayunda,memaparkan,isu,transisi,energi,disiapkan
tertarik,isu,seputar,transformasi,digital,inklusi,keuangan,yuk,saksikan,seminar,internasional,igital,transf
ikuti,perkembangan,informasi,terkini,seputar,pelaksanaan,dewg,media,sosial,ya,xgindonesia,pulihbersama
ikuti,perkembangan,informasi,terkini,seputar,pelaksanaan,dewg,media,sosial,ya,xgindonesia
timmarves,yuk,kunjungi,salah,lokasi,acara,mempromosikan,produk,umkm,bali,co
timmarves,yuk,kunjungi,salah,lokasi,acara,mempromosikan,produk,umkm,bali,collect
transisi,energi,berkelanjutan,salah,isu,prioritas,diangkat,forum,presidensi,g,indonesia,foru
tujuan,kegiatan,membuka,wawasan,peran,perempuan,usaha,menengah,mengidentifi
umkm,salah,sektor,yg,terdampak,pandemi,utk,pulihbersama,presidensi,gindonesia,mene
umkm,salah,sektor,yg,terdampak,pandemi,utk,pulihbersama,presidensi,gindonesia,menetapk
update,covid,thailand,mei,orang,sembuh
unjuk,diikuti,ribuan,pekerja,tergabung,serikat,pekerja,freeport,menandai,aksi,mo
unjuk,diikuti,ribuan,pekerja,tergabung,serikat,pekerja,freeport,menandai,aksi,mogok
negara,kerangka,inklusi,keuangan,mendorong,digitalisasi,berdampak,peni
negara,kerangka,inklusi,keuangan,mendorong,digitalisasi,berdampak,peningkat
versi,budaya,jawa,thailand,nihh,numpang,rame,gindonesia,thailandopen,thailand,wayang,polisi
w,sispreneur,program,inkubasi,umkm,milik,perempuan,bertujuan,membantu
xl,axiata,bangga,acara,yg,diselenggarakan,g,empower,perempuan,ukm,pe
xl,axiata,bangga,acara,yg,diselenggarakan,g,empower,perempuan,ukm,pengge
yuk,bergabung,kegiatan,nd,side,event,g,development,working,group,dwg,temamemperkuat,daya,sain
yuk,bergabung,kegiatan,nd,side,event,g,development,working,group,dwg,temamemperkuat,daya,saing,umk
yuk,g,mengikuti,nd,side,event,diadakan,g,empower,tema
yuk,g,mengikuti,nd,side,event,diadakan,g,empower,temarebu
yuk,sahabatbahari,dukung,kegiatan,dewg,g,kenalkan,kuliner,daerah,dunia,gindonesia,gkkp,kkpaccele
yuk,sahabatbahari,dukung,kegiatan,dewg,g,kenalkan,kuliner,daerah,dunia,gindonesia,gkkp
yuk,simak,video,tau,pasar,ekologis,argowijil,yogyakarta
sistem,moneter,fundamental,berlaku,barang,publik,menjaga
uratas,pencerahan,agama,islam,menyejukan,mencerdaskan,inklusif,aaamiiin,llohumma,aaamiiin
ndonesiamaju,kamibersamajokowi,jokowidodo,indonesiamaju,indonesiamaju,gindonesia
berupaya,mewujudkan,transformasi,digital,negeri,memperjuangkannya,meja
mempromosikan,strategi,percepatan,inklusi,keuangan.video,belajartanpabataskitapemelajarumkm
mempromosikan,strategi,percepatan,inklusi,keuangan.video,belajartanpabataskitapemelajarumkmgindonesia
