,tweet_tokens
0,"['dan', 'jawaban', 'nya', 'min', 'mainnakerpresidensiggindonesiaewgindonesia']"
1,"['ayo', 'siapa', 'yang', 'takut', 'amerika', 'rusia', 'ketemuan', 'di', 'bali', 'gindonesia', 'hebatnya', 'bu', 'da']"
2,"['gerakan', 'nasional', 'literasi', 'digital', 'digital', 'talent', 'scholarship', 'digital', 'leadership', 'academy', 'program', 'kartu', 'prakerjalpsi']"
3,"['indonesia', 'indonesiajuara', 'indonesiahebatindonesiadamai']"
4,"['keren', 'bangetmas', 'memtri', 'dengan', 'program', 'merdeka', 'belajarnyagindonesia', 'presidensiindonesia']"
5,"['konsumen', 'konsumen', 'industri', 'dan', 'rumah', 'tangga', 'perlu', 'segera', 'diberdayakan', 'menjadi', 'koperasi', 'koperasi']"
6,"['lapor', 'pak', 'bisanya', 'cewe', 'sekarang', 'bego', 'bencong', 'joget', 'malah', 'disuka', 'mendingan', 'pada', 'doa', 'perang', 'mau']"
7,"['pak', 'yth', 'kami', 'perencana', 'koperasi', 'memastikan', 'bahwa', 'core', 'values', 'bagi']"
8,"['sepertinya', 'di', 'bali', 'saat', 'gindonesiaakan', 'ada', 'keputusan', 'dari', 'yang', 'bisa']"
9,"['cewe', 'ga', 'jelas', 'bencong', 'joget', 'malah', 'diteriakin', 'mendingan', 'pada', 'doa', 'perang', 'mau', 'datang', 'di', 'event', 'di']"
10,"['cewe', 'sekarang', 'bego', 'bencong', 'joget', 'malah', 'disuka', 'mendingan', 'pada', 'doa', 'perang', 'mau', 'datang', 'di', 'event']"
11,"['cewe', 'sekarang', 'bego', 'bencong', 'joget', 'malah', 'ditonton', 'ya', 'mendingan', 'pada', 'doa', 'perang', 'mau', 'datang', 'di', 'event']"
12,"['gila', 'bencong', 'nari', 'ditonton', 'pikirin', 'tuh', 'ancaman', 'mau', 'datang', 'di', 'event', 'di', 'bali', 'indonesia', 'akan']"
13,"['gila', 'lo', 'ga', 'usah', 'bahas', 'perang', 'rusia', 'ukraina', 'di', 'formula', 'urusan', 'bang', 'mending', 'lo', 'nonton']"
14,"['jika', 'amerika', 'adalah', 'negara', 'besara', 'dan', 'negara', 'yang', 'pro', 'perdamaian', 'maka', 'amerika', 'akan', 'datang', 'gindonesia']"
15,"['joget', 'kaya', 'bencong', 'aja', 'banyak', 'yg', 'nonton', 'org', 'indo', 'harusnya', 'mikir', 'ancaman', 'lebih', 'besar', 'mau', 'datang', 'di', 'event']"
16,"['kesel', 'lah', 'gw', 'masa', 'isi', 'twitter', 'bencong', 'joget', 'semua', 'pada', 'ga', 'mikir', 'apa', 'indonesia']"
17,"['menetapkan', 'kota', 'bandung', 'jawa', 'barat', 'sebagai', 'lokasi', 'penyelenggaraan', 'pertemuan', 'kedua', 'kelompok', 'kerja', 'pen']"
18,"['ngapain', 'lo', 'ngurusin', 'bencong', 'nari', 'pikirin', 'tuh', 'formula', 'ancaman', 'lebih', 'besar', 'mau', 'datang', 'di', 'event']"
19,"['potensi', 'kekuatan', 'indonesia', 'membangun', 'kerja', 'sama', 'konkret', 'dgn', 'perusahaan', 'besar', 'amerika', 'serikat', 'indonesia', 'berkemban']"
20,"['tidak', 'hanya', 'berupaya', 'mewujudkan', 'transformasi', 'digital', 'di', 'dalam', 'negeri', 'namun', 'juga', 'memperjuangkannya', 'pada']"
21,"['sedang', 'berlangsungthe', 'sustainable', 'finance', 'private', 'sector', 'roundtable', 'xd', 'forum', 'ini', 'menjadi', 'tempat', 'berdiskusi', 'tentang']"
22,"['acara', 'ini', 'jg', 'jadi', 'momentum', 'memperkuat', 'promosi', 'produk', 'umkm', 'lokal', 'yg', 'sejalan', 'dg', 'agenda', 'inklusi', 'keuangan', 'pd', 'presidensi']"
23,"['alhamdulillah', 'pak', 'presiden', 'memastikan', 'bahwa', 'pak', 'elon', 'musk', 'akan', 'hadir', 'di', 'gindonesia', 'di', 'november', 'yang', 'tentu']"
24,"['alhamdulillah', 'pak', 'presiden', 'memastikan', 'bahwa', 'pak', 'akan', 'hadir', 'di', 'di', 'november', 'yang', 'tentu']"
25,"['anggota', 'menyerukan', 'diakhirinya', 'perang', 'sesegera', 'mungkinhal', 'ini', 'disampaikan', 'menkeusmi', 'dalam', 'konferesi', 'pers', 'yang', 'diada']"
26,"['women', 'in', 'business', 'action', 'council', 'wibac', 'menggelar', 'pertemuan', 'bilateral', 'dengan', 'menteri', 'koperasi', 'dan', 'ukm', 'republik', 'indo']"
27,"['bagaimana', 'menurut', 'anda', 'tentang', 'rencana', 'renovasi', 'kubah', 'gedung', 'dpr', 'streaming', 'jam', 'di', 'kanal', 'youtube']"
28,"['bahlil', 'mengatakan', 'bahwa', 'presidensi', 'indonesia', 'merupakan', 'momentum', 'terbaik', 'dalam', 'rangka', 'membangun', 'konsepsi', 'gl']"
29,"['berdasarkan', 'laporan', 'climate', 'bonds', 'initiative', 'penerbitan', 'obligasi', 'hijau', 'green', 'bonds', 'di', 'indonesia', 'baru', 'mencapai', 'us']"
30,"['berita', 'tentang', 'komitmen', 'indonesia', 'terhadap', 'tunisia', 'dalam', 'membuka', 'peningkatan', 'kerjasama', 'dalam', 'berbagai', 'bidang', 'ekonomi']"
31,"['besok', 'ada', 'turnamen', 'final', 'di', 'arena', 'soalnya', 'ada', 'dr', 'zomboss', 'bakal', 'comebackpvz', 'arena', 'pennyspursuit', 'gindonesia']"
32,"['bonus', 'demografi', 'ini', 'menjadi', 'kesempatan', 'strategis', 'bagi', 'untuk', 'melakukan', 'berbagai', 'percepatan', 'pembangunan', 'dengan', 'du']"
33,"['dewg', 'gindonesia', 'sepakati', 'lima', 'isu', 'krusial', 'di', 'dunia', 'digital']"
34,"['dalam', 'hal', 'ini', 'ekosistem', 'pendidikan', 'indonesia', 'secara', 'bergotong', 'royong', 'telah', 'melakukan', 'akselerasi', 'transformasi', 'seba']"
35,"['dalam', 'pertemuan', 'tersebut', 'kemendikbudristek', 'akan', 'memperkuat', 'komitmen', 'untuk', 'pulihbersama', 'dalam', 'menciptakan', 'pendidikan', 'ya']"
36,"['dalam', 'rangka', 'memperluas', 'diskusi', 'tersebut', 'akan', 'menyelenggarakan', 'kegiatan', 'road', 'to', 'investment', 'forum', 'dengan', 'topi']"
37,"['dalam', 'rangka', 'meningkatkan', 'upaya', 'strategis', 'gabungan', 'untuk', 'mempercepat', 'transisi', 'energi', 'mengurangi', 'emisi', 'karbon', 'yang']"
38,"['dalam', 'rangka', 'mewujudkan', 'upaya', 'global', 'untuk', 'dapat', 'pulihbersama', 'dan', 'menciptakan', 'pendidikan', 'berkualitas', 'di', 'seluruh', 'dunia']"
39,"['delegasi', 'dewg', 'berupaya', 'atasi', 'kesenjangan', 'digital', 'dengan', 'membahas', 'perangkat', 'untuk', 'mengukur', 'keterampilan', 'dan', 'lite']"
40,"['demikian', 'mengemuka', 'pada', 'pertemuan', 'nd', 'global', 'partnership', 'for', 'financial', 'inclusion', 'plenary', 'meeting', 'yang', 'diselenggarak']"
41,"['di', 'masa', 'kini', 'dana', 'ini', 'berfungsi', 'untuk', 'mendukung', 'ketahanan', 'dan', 'stabilitas', 'ekonomi', 'demi', 'pulihbersama', 'asobat', 'pantau']"
42,"['di', 'tahun', 'penduduk', 'usia', 'produktif', 'tahun', 'di', 'akan', 'lebih', 'besar', 'dibanding', 'usia', 'nonproduktif']"
43,"['digitalisasi', 'sektor', 'keuangan', 'merupakan', 'salah', 'satu', 'game', 'changer', 'bagi', 'dunia', 'dalam', 'upaya', 'pulihbersama', 'akibat', 'pandemi', 'covi']"
44,"['direktur', 'utama', 'rumah', 'sakit', 'pusat', 'infeksi', 'sulianti', 'saroso', 'dr', 'mohammad', 'syahril', 'resmi', 'menjadi', 'juru', 'bicara', 'kemenkes']"
45,"['dua', 'pencapaian', 'sudah', 'diraih', 'namun', 'masih', 'ada', 'agenda', 'prioritas', 'edwg', 'lainnya', 'yang', 'akan', 'dibahas', 'yaitu', 'solidaritas']"
46,"['dukungan', 'terhadap', 'umkmgodigitalgoglobal', 'menjadi', 'pembahasan', 'utama', 'kki', 'tahun', 'ini', 'selain', 'itu', 'kegiatan', 'ini', 'juga']"
47,"['dunia', 'pendidikan', 'mengalami', 'masalah', 'pada', 'dua', 'tahun', 'terakhir', 'pandemi', 'covid', 'salah', 'satu', 'masalah', 'yang', 'menjadi', 'perhat']"
48,"['era', 'indonesia', 'berjalan', 'dengan', 'bangga', 'dan', 'kepala', 'tegak', 'dihadapan', 'bangsa', 'lain', 'dan', 'tidak', 'tertunduk', 'tapi', 'tegak', 'in']"
49,"['finalisasi', 'dokumen', 'untuk', 'persidangan', 'pergantian', 'perwalian', 'anak', 'almh', 'farahberita', 'selengkapnya', 'silahkan', 'klik', 'link']"
50,"['empower', 'gelar', 'plenary', 'meeting', 'kedua', 'di', 'yogyakarta', 'dorong', 'kontribusi', 'peran', 'perempuan']"
51,"['hardiknas', 'rutan', 'jeneponto', 'gelar', 'upacara', 'bendera', 'peringati', 'hari', 'pendidikan', 'nasional', 'selengkapnya', 'baca', 'di']"
52,"['hai', 'sohisebagai', 'tempat', 'banyak', 'pertemuan', 'konferensi', 'internasional', 'seperti', 'imf', 'world', 'bank', 'serta', 'ktt']"
53,"['hal', 'ini', 'secara', 'tidak', 'langsung', 'telah', 'mendorong', 'perubahan', 'ukm', 'dari', 'konvensional', 'ke', 'digital', 'dalam', 'hal', 'ini', 'peran', 'teknologi']"
54,"['halo', 'sobatkom', 'indonesia', 'resmi', 'memegang', 'presidensi', 'selama', 'satu', 'tahun', 'penuh', 'artinya', 'akan', 'banyak', 'manfaat', 'serta']"
55,"['halo', 'sobatkom', 'pembentukan', 'bertujuan', 'untuk', 'mewujudkan', 'pertumbuhan', 'global', 'yang', 'kuat', 'serta', 'berkelanjutan', 'lantas']"
56,"['happy', 'vesak', 'daypray', 'for', 'peace', 'and', 'harmony', 'on', 'this', 'auspicious', 'dayselamat', 'hari', 'raya', 'waisak', 'be', 'tahun']"
57,"['hari', 'ini', 'ada', 'turnamen', 'final', 'di', 'arena', 'karenanya', 'dr', 'zomboss', 'bakal', 'muncul', 'kembalipvz', 'arena', 'pennyspursuit', 'gindonesia']"
58,"['indonesia', 'gpedia', 'mengapa', 'lapangan', 'kerja', 'berkelanjutan', 'jadi', 'agenda', 'penting', 'bagi', 'di']"
59,"['indonesia', 'mempunyai', 'peluang', 'untukrewriting', 'global', 'ev', 'and', 'esg', 'supply', 'chain', 'xd', 'dengan', 'kombinasi', 'sumber', 'daya', 'alam', 'indust']"
60,"['ingin', 'tahu', 'lebih', 'lanjut', 'diskusi', 'dan', 'aspirasi', 'para', 'delegasi', 'negara', 'dan', 'kemendikbudristek', 'ikuti', 'terus', 'informasi']"
61,"['ini', 'merupakan', 'kelanjutan', 'dari', 'kunjungan', 'bersama', 'pak', 'menko', 'luhut', 'binsar', 'pandjaitan', 'dan', 'pak', 'dubes', 'rosan', 'roeslani', 'minggu']"
62,"['jadi', 'bagaimana', 'wargi', 'dapat', 'membantu', 'komunitas', 'lokal', 'dalam', 'menghadapi', 'tantangan', 'pemulihan', 'ekonomi', 'dan', 'sosial', 'untuk', 'semua']"
63,"['jangan', 'lewatkan', 'kuliah', 'umum', 'peran', 'aktif', 'indonesia', 'dalam', 'upaya', 'indonesia', 'dalam', 'deeskalasi', 'konflik', 'rusiaukrain']"
64,"['jokowi', 'effect', 'harga', 'sawit', 'rekor', 'tertinggi', 'sepanjang', 'masa', 'minyakgoreng', 'cpo', 'sawit', 'indonesia', 'gindonesia']"
65,"['jubir', 'maudy', 'ayunda', 'jelaskan', 'fokus', 'utama', 'isu', 'energi', 'gindonesia', 'maudyayunda', 'jernihkanharapan', 'kompascom']"
66,"['karena', 'itu', 'presidensi', 'gindonesia', 'menekankan', 'pentingnya', 'perluasan', 'akses', 'keuangan', 'demi', 'meningkatkan', 'inklusi', 'keuangan']"
67,"['kasihan', 'teman', 'kecil', 'kita', 'sedari', 'kecil', 'terlilit', 'karet', 'gelang', 'plastik', 'tubuhnya', 'pun', 'ikut', 'menyusut', 'tertekuk', 'karet']"
68,"['kawal', 'programkerja', 'untuk', 'kebaikan', 'bangsa', 'dan', 'negara', 'gindonesia', 'sayabersamajokowi', 'ht']"
69,"['keberanian', 'presiden', 'tolak', 'intervensi', 'us', 'tetap', 'undang', 'rusia', 'ukraina', 'di', 'gindonesia', 'jadi', 'sorotan', 'media', 'dunia']"
70,"['kegiatan', 'ini', 'akan', 'membahas', 'tantangan', 'serta', 'upaya', 'yang', 'perlu', 'dilakukan', 'dalam', 'memperkuat', 'produktivitas', 'daya', 'saing']"
71,"['kemendikbudristek', 'menekankan', 'pentingnya', 'transformasi', 'berbasis', 'gotong', 'royong', 'untuk', 'pemulihan', 'pendidikan']"
72,"['kominfo', 'hari', 'ini', 'membuka', 'sidang', 'kedua', 'dewg', 'bagian', 'dari', 'presidensi', 'indonesia', 'pada', 'sekitar', 'pukul', 'apa', 'saj']"
73,"['kuliah', 'umumperan', 'aktif', 'indonesia', 'dalam', 'upaya', 'indonesia', 'dalam', 'deeskalasi', 'konflik', 'rusiaukraina', 'xd', 'inaugurasi']"
74,"['lapor', 'pak', 'cewe', 'sekarang', 'bego', 'bencong', 'joget', 'malah', 'disuka', 'padahal', 'perang', 'mau', 'datang', 'di', 'event', 'di', 'bali', 'ind']"
75,"['lemhanas', 'siapkan', 'skenario', 'pembahasan', 'ekonomi', 'global', 'di', 'forum']"
76,"['main', 'tebaktebakan', 'yuk', 'rekanaker', 'apa', 'isu', 'prioritas', 'yang', 'dibahas', 'dalam', 'employment', 'working', 'group', 'ewg', 'meeting', 'gindon']"
77,"['mangrove', 'forest', 'area', 'tahura', 'ngurah', 'rai', 'telaga', 'waja', 'benoa', 'bay', 'nusa', 'dua', 'bali', 'recovertogetherrecoverstronger']"
78,"['mantuul', 'makanan', 'tersebut', 'dihidangkan', 'secara', 'menarik', 'khususnya', 'paduan', 'warna', 'sehingga', 'mengundang', 'perhatian', 'para', 'delegasi']"
79,"['mari', 'bersama', 'dukung', 'penuh', 'pertemuan', 'empower', 'untuk', 'menjadikan', 'perempuan', 'sebagai', 'katalisator', 'dalam', 'pembangunan', 'ek']"
80,"['mari', 'dukung', 'penuh', 'pertemuan', 'empower', 'untuk', 'menjadikan', 'perempuan', 'sebagai', 'katalisator', 'dalam', 'pembangunan', 'ekonomi', 'dunia']"
81,"['masalah', 'inklusi', 'keuangan', 'dan', 'transformasi', 'digital', 'ini', 'ternyata', 'memang', 'sangat', 'penting', 'yamaka', 'itu', 'pula', 'topik', 'ini']"
82,"['melalui', 'berbagai', 'terobosan', 'merdeka', 'belajar', 'pemulihan', 'pembelajaran', 'dilakukan', 'antara', 'lain', 'dengan', 'menghadirkan', 'kuriku']"
83,"['melanjutkan', 'pertemuan', 'perdana', 'education', 'working', 'group', 'edwg', 'pada', 'maret', 'lalu', 'kemendikbudristek', 'akan']"
84,"['mendikbud', 'ristek', 'nadiem', 'makarim', 'akan', 'memperkenalkan', 'program', 'merdeka', 'belajar', 'kepada', 'negaranegara', 'pada', 'hari', 'ini']"
85,"['mendikbudristek', 'akan', 'sampaikan', 'berbagai', 'terobosan', 'merdeka', 'belajar', 'dalam', 'pertemuan', 'kedua', 'edwg', 'gindonesia', 'presiden']"
86,"['menindaklanjuti', 'st', 'edmcswg', 'di', 'yogyakarta', 'dan', 'sebelum', 'pertemuan', 'ke', 'yang', 'akan', 'dilaksanakan', 'di', 'jakarta', 'pada', 'tang']"
87,"['menkominfo', 'johnny', 'plate', 'mengatakan', 'pemerintah', 'berkoordinasi', 'dengan', 'anggota', 'lainnya', 'partner', 'lokal', 'dan', 'globa']"
88,"['menkominfo', 'berharap', 'agar', 'sidang', 'kedua', 'dewg', 'ini', 'dapat', 'menghasilkan', 'kesepakatan', 'terbaik', 'dan', 'setiap', 'delegasi', 'memiliki']"
89,"['menkominfo', 'menjelaskan', 'sidang', 'kedua', 'dewg', 'berjalan', 'dengan', 'baik', 'lancar', 'dan', 'fokus', 'terdapat', 'pemahaman', 'yang', 'saling', 'meleng']"
90,"['menparekraf', 'juga', 'berpesan', 'agar', 'kedepannya', 'kita', 'bisa', 'berkolaborasi', 'membangun', 'pariwisata', 'berkelanjutan', 'yang', 'mengedepa']"
91,"['menteri', 'keuangan', 'sri', 'mulyani', 'telah', 'melakukan', 'pertemuan', 'kedua', 'finance', 'ministers', 'and', 'central', 'bank', 'governors', 'fmcbg']"
92,"['menteri', 'komunikasi', 'dan', 'informatika', 'johnny', 'plate', 'menyambut', 'para', 'delegasi', 'negara', 'anggota', 'yang', 'hadir']"
93,"['nah', 'coba', 'tulis', 'harapanmu', 'untuk', 'presidensi', 'indonesia', 'di', 'kolom', 'komentar', 'ya', 'xgindonesia', 'pulihbersama']"
94,"['narahubung', 'makincakapdigital', 'cfdsbagiilmu', 'eventmahasiswa', 'eventjogja', 'eventonline']"
95,"['oleh', 'karena', 'itu', 'bekerjasama', 'dengan', 'sinarmas', 'land', 'mengadakan', 'side', 'event', 'dengan', 'temaac']"
96,"['one', 'global', 'women', 'empowerment', 'ogwe', 'merupakan', 'sebuah', 'platform', 'yang', 'dirancang', 'untuk', 'memungkinkan', 'pengusaha', 'perempuan', 'didu']"
97,"['prakarsa', 'sebagai', 'anggota', 'memandang', 'perlindungan', 'yang', 'adaptif', 'terhadap', 'pekerja', 'informal', 'harus', 'diperluas', 'penin']"
98,"['pada', 'dan', 'telah', 'menyelenggarakan', 'seminar', 'internasional', 'sebagai', 'side', 'event', 'gindonesi']"
99,"['pada', 'pelaksanaannya', 'mengoordinasikan', 'pembahasan', 'isuisu', 'sherpa', 'track', 'dan', 'berperan', 'dalam', 'mem']"
100,"['pandemi', 'covid', 'telah', 'menurunkan', 'daya', 'beli', 'masyarakat', 'pasalnya', 'masyarakat', 'telah', 'mengurangi', 'interaksi', 'di', 'luar', 'ruangan']"
101,"['pasar', 'ekologi', 'argowijil', 'merupakan', 'pasar', 'tradisional', 'yang', 'memegang', 'prinsip', 'pengendalian', 'pembangunan', 'sektor', 'pertambangan']"
102,"['pembahasan', 'isu', 'melalui', 'pertemuan', 'sherpa', 'track', 'ini', 'diharapkan', 'dapat', 'menghasilkan', 'political', 'declaration', 'tingkat', 'mente']"
103,"['pembentukan', 'pasar', 'ekologis', 'ini', 'diinisiasi', 'oleh', 'melalui', 'untuk', 'memulihkan', 'lokasi', 'bekas', 'tambang']"
104,"['pemerataan', 'akses', 'energi', 'dinegara', 'kepulauangindonesia', 'dorongnkrilebihmaju']"
105,"['pemerintah', 'indonesia', 'melalui', 'forum', 'mendorong', 'peningkatan', 'aksesibilitas', 'di', 'negara', 'kepulauangindonesia']"
106,"['pemerintah', 'indonesia', 'melalui', 'forum', 'mendorong', 'peningkatan', 'aksesibilitas', 'di', 'negara', 'kepulauanpemerataan', 'aks']"
107,"['penggunaan', 'kendaraan', 'listrik', 'ini', 'juga', 'merupakan', 'salah', 'satu', 'strategi', 'untuk', 'mencapai', 'target', 'indonesia', 'menurunkan', 'emisi', 'se']"
108,"['percepatan', 'inklusi', 'keuangan', 'dan', 'transformasi', 'digital', 'untuk', 'mendorong', 'pertumbuhan', 'ekonomi', 'berkelanjutan', 'jadi', 'salah']"
109,"['percepatan', 'inklusi', 'keuangan', 'dan', 'transformasi', 'digital', 'untuk', 'mendorong', 'pertumbuhan', 'ekonomi', 'berkelanjutan', 'jadi', 'salah', 'satu', 'fo']"
110,"['persidangan', 'pertama', 'permohonan', 'pergantian', 'perwalian', 'dan', 'relokasi', 'ketiga', 'anak', 'almh', 'farah', 'rasyid', 'munif', 'ke', 'tanah', 'air']"
111,"['pertemuan', 'education', 'working', 'group', 'edwg', 'yang', 'membahas', 'dua', 'agenda', 'prioritas', 'dan', 'inisiatif', 'kemendikbudristek']"
112,"['pertemuan', 'ini', 'berfokus', 'pada', 'agenda', 'prioritas', 'dari', 'edwg', 'yaitu', 'pendidikan', 'berkualitas', 'universal', 'dan', 'teknologi', 'digi']"
113,"['pertemuan', 'ini', 'berfokus', 'pada', 'agenda', 'prioritas', 'dari', 'edwg', 'yaitu', 'pendidikan', 'berkualitas', 'universal', 'dan', 'teknologi', 'digital']"
114,"['pertemuan', 'ini', 'bertujuan', 'membahas', 'lebih', 'lanjut', 'kajiankajian', 'cswg', 'berdasarkan', 'masukan', 'dan', 'saran', 'dari', 'negaranegara']"
115,"['pertemuan', 'kedua', 'digital', 'economy', 'working', 'group', 'dewg', 'akan', 'diselenggarakan', 'pada', 'mei', 'di', 'yogyakarta', 'pertem']"
116,"['pertemuan', 'kedua', 'digital', 'economy', 'working', 'group', 'dewg', 'akan', 'diselenggarakan', 'pada', 'mei', 'di', 'yogyakarta', 'pertemuan']"
117,"['pertemuan', 'kedua', 'kelompok', 'kerja', 'pendidikan', 'atau', 'education', 'working', 'group', 'edwg', 'membahas', 'mengenai', 'peningkatan', 'kap']"
118,"['pertemuan', 'kedua', 'mendasari', 'agenda', 'pembahasan', 'pada', 'agenda', 'pertemuan', 'ketiga', 'di', 'labuan', 'bajo', 'juli', 'presidensi']"
119,"['pertemuan', 'kedua', 'mendasari', 'agenda', 'pembahasan', 'pada', 'agenda', 'pertemuan', 'ketiga', 'di', 'labuan', 'bajo', 'juli', 'presidensi']"
120,"['peserta', 'delegasi', 'negara', 'dewg', 'diajak', 'menikmati', 'makan', 'malam', 'dan', 'melihat', 'pertunjukan', 'sendratari', 'dengan', 'latar', 'belak']"
121,"['planet', 'yg', 'layak', 'huni', 'utk', 'smua', 'manusia', 'tanpa', 'pandang', 'status', 'ekonomi', 'gindonesia']"
122,"['praktek', 'terbaik', 'dari', 'jawa', 'barat', 'hunian', 'yang', 'produktif', 'dan', 'terjangkaugindonesia', 'uindonesia', 'pulihbersama']"
123,"['presiden', 'joko', 'widodo', 'berkomunikasi', 'via', 'saluran', 'telepon', 'dengan', 'presiden', 'rusia', 'vladimir', 'putin', 'terkait', 'agenda', 'ktt', 'komun']"
124,"['presiden', 'joko', 'widodo', 'sedang', 'bertolak', 'ke', 'amerika', 'serikat', 'sebagai', 'salah', 'satu', 'jadwal', 'kunjungan', 'kerja', 'berikut', 'pernyata']"
125,"['presiden', 'jokowi', 'tegaskan', 'pentingnya', 'implementasi', 'rencana', 'investasi', 'usai', 'bertemu', 'chairman', 'dan', 'ceo', 'air', 'products', 'seif']"
126,"['presiden', 'dan', 'ibu', 'iriana', 'jokowi', 'tiba', 'di', 'washington', 'dcyoutube', 'pusaka']"
127,"['presidensi', 'indonesia', 'kembali', 'menekankan', 'pentingnya', 'inklusi', 'keuangan', 'digital', 'pembiayaan', 'umkm', 'guna', 'mengurangi']"
128,"['presidensi', 'indonesia', 'kembali', 'menekankan', 'pentingnya', 'inklusi', 'keuangan', 'digital', 'pembiayaan', 'umkm', 'guna', 'mengurangi', 'kesenj']"
129,"['presidensi', 'indonesia', 'usulkan', 'empat', 'prinsip', 'ukuran', 'literasi', 'digital', 'yakni', 'infrastruktur', 'dan', 'ekosistem', 'literasi', 'pember']"
130,"['presidensi', 'indonesia', 'usulkan', 'empat', 'prinsip', 'ukuran', 'literasi', 'digital', 'yakni', 'infrastruktur', 'dan', 'ekosistem', 'literasi']"
131,"['private', 'finance', 'dalam', 'mewujudkan', 'pembangunan', 'berkelanjutan', 'di', 'negaranegara', 'berkembang', 'least', 'developing', 'countries']"
132,"['proporsi', 'energi', 'baru', 'terbarukan', 'ebt', 'dalam', 'pembangkit', 'listrik', 'di', 'indonesia', 'baru', 'berkisar', 'atau', 'masih', 'tertingg']"
133,"['rabu', 'menkominfo', 'johnny', 'plate', 'didampingi', 'chair', 'dan', 'alternate', 'chair', 'dewg', 'melakukan', 'konferen']"
134,"['rabu', 'menkominfo', 'johnny', 'plate', 'didampingi', 'chair', 'dan', 'alternate', 'chair', 'dewg', 'melakukan', 'konferensi', 'pe']"
135,"['rumah', 'tahanan', 'negara', 'kelas', 'iimajene', 'mengucapkanselamat', 'memperingati', 'hari', 'pendidikan', 'nasional', 'tahun', 'pimpin']"
136,"['sabilulungan', 'filosofi', 'sunda', 'yang', 'lekat', 'dengan', 'gotong', 'royong', 'menjadi', 'alasan', 'dipilihnya', 'bandung', 'sebagai', 'lokasi', 'pert']"
137,"['sahabatdikbud', 'mendikbudristek', 'membuka', 'pertemuan', 'kedua', 'edwg', 'dengan', 'menekankan', 'gotong', 'royong', 'sbg', 'pengg']"
138,"['sahabatdikbud', 'mendikbudristek', 'membuka', 'pertemuan', 'kedua', 'edwg', 'dengan', 'menekankan', 'gotong', 'royong', 'sbg']"
139,"['sahabatdikbud', 'melanjutkan', 'pertemuan', 'perdana', 'education', 'working', 'group', 'edwg', 'pada', 'maret', 'lalu', 'kemendikbudristek', 'akan']"
140,"['sahabatdikbud', 'melanjutkan', 'pertemuan', 'perdana', 'education', 'working', 'group', 'edwg', 'pada', 'maret', 'lalu', 'kemendikbudristek']"
141,"['sahabatdikbud', 'pertemuan', 'education', 'working', 'group', 'edwg', 'yg', 'membahas', 'agenda', 'prioritas', 'dan', 'inisiatif', 'kemendik']"
142,"['sahabatdikbud', 'pertemuan', 'education', 'working', 'group', 'edwg', 'yg', 'membahas', 'agenda', 'prioritas', 'dan', 'inisiatif', 'kemendikbudrist']"
143,"['salah', 'satu', 'hal', 'menarik', 'dari', 'daerah', 'ini', 'adalah', 'gugusan', 'vulkaniknya', 'setidaknya', 'terdapat', 'gunung', 'berapi', 'yang', 'pernah', 'ada']"
144,"['salah', 'satu', 'hal', 'menarik', 'dari', 'daerah', 'ini', 'adalah', 'gugusan', 'vulkaniknya', 'setidaknya', 'terdapat', 'gunung', 'berapi', 'yang', 'pernah']"
145,"['salah', 'satu', 'upaya', 'transisi', 'energi', 'telah', 'diterapkan', 'dalam', 'gelaran', 'yaitu', 'dengan', 'penggunaan', 'kendaraan', 'listrik', 'yang', 'rama']"
146,"['sebagai', 'salah', 'satu', 'pengampu', 'dari', 'trade', 'investment', 'and', 'industry', 'working', 'group', 'tiiwg', 'kementerian', 'investasi']"
147,"['sebagai', 'salah', 'satu', 'pengampu', 'dari', 'trade', 'investment', 'and', 'industry', 'working', 'group', 'tiiwg', 'kementerian', 'investasi', 'bkpm']"
148,"['sebagai', 'seorang', 'insinyur', 'dan', 'pengusaha', 'saya', 'sangat', 'mengagumi', 'dan', 'menikmati', 'kesempatan', 'langka', 'kunjungan', 'ini', 'karena', 'ini']"
149,"['sebagai', 'seorang', 'insinyur', 'dan', 'pengusaha', 'saya', 'sangat', 'mengagumi', 'dan', 'menikmati', 'kesempatan', 'langka', 'kunjungan', 'ini', 'karena']"
150,"['secara', 'khusus', 'presiden', 'jokowi', 'mengundang', 'presiden', 'as', 'joe', 'biden', 'untuk', 'menghadiri', 'konferensi', 'tingkat', 'tinggi', 'ktt', 'di']"
151,"['secara', 'khusus', 'presiden', 'jokowi', 'mengundang', 'presiden', 'as', 'joe', 'biden', 'untuk', 'menghadiri', 'konferensi', 'tingkat', 'tinggi', 'ktt']"
152,"['selain', 'itu', 'kemendikbud', 'juga', 'menginisiasi', 'diskusi', 'untuk', 'memperbarui', 'komitmen', 'global', 'guna', 'meningkatkan', 'pendidikan', 'di', 'unit']"
153,"['selain', 'itu', 'kemendikbud', 'juga', 'menginisiasi', 'diskusi', 'untuk', 'memperbarui', 'komitmen', 'global', 'guna', 'meningkatkan', 'pendidikan', 'di']"
154,"['selamat', 'malam', 'temankeu', 'xpertemuan', 'kedua', 'finance', 'ministers', 'and', 'central', 'bank', 'governors', 'fmcbg', 'gindonesia', 'akan', 'berlangs']"
155,"['selamat', 'malam', 'temankeuberikut', 'agenda', 'gindonesia', 'di', 'bulan', 'mei', 'recovertogetherrecoverstronger']"
156,"['selamat', 'memperingati', 'hari', 'kebangkitan', 'nasional', 'harkitnas', 'ke', 'harkitnas', 'inidiplomasi', 'indonesianway', 'indone']"
157,"['selamat', 'memperingati', 'hari', 'kebangkitan', 'nasional', 'harkitnas', 'ke', 'harkitnas', 'inidiplomasi', 'indonesianway']"
158,"['selaras', 'dengan', 'tujuan', 'indonesia', 'untuk', 'meninggalkan', 'warisan', 'nyata', 'yang', 'tahan', 'lama', 'dan', 'berkelanjutan', 'women', 'in']"
159,"['semoga', 'semua', 'ini', 'bisa', 'membawa', 'manfaat', 'untuk', 'indonesia', 'sebagai', 'pemimpin', 'industri', 'elektrifikasi', 'dan', 'kehidupan', 'dengan', 'ikli']"
160,"['semoga', 'semua', 'ini', 'bisa', 'membawa', 'manfaat', 'untuk', 'indonesia', 'sebagai', 'pemimpin', 'industri', 'elektrifikasi', 'dan', 'kehidupan', 'dengan']"
161,"['sepertinya', 'di', 'bali', 'saat', 'gindonesiaakan', 'ada', 'keputusan', 'dari', 'yang', 'bisa', 'lebih']"
162,"['serta', 'keterampilan', 'masa', 'depan', 'bagi', 'perempuan', 'empower', 'juga', 'mendapat', 'bantuan', 'dari', 'bcg', 'boston', 'consulting', 'group']"
163,"['sherpa', 'track', 'merupakan', 'forum', 'khusus', 'pada', 'yang', 'disiapkan', 'untuk', 'membahas', 'isuisu', 'ekonomi', 'non', 'keuangan', 'panduan', 'pe']"
164,"['sherpa', 'track', 'merupakan', 'forum', 'khusus', 'pada', 'yang', 'disiapkan', 'untuk', 'membahas', 'isuisu', 'ekonomi', 'non', 'keuangan', 'panduan', 'pembaha']"
165,"['sherpa', 'track', 'salah', 'satu', 'forum', 'khusus', 'gindonesia']"
166,"['sobatrupiah', 'bi', 'mendorong', 'kerja', 'sama', 'digitalisasi', 'sistem', 'pembayaran', 'antarnegara', 'melalui', 'agenda', 'presidensi', 'gindonesi']"
167,"['sobatrupiah', 'bi', 'mendorong', 'kerja', 'sama', 'digitalisasi', 'sistem', 'pembayaran', 'antarnegara', 'melalui', 'agenda', 'presidensi']"
168,"['sobatrupiah', 'inklusi', 'keuangan', 'merupakan', 'salah', 'satu', 'fokus', 'pembahasan', 'dalam', 'presidensi', 'gindonesia', 'hmmm', 'su']"
169,"['sobatrupiah', 'inklusi', 'keuangan', 'merupakan', 'salah', 'satu', 'fokus', 'pembahasan', 'dalam', 'presidensi', 'gindonesia', 'hmmm', 'sudah']"
170,"['talk', 'show', 'safeguarding', 'naturetalk', 'show', 'ii', 'promoting', 'circular', 'economyyuk', 'segera', 'daftarkan', 'dirimu', 'melalui', 'lin']"
171,"['talk', 'show', 'safeguarding', 'naturetalk', 'show', 'ii', 'promoting', 'circular', 'economyyuk', 'segera', 'daftarkan', 'dirimu', 'melalui', 'link', 'ber']"
172,"['telaga', 'waja', 'mangrove', 'forest', 'area', 'benoa', 'bay', 'nusa', 'dua', 'bali', 'recovertogetherrecoverstronger', 'gindonesia']"
173,"['terlebih', 'lagi', 'sektor', 'energi', 'merupakan', 'kontributor', 'perubahan', 'iklim', 'paling', 'dominan', 'yang', 'menyumbang', 'hampir', 'dari', 'emisi']"
174,"['ternyata', 'ada', 'hubungan', 'dengan', 'bonus', 'demografi', 'dalam', 'beberapa', 'tahun', 'ke', 'depan', 'loh', 'lpsindonesia', 'amanadalps', 'lpsamanadat', 'sa']"
175,"['terpilih', 'sebagai', 'juru', 'bicara', 'presidensi', 'di', 'maudy', 'ayunda', 'memaparkan', 'isu', 'transisi', 'energi', 'yang', 'sudah', 'disiapkan']"
176,"['tertarik', 'pada', 'isu', 'seputar', 'transformasi', 'digital', 'dan', 'inklusi', 'keuangan', 'yuk', 'saksikan', 'seminar', 'internasional', 'igital', 'transf']"
177,"['terus', 'ikuti', 'perkembangan', 'dan', 'informasi', 'terkini', 'seputar', 'pelaksanaan', 'dewg', 'melalui', 'media', 'sosial', 'kami', 'ya', 'xgindonesia', 'pulihbersama']"
178,"['terus', 'ikuti', 'perkembangan', 'dan', 'informasi', 'terkini', 'seputar', 'pelaksanaan', 'dewg', 'melalui', 'media', 'sosial', 'kami', 'ya', 'xgindonesia']"
179,"['timmarves', 'yuk', 'kita', 'kunjungi', 'salah', 'satu', 'lokasi', 'acara', 'untuk', 'mempromosikan', 'produk', 'umkm', 'yaitu', 'bali', 'co']"
180,"['timmarves', 'yuk', 'kita', 'kunjungi', 'salah', 'satu', 'lokasi', 'acara', 'untuk', 'mempromosikan', 'produk', 'umkm', 'yaitu', 'bali', 'collect']"
181,"['transisi', 'energi', 'berkelanjutan', 'merupakan', 'salah', 'satu', 'isu', 'prioritas', 'yang', 'diangkat', 'pada', 'forum', 'presidensi', 'indonesia', 'foru']"
182,"['tujuan', 'kegiatan', 'ini', 'yakni', 'membuka', 'wawasan', 'tentang', 'peran', 'perempuan', 'dalam', 'usaha', 'kecil', 'menengah', 'hingga', 'mengidentifi']"
183,"['umkm', 'merupakan', 'salah', 'satu', 'sektor', 'yg', 'paling', 'terdampak', 'oleh', 'pandemi', 'utk', 'pulihbersama', 'presidensi', 'gindonesia', 'mene']"
184,"['umkm', 'merupakan', 'salah', 'satu', 'sektor', 'yg', 'paling', 'terdampak', 'oleh', 'pandemi', 'utk', 'pulihbersama', 'presidensi', 'gindonesia', 'menetapk']"
185,"['update', 'kasus', 'covid', 'di', 'thailand', 'per', 'mei', 'pada', 'hari', 'ini', 'terdapat', 'kasus', 'baru', 'orang', 'sembuh', 'dan']"
186,"['unjuk', 'rasa', 'yang', 'diikuti', 'ribuan', 'pekerja', 'yang', 'tergabung', 'dalam', 'serikat', 'pekerja', 'freeport', 'itu', 'sekaligus', 'menandai', 'aksi', 'mo']"
187,"['unjuk', 'rasa', 'yang', 'diikuti', 'ribuan', 'pekerja', 'yang', 'tergabung', 'dalam', 'serikat', 'pekerja', 'freeport', 'itu', 'sekaligus', 'menandai', 'aksi', 'mogok', 'ke']"
188,"['untuk', 'itu', 'setiap', 'negara', 'memerlukan', 'kerangka', 'inklusi', 'keuangan', 'untuk', 'mendorong', 'digitalisasi', 'yang', 'berdampak', 'pada', 'peni']"
189,"['untuk', 'itu', 'setiap', 'negara', 'memerlukan', 'kerangka', 'inklusi', 'keuangan', 'untuk', 'mendorong', 'digitalisasi', 'yang', 'berdampak', 'pada', 'peningkat']"
190,"['versi', 'budaya', 'jawa', 'dengan', 'thailand', 'nihh', 'numpang', 'rame', 'di', 'gindonesia', 'thailandopen', 'thailand', 'wayang', 'polisi']"
191,"['sispreneur', 'merupakan', 'program', 'inkubasi', 'umkm', 'milik', 'perempuan', 'dari', 'yang', 'bertujuan', 'untuk', 'membantu']"
192,"['xl', 'axiata', 'bangga', 'dapat', 'menjadi', 'bagian', 'dalam', 'acara', 'yg', 'diselenggarakan', 'oleh', 'empower', 'perempuan', 'di', 'ukm', 'sebagai', 'pe']"
193,"['xl', 'axiata', 'bangga', 'dapat', 'menjadi', 'bagian', 'dalam', 'acara', 'yg', 'diselenggarakan', 'oleh', 'empower', 'perempuan', 'di', 'ukm', 'sebagai', 'pengge']"
194,"['yuk', 'bergabung', 'dalam', 'kegiatan', 'nd', 'side', 'event', 'development', 'working', 'group', 'dwg', 'dengan', 'temamemperkuat', 'daya', 'sain']"
195,"['yuk', 'bergabung', 'dalam', 'kegiatan', 'nd', 'side', 'event', 'development', 'working', 'group', 'dwg', 'dengan', 'temamemperkuat', 'daya', 'saing', 'umk']"
196,"['yuk', 'jadi', 'bagian', 'dari', 'dengan', 'mengikuti', 'nd', 'side', 'event', 'yang', 'diadakan', 'oleh', 'empower', 'dengan', 'tema']"
197,"['yuk', 'jadi', 'bagian', 'dari', 'dengan', 'mengikuti', 'nd', 'side', 'event', 'yang', 'diadakan', 'oleh', 'empower', 'dengan', 'temarebu']"
198,"['yuk', 'sahabatbahari', 'kita', 'dukung', 'kegiatan', 'dewg', 'dan', 'kenalkan', 'kuliner', 'daerah', 'kepada', 'dunia', 'gindonesia', 'gkkp', 'kkpaccele']"
199,"['yuk', 'sahabatbahari', 'kita', 'dukung', 'kegiatan', 'dewg', 'dan', 'kenalkan', 'kuliner', 'daerah', 'kepada', 'dunia', 'gindonesia', 'gkkp']"
200,"['yuk', 'simak', 'video', 'berikut', 'untuk', 'tau', 'lebih', 'lanjut', 'mengenai', 'pasar', 'ekologis', 'argowijil', 'yogyakarta']"
201,"['dengan', 'memastikan', 'bahwa', 'sistem', 'moneter', 'secara', 'fundamental', 'tetap', 'berlaku', 'sebagai', 'barang', 'publik', 'termasuk', 'harus', 'menjaga']"
202,"['kepada', 'uratas', 'pencerahan', 'agama', 'islam', 'yang', 'menyejukan', 'mencerdaskan', 'dan', 'inklusif', 'aaamiiin', 'llohumma', 'aaamiiin']"
203,"['ndonesiamaju', 'kamibersamajokowi', 'jokowidodo', 'indonesiamaju', 'indonesiamaju', 'gindonesia']"
204,"['tidak', 'hanya', 'berupaya', 'mewujudkan', 'transformasi', 'digital', 'di', 'dalam', 'negeri', 'namun', 'juga', 'memperjuangkannya', 'pada', 'meja']"
205,"['untuk', 'mempromosikan', 'strategi', 'percepatan', 'inklusi', 'keuanganvideo', 'belajartanpabataskitapemelajarumkm']"
206,"['untuk', 'mempromosikan', 'strategi', 'percepatan', 'inklusi', 'keuanganvideo', 'belajartanpabataskitapemelajarumkmgindonesia']"
