,tweet,tweet_tokens,tweet_tokens_WSW,tweet_tokens_stemmed
0, dan  jawaban nya min mainnakerpresidensiggindonesiaewgindonesia,"['dan', 'jawaban', 'nya', 'min', 'mainnakerpresidensiggindonesiaewgindonesia']","['min', 'mainnakerpresidensiggindonesiaewgindonesia']","['min', 'mainnakerpresidensiggindonesiaewgindonesia']"
1,ayo siapa yang takut amerika rusia ketemuan di bali gindonesia hebatnya bu da,"['ayo', 'siapa', 'yang', 'takut', 'amerika', 'rusia', 'ketemuan', 'di', 'bali', 'gindonesia', 'hebatnya', 'bu', 'da']","['ayo', 'takut', 'amerika', 'rusia', 'ketemuan', 'bali', 'gindonesia', 'hebatnya', 'bu', 'da']","['ayo', 'takut', 'amerika', 'rusia', 'ketemu', 'bal', 'gindonesia', 'hebat', 'bu', 'da']"
2,gerakan nasional literasi digital digital talent scholarship digital leadership academy program kartu prakerjalpsi,"['gerakan', 'nasional', 'literasi', 'digital', 'digital', 'talent', 'scholarship', 'digital', 'leadership', 'academy', 'program', 'kartu', 'prakerjalpsi']","['gerakan', 'nasional', 'literasi', 'digital', 'digital', 'talent', 'scholarship', 'digital', 'leadership', 'academy', 'program', 'kartu', 'prakerjalpsi']","['gera', 'nasional', 'literasi', 'digital', 'digital', 'talent', 'scholarship', 'digital', 'leadership', 'academy', 'program', 'kartu', 'prakerjalpsi']"
3,indonesia indonesiajuara indonesiahebatindonesiadamai,"['indonesia', 'indonesiajuara', 'indonesiahebatindonesiadamai']","['indonesia', 'indonesiajuara', 'indonesiahebatindonesiadamai']","['indonesia', 'indonesiajuara', 'indonesiahebatindonesiadamai']"
4,keren bangetmas memtri dengan program merdeka belajarnyagindonesia presidensiindonesia,"['keren', 'bangetmas', 'memtri', 'dengan', 'program', 'merdeka', 'belajarnyagindonesia', 'presidensiindonesia']","['keren', 'bangetmas', 'memtri', 'program', 'merdeka', 'belajarnyagindonesia', 'presidensiindonesia']","['keren', 'bangetmas', 'memtri', 'program', 'merdeka', 'belajarnyagindonesia', 'presidensiindonesia']"
5,konsumen konsumen industri dan rumah tangga perlu segera diberdayakan menjadi koperasi koperasi,"['konsumen', 'konsumen', 'industri', 'dan', 'rumah', 'tangga', 'perlu', 'segera', 'diberdayakan', 'menjadi', 'koperasi', 'koperasi']","['konsumen', 'konsumen', 'industri', 'rumah', 'tangga', 'diberdayakan', 'koperasi', 'koperasi']","['konsumen', 'konsumen', 'industri', 'rumah', 'tangga', 'daya', 'koperasi', 'koperasi']"
6,lapor pak bisanya cewe sekarang bego bencong joget malah disuka mendingan pada doa perang mau ,"['lapor', 'pak', 'bisanya', 'cewe', 'sekarang', 'bego', 'bencong', 'joget', 'malah', 'disuka', 'mendingan', 'pada', 'doa', 'perang', 'mau']","['lapor', 'bisanya', 'cewe', 'bego', 'bencong', 'joget', 'disuka', 'mendingan', 'doa', 'perang']","['lapor', 'bisa', 'cewe', 'bego', 'bencong', 'joget', 'suka', 'mending', 'doa', 'perang']"
7,pak yth kami perencana koperasi memastikan bahwa core values bagi ,"['pak', 'yth', 'kami', 'perencana', 'koperasi', 'memastikan', 'bahwa', 'core', 'values', 'bagi']","['yth', 'perencana', 'koperasi', 'core', 'values']","['yth', 'rencana', 'koperasi', 'core', 'values']"
8,sepertinya di bali saat gindonesiaakan ada keputusan dari yang bisa,"['sepertinya', 'di', 'bali', 'saat', 'gindonesiaakan', 'ada', 'keputusan', 'dari', 'yang', 'bisa']","['bali', 'gindonesiaakan', 'keputusan']","['bal', 'gindonesiaakan', 'putus']"
9,cewe ga jelas bencong joget malah diteriakin mendingan pada doa perang mau datang di event  di,"['cewe', 'ga', 'jelas', 'bencong', 'joget', 'malah', 'diteriakin', 'mendingan', 'pada', 'doa', 'perang', 'mau', 'datang', 'di', 'event', 'di']","['cewe', 'bencong', 'joget', 'diteriakin', 'mendingan', 'doa', 'perang', 'event']","['cewe', 'bencong', 'joget', 'diteriakin', 'mending', 'doa', 'perang', 'event']"
10,cewe sekarang bego bencong joget malah disuka mendingan pada doa perang mau datang di event ,"['cewe', 'sekarang', 'bego', 'bencong', 'joget', 'malah', 'disuka', 'mendingan', 'pada', 'doa', 'perang', 'mau', 'datang', 'di', 'event']","['cewe', 'bego', 'bencong', 'joget', 'disuka', 'mendingan', 'doa', 'perang', 'event']","['cewe', 'bego', 'bencong', 'joget', 'suka', 'mending', 'doa', 'perang', 'event']"
11,cewe sekarang bego bencong joget malah ditonton ya mendingan pada doa perang mau datang di event,"['cewe', 'sekarang', 'bego', 'bencong', 'joget', 'malah', 'ditonton', 'ya', 'mendingan', 'pada', 'doa', 'perang', 'mau', 'datang', 'di', 'event']","['cewe', 'bego', 'bencong', 'joget', 'ditonton', 'mendingan', 'doa', 'perang', 'event']","['cewe', 'bego', 'bencong', 'joget', 'tonton', 'mending', 'doa', 'perang', 'event']"
12,gila bencong nari ditonton pikirin tuh ancaman mau datang di event  di bali indonesia akan,"['gila', 'bencong', 'nari', 'ditonton', 'pikirin', 'tuh', 'ancaman', 'mau', 'datang', 'di', 'event', 'di', 'bali', 'indonesia', 'akan']","['gila', 'bencong', 'nari', 'ditonton', 'pikirin', 'ancaman', 'event', 'bali', 'indonesia']","['gila', 'bencong', 'nari', 'tonton', 'pikirin', 'ancam', 'event', 'bal', 'indonesia']"
13,gila lo ga usah bahas perang rusia ukraina di  formula  urusan bang mending lo nonton,"['gila', 'lo', 'ga', 'usah', 'bahas', 'perang', 'rusia', 'ukraina', 'di', 'formula', 'urusan', 'bang', 'mending', 'lo', 'nonton']","['gila', 'lo', 'bahas', 'perang', 'rusia', 'ukraina', 'formula', 'urusan', 'bang', 'mending', 'lo', 'nonton']","['gila', 'lo', 'bahas', 'perang', 'rusia', 'ukraina', 'formula', 'urus', 'bang', 'mending', 'lo', 'nonton']"
14,jika amerika adalah negara besara dan negara yang pro perdamaian maka amerika akan datang gindonesia,"['jika', 'amerika', 'adalah', 'negara', 'besara', 'dan', 'negara', 'yang', 'pro', 'perdamaian', 'maka', 'amerika', 'akan', 'datang', 'gindonesia']","['amerika', 'negara', 'besara', 'negara', 'pro', 'perdamaian', 'amerika', 'gindonesia']","['amerika', 'negara', 'besara', 'negara', 'pro', 'damai', 'amerika', 'gindonesia']"
15,joget kaya bencong aja banyak yg nonton org indo harusnya mikir ancaman lebih besar mau datang di event,"['joget', 'kaya', 'bencong', 'aja', 'banyak', 'yg', 'nonton', 'org', 'indo', 'harusnya', 'mikir', 'ancaman', 'lebih', 'besar', 'mau', 'datang', 'di', 'event']","['joget', 'kaya', 'bencong', 'nonton', 'org', 'indo', 'mikir', 'ancaman', 'event']","['joget', 'kaya', 'bencong', 'nonton', 'org', 'indo', 'mikir', 'ancam', 'event']"
16,kesel lah gw masa isi twitter bencong joget semua pada ga mikir apa indonesia ,"['kesel', 'lah', 'gw', 'masa', 'isi', 'twitter', 'bencong', 'joget', 'semua', 'pada', 'ga', 'mikir', 'apa', 'indonesia']","['kesel', 'gw', 'isi', 'twitter', 'bencong', 'joget', 'mikir', 'indonesia']","['kesel', 'gw', 'isi', 'twitter', 'bencong', 'joget', 'mikir', 'indonesia']"
17,menetapkan kota bandung jawa barat sebagai lokasi penyelenggaraan pertemuan kedua kelompok kerja pen,"['menetapkan', 'kota', 'bandung', 'jawa', 'barat', 'sebagai', 'lokasi', 'penyelenggaraan', 'pertemuan', 'kedua', 'kelompok', 'kerja', 'pen']","['menetapkan', 'kota', 'bandung', 'jawa', 'barat', 'lokasi', 'penyelenggaraan', 'pertemuan', 'kelompok', 'kerja']","['tetap', 'kota', 'bandung', 'jawa', 'barat', 'lokasi', 'selenggara', 'temu', 'kelompok', 'kerja']"
18,ngapain lo ngurusin bencong nari pikirin tuh formula  ancaman lebih besar mau datang di event  ,"['ngapain', 'lo', 'ngurusin', 'bencong', 'nari', 'pikirin', 'tuh', 'formula', 'ancaman', 'lebih', 'besar', 'mau', 'datang', 'di', 'event']","['ngapain', 'lo', 'ngurusin', 'bencong', 'nari', 'pikirin', 'formula', 'ancaman', 'event']","['ngapain', 'lo', 'ngurusin', 'bencong', 'nari', 'pikirin', 'formula', 'ancam', 'event']"
19,potensi kekuatan indonesia membangun kerja sama konkret dgn perusahaan besar amerika serikat indonesia berkemban,"['potensi', 'kekuatan', 'indonesia', 'membangun', 'kerja', 'sama', 'konkret', 'dgn', 'perusahaan', 'besar', 'amerika', 'serikat', 'indonesia', 'berkemban']","['potensi', 'kekuatan', 'indonesia', 'membangun', 'kerja', 'konkret', 'perusahaan', 'amerika', 'serikat', 'indonesia', 'berkemban']","['potensi', 'kuat', 'indonesia', 'bangun', 'kerja', 'konkret', 'usaha', 'amerika', 'serikat', 'indonesia', 'kemban']"
20,tidak hanya berupaya mewujudkan transformasi digital di dalam negeri namun juga memperjuangkannya pada,"['tidak', 'hanya', 'berupaya', 'mewujudkan', 'transformasi', 'digital', 'di', 'dalam', 'negeri', 'namun', 'juga', 'memperjuangkannya', 'pada']","['berupaya', 'mewujudkan', 'transformasi', 'digital', 'negeri', 'memperjuangkannya']","['upaya', 'wujud', 'transformasi', 'digital', 'negeri', 'juang']"
21,sedang berlangsungthe  sustainable finance private sector roundtable xd forum ini menjadi tempat berdiskusi tentang,"['sedang', 'berlangsungthe', 'sustainable', 'finance', 'private', 'sector', 'roundtable', 'xd', 'forum', 'ini', 'menjadi', 'tempat', 'berdiskusi', 'tentang']","['berlangsungthe', 'sustainable', 'finance', 'private', 'sector', 'roundtable', 'xd', 'forum', 'berdiskusi']","['berlangsungthe', 'sustainable', 'finance', 'private', 'sector', 'roundtable', 'xd', 'forum', 'diskus']"
22,acara ini jg jadi momentum memperkuat promosi produk umkm lokal yg sejalan dg agenda inklusi keuangan pd presidensi ,"['acara', 'ini', 'jg', 'jadi', 'momentum', 'memperkuat', 'promosi', 'produk', 'umkm', 'lokal', 'yg', 'sejalan', 'dg', 'agenda', 'inklusi', 'keuangan', 'pd', 'presidensi']","['acara', 'jg', 'momentum', 'memperkuat', 'promosi', 'produk', 'umkm', 'lokal', 'sejalan', 'agenda', 'inklusi', 'keuangan', 'pd', 'presidensi']","['acara', 'jg', 'momentum', 'kuat', 'promosi', 'produk', 'umkm', 'lokal', 'jalan', 'agenda', 'inklusi', 'uang', 'pd', 'presidensi']"
23,alhamdulillah pak presiden memastikan bahwa pak elon musk akan hadir di gindonesia di november yang tentu,"['alhamdulillah', 'pak', 'presiden', 'memastikan', 'bahwa', 'pak', 'elon', 'musk', 'akan', 'hadir', 'di', 'gindonesia', 'di', 'november', 'yang', 'tentu']","['alhamdulillah', 'presiden', 'elon', 'musk', 'hadir', 'gindonesia', 'november']","['alhamdulillah', 'presiden', 'elon', 'musk', 'hadir', 'gindonesia', 'november']"
24,alhamdulillah pak presiden memastikan bahwa pak akan hadir di di november yang tentu,"['alhamdulillah', 'pak', 'presiden', 'memastikan', 'bahwa', 'pak', 'akan', 'hadir', 'di', 'di', 'november', 'yang', 'tentu']","['alhamdulillah', 'presiden', 'hadir', 'november']","['alhamdulillah', 'presiden', 'hadir', 'november']"
25,anggota  menyerukan diakhirinya perang sesegera mungkinhal ini disampaikan menkeusmi dalam konferesi pers yang diada,"['anggota', 'menyerukan', 'diakhirinya', 'perang', 'sesegera', 'mungkinhal', 'ini', 'disampaikan', 'menkeusmi', 'dalam', 'konferesi', 'pers', 'yang', 'diada']","['anggota', 'menyerukan', 'perang', 'mungkinhal', 'menkeusmi', 'konferesi', 'pers', 'diada']","['anggota', 'seru', 'perang', 'mungkinhal', 'menkeusmi', 'konferesi', 'pers', 'ada']"
26,women in business action council wibac menggelar pertemuan bilateral dengan menteri koperasi dan ukm republik indo,"['women', 'in', 'business', 'action', 'council', 'wibac', 'menggelar', 'pertemuan', 'bilateral', 'dengan', 'menteri', 'koperasi', 'dan', 'ukm', 'republik', 'indo']","['women', 'business', 'action', 'council', 'wibac', 'menggelar', 'pertemuan', 'bilateral', 'menteri', 'koperasi', 'ukm', 'republik', 'indo']","['women', 'business', 'action', 'council', 'wibac', 'gelar', 'temu', 'bilateral', 'menteri', 'koperasi', 'ukm', 'republik', 'indo']"
27,bagaimana menurut anda tentang rencana renovasi kubah gedung dpr streaming jam di kanal youtube,"['bagaimana', 'menurut', 'anda', 'tentang', 'rencana', 'renovasi', 'kubah', 'gedung', 'dpr', 'streaming', 'jam', 'di', 'kanal', 'youtube']","['rencana', 'renovasi', 'kubah', 'gedung', 'dpr', 'streaming', 'jam', 'kanal', 'youtube']","['rencana', 'renovasi', 'kubah', 'gedung', 'dpr', 'streaming', 'jam', 'kanal', 'youtube']"
28,bahlil mengatakan bahwa presidensi  indonesia merupakan momentum terbaik dalam rangka membangun konsepsi gl,"['bahlil', 'mengatakan', 'bahwa', 'presidensi', 'indonesia', 'merupakan', 'momentum', 'terbaik', 'dalam', 'rangka', 'membangun', 'konsepsi', 'gl']","['bahlil', 'presidensi', 'indonesia', 'momentum', 'terbaik', 'rangka', 'membangun', 'konsepsi', 'gl']","['bahlil', 'presidensi', 'indonesia', 'momentum', 'baik', 'rangka', 'bangun', 'konsepsi', 'gl']"
29,berdasarkan laporan climate bonds initiative penerbitan obligasi hijau green bonds di indonesia baru mencapai us,"['berdasarkan', 'laporan', 'climate', 'bonds', 'initiative', 'penerbitan', 'obligasi', 'hijau', 'green', 'bonds', 'di', 'indonesia', 'baru', 'mencapai', 'us']","['berdasarkan', 'laporan', 'climate', 'bonds', 'initiative', 'penerbitan', 'obligasi', 'hijau', 'green', 'bonds', 'indonesia', 'mencapai', 'us']","['dasar', 'lapor', 'climate', 'bonds', 'initiative', 'terbit', 'obligasi', 'hijau', 'green', 'bonds', 'indonesia', 'capai', 'us']"
30,berita tentang komitmen indonesia terhadap tunisia dalam membuka peningkatan kerjasama dalam berbagai bidang ekonomi,"['berita', 'tentang', 'komitmen', 'indonesia', 'terhadap', 'tunisia', 'dalam', 'membuka', 'peningkatan', 'kerjasama', 'dalam', 'berbagai', 'bidang', 'ekonomi']","['berita', 'komitmen', 'indonesia', 'tunisia', 'membuka', 'peningkatan', 'kerjasama', 'bidang', 'ekonomi']","['berita', 'komitmen', 'indonesia', 'tunisia', 'buka', 'tingkat', 'kerjasama', 'bidang', 'ekonomi']"
31,besok ada turnamen final di arena soalnya ada dr zomboss bakal comebackpvz arena pennyspursuit gindonesia,"['besok', 'ada', 'turnamen', 'final', 'di', 'arena', 'soalnya', 'ada', 'dr', 'zomboss', 'bakal', 'comebackpvz', 'arena', 'pennyspursuit', 'gindonesia']","['besok', 'turnamen', 'final', 'arena', 'dr', 'zomboss', 'comebackpvz', 'arena', 'pennyspursuit', 'gindonesia']","['besok', 'turnamen', 'final', 'arena', 'dr', 'zomboss', 'comebackpvz', 'arena', 'pennyspursuit', 'gindonesia']"
32,bonus demografi ini menjadi kesempatan strategis bagi  untuk melakukan berbagai percepatan pembangunan dengan du,"['bonus', 'demografi', 'ini', 'menjadi', 'kesempatan', 'strategis', 'bagi', 'untuk', 'melakukan', 'berbagai', 'percepatan', 'pembangunan', 'dengan', 'du']","['bonus', 'demografi', 'kesempatan', 'strategis', 'percepatan', 'pembangunan', 'du']","['bonus', 'demografi', 'sempat', 'strategis', 'cepat', 'bangun', 'du']"
33,dewg gindonesia sepakati lima isu krusial di dunia digital,"['dewg', 'gindonesia', 'sepakati', 'lima', 'isu', 'krusial', 'di', 'dunia', 'digital']","['dewg', 'gindonesia', 'sepakati', 'isu', 'krusial', 'dunia', 'digital']","['dewg', 'gindonesia', 'sepakat', 'isu', 'krusial', 'dunia', 'digital']"
34,dalam hal ini ekosistem pendidikan indonesia secara bergotong royong telah melakukan akselerasi transformasi seba,"['dalam', 'hal', 'ini', 'ekosistem', 'pendidikan', 'indonesia', 'secara', 'bergotong', 'royong', 'telah', 'melakukan', 'akselerasi', 'transformasi', 'seba']","['ekosistem', 'pendidikan', 'indonesia', 'bergotong', 'royong', 'akselerasi', 'transformasi', 'seba']","['ekosistem', 'didik', 'indonesia', 'gotong', 'royong', 'akselerasi', 'transformasi', 'seba']"
35,dalam pertemuan tersebut kemendikbudristek akan memperkuat komitmen untuk pulihbersama dalam menciptakan pendidikan ya,"['dalam', 'pertemuan', 'tersebut', 'kemendikbudristek', 'akan', 'memperkuat', 'komitmen', 'untuk', 'pulihbersama', 'dalam', 'menciptakan', 'pendidikan', 'ya']","['pertemuan', 'kemendikbudristek', 'memperkuat', 'komitmen', 'pulihbersama', 'menciptakan', 'pendidikan']","['temu', 'kemendikbudristek', 'kuat', 'komitmen', 'pulihbersama', 'cipta', 'didik']"
36,dalam rangka memperluas diskusi tersebut akan menyelenggarakan kegiatan road to  investment forum dengan topi,"['dalam', 'rangka', 'memperluas', 'diskusi', 'tersebut', 'akan', 'menyelenggarakan', 'kegiatan', 'road', 'to', 'investment', 'forum', 'dengan', 'topi']","['rangka', 'memperluas', 'diskusi', 'menyelenggarakan', 'kegiatan', 'road', 'to', 'investment', 'forum', 'topi']","['rangka', 'luas', 'diskusi', 'selenggara', 'giat', 'road', 'to', 'investment', 'forum', 'topi']"
37,dalam rangka meningkatkan upaya strategis gabungan untuk mempercepat transisi energi mengurangi emisi karbon yang,"['dalam', 'rangka', 'meningkatkan', 'upaya', 'strategis', 'gabungan', 'untuk', 'mempercepat', 'transisi', 'energi', 'mengurangi', 'emisi', 'karbon', 'yang']","['rangka', 'meningkatkan', 'upaya', 'strategis', 'gabungan', 'mempercepat', 'transisi', 'energi', 'mengurangi', 'emisi', 'karbon']","['rangka', 'tingkat', 'upaya', 'strategis', 'gabung', 'cepat', 'transisi', 'energi', 'kurang', 'emisi', 'karbon']"
38,dalam rangka mewujudkan upaya global untuk dapat pulihbersama dan menciptakan pendidikan berkualitas di seluruh dunia,"['dalam', 'rangka', 'mewujudkan', 'upaya', 'global', 'untuk', 'dapat', 'pulihbersama', 'dan', 'menciptakan', 'pendidikan', 'berkualitas', 'di', 'seluruh', 'dunia']","['rangka', 'mewujudkan', 'upaya', 'global', 'pulihbersama', 'menciptakan', 'pendidikan', 'berkualitas', 'dunia']","['rangka', 'wujud', 'upaya', 'global', 'pulihbersama', 'cipta', 'didik', 'kualitas', 'dunia']"
39,delegasi dewg  berupaya atasi kesenjangan digital dengan membahas perangkat untuk mengukur keterampilan dan lite,"['delegasi', 'dewg', 'berupaya', 'atasi', 'kesenjangan', 'digital', 'dengan', 'membahas', 'perangkat', 'untuk', 'mengukur', 'keterampilan', 'dan', 'lite']","['delegasi', 'dewg', 'berupaya', 'atasi', 'kesenjangan', 'digital', 'membahas', 'perangkat', 'mengukur', 'keterampilan', 'lite']","['delegasi', 'dewg', 'upaya', 'atas', 'senjang', 'digital', 'bahas', 'perangkat', 'ukur', 'terampil', 'lite']"
40,demikian mengemuka pada pertemuan nd global partnership for financial inclusion plenary meeting yang diselenggarak,"['demikian', 'mengemuka', 'pada', 'pertemuan', 'nd', 'global', 'partnership', 'for', 'financial', 'inclusion', 'plenary', 'meeting', 'yang', 'diselenggarak']","['mengemuka', 'pertemuan', 'nd', 'global', 'partnership', 'for', 'financial', 'inclusion', 'plenary', 'meeting', 'diselenggarak']","['muka', 'temu', 'nd', 'global', 'partnership', 'for', 'financial', 'inclusion', 'plenary', 'meeting', 'diselenggarak']"
41,di masa kini dana ini berfungsi untuk mendukung ketahanan dan stabilitas ekonomi demi pulihbersama asobat pantau ,"['di', 'masa', 'kini', 'dana', 'ini', 'berfungsi', 'untuk', 'mendukung', 'ketahanan', 'dan', 'stabilitas', 'ekonomi', 'demi', 'pulihbersama', 'asobat', 'pantau']","['dana', 'berfungsi', 'mendukung', 'ketahanan', 'stabilitas', 'ekonomi', 'pulihbersama', 'asobat', 'pantau']","['dana', 'fungsi', 'dukung', 'tahan', 'stabilitas', 'ekonomi', 'pulihbersama', 'asobat', 'pantau']"
42,di tahun penduduk usia produktif tahun di  akan lebih besar dibanding usia nonproduktif,"['di', 'tahun', 'penduduk', 'usia', 'produktif', 'tahun', 'di', 'akan', 'lebih', 'besar', 'dibanding', 'usia', 'nonproduktif']","['penduduk', 'usia', 'produktif', 'dibanding', 'usia', 'nonproduktif']","['duduk', 'usia', 'produktif', 'banding', 'usia', 'nonproduktif']"
43,digitalisasi sektor keuangan merupakan salah satu game changer bagi dunia dalam upaya pulihbersama akibat pandemi covi,"['digitalisasi', 'sektor', 'keuangan', 'merupakan', 'salah', 'satu', 'game', 'changer', 'bagi', 'dunia', 'dalam', 'upaya', 'pulihbersama', 'akibat', 'pandemi', 'covi']","['digitalisasi', 'sektor', 'keuangan', 'salah', 'game', 'changer', 'dunia', 'upaya', 'pulihbersama', 'akibat', 'pandemi', 'covi']","['digitalisasi', 'sektor', 'uang', 'salah', 'game', 'changer', 'dunia', 'upaya', 'pulihbersama', 'akibat', 'pandemi', 'covi']"
44,direktur utama rumah sakit pusat infeksi sulianti saroso dr mohammad syahril resmi menjadi juru bicara kemenkes ,"['direktur', 'utama', 'rumah', 'sakit', 'pusat', 'infeksi', 'sulianti', 'saroso', 'dr', 'mohammad', 'syahril', 'resmi', 'menjadi', 'juru', 'bicara', 'kemenkes']","['direktur', 'utama', 'rumah', 'sakit', 'pusat', 'infeksi', 'sulianti', 'saroso', 'dr', 'mohammad', 'syahril', 'resmi', 'juru', 'bicara', 'kemenkes']","['direktur', 'utama', 'rumah', 'sakit', 'pusat', 'infeksi', 'sulianti', 'saroso', 'dr', 'mohammad', 'syahril', 'resmi', 'juru', 'bicara', 'kemenkes']"
45,dua pencapaian sudah diraih namun masih ada agenda prioritas edwg lainnya yang akan dibahas yaitu solidaritas,"['dua', 'pencapaian', 'sudah', 'diraih', 'namun', 'masih', 'ada', 'agenda', 'prioritas', 'edwg', 'lainnya', 'yang', 'akan', 'dibahas', 'yaitu', 'solidaritas']","['pencapaian', 'diraih', 'agenda', 'prioritas', 'edwg', 'dibahas', 'solidaritas']","['capai', 'raih', 'agenda', 'prioritas', 'edwg', 'bahas', 'solidaritas']"
46,dukungan terhadap umkmgodigitalgoglobal menjadi pembahasan utama kki tahun ini selain itu kegiatan ini juga,"['dukungan', 'terhadap', 'umkmgodigitalgoglobal', 'menjadi', 'pembahasan', 'utama', 'kki', 'tahun', 'ini', 'selain', 'itu', 'kegiatan', 'ini', 'juga']","['dukungan', 'umkmgodigitalgoglobal', 'pembahasan', 'utama', 'kki', 'kegiatan']","['dukung', 'umkmgodigitalgoglobal', 'bahas', 'utama', 'kki', 'giat']"
47,dunia pendidikan mengalami masalah pada dua tahun terakhir pandemi covid salah satu masalah yang menjadi perhat,"['dunia', 'pendidikan', 'mengalami', 'masalah', 'pada', 'dua', 'tahun', 'terakhir', 'pandemi', 'covid', 'salah', 'satu', 'masalah', 'yang', 'menjadi', 'perhat']","['dunia', 'pendidikan', 'mengalami', 'pandemi', 'covid', 'salah', 'perhat']","['dunia', 'didik', 'alami', 'pandemi', 'covid', 'salah', 'perhat']"
48,era indonesia  berjalan dengan bangga dan kepala tegak dihadapan bangsa lain dan tidak tertunduk tapi tegak in,"['era', 'indonesia', 'berjalan', 'dengan', 'bangga', 'dan', 'kepala', 'tegak', 'dihadapan', 'bangsa', 'lain', 'dan', 'tidak', 'tertunduk', 'tapi', 'tegak', 'in']","['era', 'indonesia', 'berjalan', 'bangga', 'kepala', 'tegak', 'dihadapan', 'bangsa', 'tertunduk', 'tegak']","['era', 'indonesia', 'jalan', 'bangga', 'kepala', 'tegak', 'hadap', 'bangsa', 'tunduk', 'tegak']"
49,finalisasi dokumen untuk persidangan pergantian perwalian anak almh farahberita selengkapnya silahkan klik link,"['finalisasi', 'dokumen', 'untuk', 'persidangan', 'pergantian', 'perwalian', 'anak', 'almh', 'farahberita', 'selengkapnya', 'silahkan', 'klik', 'link']","['finalisasi', 'dokumen', 'persidangan', 'pergantian', 'perwalian', 'anak', 'almh', 'farahberita', 'selengkapnya', 'silahkan', 'klik', 'link']","['final', 'dokumen', 'sidang', 'ganti', 'wali', 'anak', 'almh', 'farahberita', 'lengkap', 'silah', 'klik', 'link']"
50, empower gelar plenary meeting kedua di yogyakarta dorong kontribusi peran perempuan,"['empower', 'gelar', 'plenary', 'meeting', 'kedua', 'di', 'yogyakarta', 'dorong', 'kontribusi', 'peran', 'perempuan']","['empower', 'gelar', 'plenary', 'meeting', 'yogyakarta', 'dorong', 'kontribusi', 'peran', 'perempuan']","['empower', 'gelar', 'plenary', 'meeting', 'yogyakarta', 'dorong', 'kontribusi', 'peran', 'perempuan']"
51,hardiknas rutan jeneponto gelar upacara bendera peringati hari pendidikan nasional selengkapnya baca di,"['hardiknas', 'rutan', 'jeneponto', 'gelar', 'upacara', 'bendera', 'peringati', 'hari', 'pendidikan', 'nasional', 'selengkapnya', 'baca', 'di']","['hardiknas', 'rutan', 'jeneponto', 'gelar', 'upacara', 'bendera', 'peringati', 'pendidikan', 'nasional', 'selengkapnya', 'baca']","['hardiknas', 'rutan', 'jeneponto', 'gelar', 'upacara', 'bendera', 'ingat', 'didik', 'nasional', 'lengkap', 'baca']"
52,hai sohisebagai tempat banyak pertemuan konferensi internasional seperti imf world bank serta ktt ,"['hai', 'sohisebagai', 'tempat', 'banyak', 'pertemuan', 'konferensi', 'internasional', 'seperti', 'imf', 'world', 'bank', 'serta', 'ktt']","['hai', 'sohisebagai', 'pertemuan', 'konferensi', 'internasional', 'imf', 'world', 'bank', 'ktt']","['hai', 'sohisebagai', 'temu', 'konferensi', 'internasional', 'imf', 'world', 'bank', 'ktt']"
53,hal ini secara tidak langsung telah mendorong perubahan ukm dari konvensional ke digital dalam hal ini peran teknologi,"['hal', 'ini', 'secara', 'tidak', 'langsung', 'telah', 'mendorong', 'perubahan', 'ukm', 'dari', 'konvensional', 'ke', 'digital', 'dalam', 'hal', 'ini', 'peran', 'teknologi']","['langsung', 'mendorong', 'perubahan', 'ukm', 'konvensional', 'digital', 'peran', 'teknologi']","['langsung', 'dorong', 'ubah', 'ukm', 'konvensional', 'digital', 'peran', 'teknologi']"
54,halo sobatkom indonesia resmi memegang presidensi  selama satu tahun penuh artinya akan banyak manfaat serta,"['halo', 'sobatkom', 'indonesia', 'resmi', 'memegang', 'presidensi', 'selama', 'satu', 'tahun', 'penuh', 'artinya', 'akan', 'banyak', 'manfaat', 'serta']","['halo', 'sobatkom', 'indonesia', 'resmi', 'memegang', 'presidensi', 'penuh', 'manfaat']","['halo', 'sobatkom', 'indonesia', 'resmi', 'pegang', 'presidensi', 'penuh', 'manfaat']"
55,halo sobatkom pembentukan  bertujuan untuk mewujudkan pertumbuhan global yang kuat serta berkelanjutan lantas,"['halo', 'sobatkom', 'pembentukan', 'bertujuan', 'untuk', 'mewujudkan', 'pertumbuhan', 'global', 'yang', 'kuat', 'serta', 'berkelanjutan', 'lantas']","['halo', 'sobatkom', 'pembentukan', 'bertujuan', 'mewujudkan', 'pertumbuhan', 'global', 'kuat', 'berkelanjutan', 'lantas']","['halo', 'sobatkom', 'bentuk', 'tuju', 'wujud', 'tumbuh', 'global', 'kuat', 'lanjut', 'lantas']"
56,happy vesak daypray for peace and harmony on this auspicious dayselamat hari raya waisak be tahun,"['happy', 'vesak', 'daypray', 'for', 'peace', 'and', 'harmony', 'on', 'this', 'auspicious', 'dayselamat', 'hari', 'raya', 'waisak', 'be', 'tahun']","['happy', 'vesak', 'daypray', 'for', 'peace', 'and', 'harmony', 'on', 'this', 'auspicious', 'dayselamat', 'raya', 'waisak', 'be']","['happy', 'vesak', 'daypray', 'for', 'peace', 'and', 'harmony', 'on', 'this', 'auspicious', 'dayselamat', 'raya', 'waisak', 'be']"
57,hari ini ada turnamen final di arena karenanya dr zomboss bakal muncul kembalipvz arena pennyspursuit gindonesia,"['hari', 'ini', 'ada', 'turnamen', 'final', 'di', 'arena', 'karenanya', 'dr', 'zomboss', 'bakal', 'muncul', 'kembalipvz', 'arena', 'pennyspursuit', 'gindonesia']","['turnamen', 'final', 'arena', 'dr', 'zomboss', 'muncul', 'kembalipvz', 'arena', 'pennyspursuit', 'gindonesia']","['turnamen', 'final', 'arena', 'dr', 'zomboss', 'muncul', 'kembalipvz', 'arena', 'pennyspursuit', 'gindonesia']"
58,indonesia gpedia mengapa lapangan kerja berkelanjutan jadi agenda penting bagi  di ,"['indonesia', 'gpedia', 'mengapa', 'lapangan', 'kerja', 'berkelanjutan', 'jadi', 'agenda', 'penting', 'bagi', 'di']","['indonesia', 'gpedia', 'lapangan', 'kerja', 'berkelanjutan', 'agenda']","['indonesia', 'gpedia', 'lapang', 'kerja', 'lanjut', 'agenda']"
59,indonesia mempunyai peluang untukrewriting global ev and esg supply chain xd dengan kombinasi sumber daya alam indust,"['indonesia', 'mempunyai', 'peluang', 'untukrewriting', 'global', 'ev', 'and', 'esg', 'supply', 'chain', 'xd', 'dengan', 'kombinasi', 'sumber', 'daya', 'alam', 'indust']","['indonesia', 'peluang', 'untukrewriting', 'global', 'ev', 'and', 'esg', 'supply', 'chain', 'xd', 'kombinasi', 'sumber', 'daya', 'alam', 'indust']","['indonesia', 'peluang', 'untukrewriting', 'global', 'ev', 'and', 'esg', 'supply', 'chain', 'xd', 'kombinasi', 'sumber', 'daya', 'alam', 'indust']"
60,ingin tahu lebih lanjut diskusi dan aspirasi para delegasi negara  dan kemendikbudristek ikuti terus informasi,"['ingin', 'tahu', 'lebih', 'lanjut', 'diskusi', 'dan', 'aspirasi', 'para', 'delegasi', 'negara', 'dan', 'kemendikbudristek', 'ikuti', 'terus', 'informasi']","['diskusi', 'aspirasi', 'delegasi', 'negara', 'kemendikbudristek', 'ikuti', 'informasi']","['diskusi', 'aspirasi', 'delegasi', 'negara', 'kemendikbudristek', 'ikut', 'informasi']"
61,ini merupakan kelanjutan dari kunjungan bersama pak menko luhut binsar pandjaitan dan pak dubes rosan roeslani minggu,"['ini', 'merupakan', 'kelanjutan', 'dari', 'kunjungan', 'bersama', 'pak', 'menko', 'luhut', 'binsar', 'pandjaitan', 'dan', 'pak', 'dubes', 'rosan', 'roeslani', 'minggu']","['kelanjutan', 'kunjungan', 'menko', 'luhut', 'binsar', 'pandjaitan', 'dubes', 'rosan', 'roeslani', 'minggu']","['lanjut', 'kunjung', 'menko', 'luhut', 'binsar', 'pandjaitan', 'dubes', 'ros', 'roeslani', 'minggu']"
62,jadi bagaimana wargi dapat membantu komunitas lokal dalam menghadapi tantangan pemulihan ekonomi dan sosial untuk semua,"['jadi', 'bagaimana', 'wargi', 'dapat', 'membantu', 'komunitas', 'lokal', 'dalam', 'menghadapi', 'tantangan', 'pemulihan', 'ekonomi', 'dan', 'sosial', 'untuk', 'semua']","['wargi', 'membantu', 'komunitas', 'lokal', 'menghadapi', 'tantangan', 'pemulihan', 'ekonomi', 'sosial']","['wargi', 'bantu', 'komunitas', 'lokal', 'hadap', 'tantang', 'pulih', 'ekonomi', 'sosial']"
63,jangan lewatkan kuliah umum peran aktif indonesia dalam  upaya indonesia dalam deeskalasi konflik rusiaukrain,"['jangan', 'lewatkan', 'kuliah', 'umum', 'peran', 'aktif', 'indonesia', 'dalam', 'upaya', 'indonesia', 'dalam', 'deeskalasi', 'konflik', 'rusiaukrain']","['lewatkan', 'kuliah', 'peran', 'aktif', 'indonesia', 'upaya', 'indonesia', 'deeskalasi', 'konflik', 'rusiaukrain']","['lewat', 'kuliah', 'peran', 'aktif', 'indonesia', 'upaya', 'indonesia', 'deeskalasi', 'konflik', 'rusiaukrain']"
64,jokowi effect harga sawit rekor tertinggi sepanjang masa minyakgoreng cpo sawit indonesia  gindonesia,"['jokowi', 'effect', 'harga', 'sawit', 'rekor', 'tertinggi', 'sepanjang', 'masa', 'minyakgoreng', 'cpo', 'sawit', 'indonesia', 'gindonesia']","['jokowi', 'effect', 'harga', 'sawit', 'rekor', 'tertinggi', 'minyakgoreng', 'cpo', 'sawit', 'indonesia', 'gindonesia']","['jokowi', 'effect', 'harga', 'sawit', 'rekor', 'tinggi', 'minyakgoreng', 'cpo', 'sawit', 'indonesia', 'gindonesia']"
65,jubir  maudy ayunda jelaskan fokus utama isu energi gindonesia maudyayunda jernihkanharapan kompascom,"['jubir', 'maudy', 'ayunda', 'jelaskan', 'fokus', 'utama', 'isu', 'energi', 'gindonesia', 'maudyayunda', 'jernihkanharapan', 'kompascom']","['jubir', 'maudy', 'ayunda', 'fokus', 'utama', 'isu', 'energi', 'gindonesia', 'maudyayunda', 'jernihkanharapan', 'kompascom']","['jubir', 'maudy', 'ayunda', 'fokus', 'utama', 'isu', 'energi', 'gindonesia', 'maudyayunda', 'jernihkanharapan', 'kompascom']"
66,karena itu presidensi gindonesia menekankan pentingnya perluasan akses keuangan demi meningkatkan inklusi keuangan,"['karena', 'itu', 'presidensi', 'gindonesia', 'menekankan', 'pentingnya', 'perluasan', 'akses', 'keuangan', 'demi', 'meningkatkan', 'inklusi', 'keuangan']","['presidensi', 'gindonesia', 'menekankan', 'perluasan', 'akses', 'keuangan', 'meningkatkan', 'inklusi', 'keuangan']","['presidensi', 'gindonesia', 'tekan', 'luas', 'akses', 'uang', 'tingkat', 'inklusi', 'uang']"
67,kasihan teman kecil kita sedari kecil terlilit karet gelang plastik tubuhnya pun ikut menyusut tertekuk karet ,"['kasihan', 'teman', 'kecil', 'kita', 'sedari', 'kecil', 'terlilit', 'karet', 'gelang', 'plastik', 'tubuhnya', 'pun', 'ikut', 'menyusut', 'tertekuk', 'karet']","['kasihan', 'teman', 'sedari', 'terlilit', 'karet', 'gelang', 'plastik', 'tubuhnya', 'menyusut', 'tertekuk', 'karet']","['kasihan', 'teman', 'dar', 'lilit', 'karet', 'gelang', 'plastik', 'tubuh', 'susut', 'tekuk', 'karet']"
68,kawal programkerja   untuk kebaikan bangsa dan negara gindonesia sayabersamajokowi ht,"['kawal', 'programkerja', 'untuk', 'kebaikan', 'bangsa', 'dan', 'negara', 'gindonesia', 'sayabersamajokowi', 'ht']","['kawal', 'programkerja', 'kebaikan', 'bangsa', 'negara', 'gindonesia', 'sayabersamajokowi', 'ht']","['kawal', 'programkerja', 'baik', 'bangsa', 'negara', 'gindonesia', 'sayabersamajokowi', 'ht']"
69,keberanian presiden tolak intervensi us tetap undang rusia ukraina di gindonesia jadi sorotan media dunia,"['keberanian', 'presiden', 'tolak', 'intervensi', 'us', 'tetap', 'undang', 'rusia', 'ukraina', 'di', 'gindonesia', 'jadi', 'sorotan', 'media', 'dunia']","['keberanian', 'presiden', 'tolak', 'intervensi', 'us', 'undang', 'rusia', 'ukraina', 'gindonesia', 'sorotan', 'media', 'dunia']","['berani', 'presiden', 'tolak', 'intervensi', 'us', 'undang', 'rusia', 'ukraina', 'gindonesia', 'sorot', 'media', 'dunia']"
70,kegiatan ini akan membahas tantangan serta upaya yang perlu dilakukan dalam memperkuat produktivitas daya saing,"['kegiatan', 'ini', 'akan', 'membahas', 'tantangan', 'serta', 'upaya', 'yang', 'perlu', 'dilakukan', 'dalam', 'memperkuat', 'produktivitas', 'daya', 'saing']","['kegiatan', 'membahas', 'tantangan', 'upaya', 'memperkuat', 'produktivitas', 'daya', 'saing']","['giat', 'bahas', 'tantang', 'upaya', 'kuat', 'produktivitas', 'daya', 'saing']"
71,kemendikbudristek menekankan pentingnya transformasi berbasis gotong royong untuk pemulihan pendidikan ,"['kemendikbudristek', 'menekankan', 'pentingnya', 'transformasi', 'berbasis', 'gotong', 'royong', 'untuk', 'pemulihan', 'pendidikan']","['kemendikbudristek', 'menekankan', 'transformasi', 'berbasis', 'gotong', 'royong', 'pemulihan', 'pendidikan']","['kemendikbudristek', 'tekan', 'transformasi', 'bas', 'gotong', 'royong', 'pulih', 'didik']"
72,kominfo hari ini membuka sidang kedua dewg bagian dari presidensi  indonesia pada sekitar pukul apa saj,"['kominfo', 'hari', 'ini', 'membuka', 'sidang', 'kedua', 'dewg', 'bagian', 'dari', 'presidensi', 'indonesia', 'pada', 'sekitar', 'pukul', 'apa', 'saj']","['kominfo', 'membuka', 'sidang', 'dewg', 'presidensi', 'indonesia', 'saj']","['kominfo', 'buka', 'sidang', 'dewg', 'presidensi', 'indonesia', 'saj']"
73,kuliah umumperan aktif indonesia dalam  upaya indonesia dalam deeskalasi konflik rusiaukraina xd inaugurasi,"['kuliah', 'umumperan', 'aktif', 'indonesia', 'dalam', 'upaya', 'indonesia', 'dalam', 'deeskalasi', 'konflik', 'rusiaukraina', 'xd', 'inaugurasi']","['kuliah', 'umumperan', 'aktif', 'indonesia', 'upaya', 'indonesia', 'deeskalasi', 'konflik', 'rusiaukraina', 'xd', 'inaugurasi']","['kuliah', 'umumperan', 'aktif', 'indonesia', 'upaya', 'indonesia', 'deeskalasi', 'konflik', 'rusiaukraina', 'xd', 'inaugurasi']"
74,lapor pak cewe sekarang bego bencong joget malah disuka padahal perang mau datang di event  di bali ind,"['lapor', 'pak', 'cewe', 'sekarang', 'bego', 'bencong', 'joget', 'malah', 'disuka', 'padahal', 'perang', 'mau', 'datang', 'di', 'event', 'di', 'bali', 'ind']","['lapor', 'cewe', 'bego', 'bencong', 'joget', 'disuka', 'perang', 'event', 'bali', 'ind']","['lapor', 'cewe', 'bego', 'bencong', 'joget', 'suka', 'perang', 'event', 'bal', 'ind']"
75,lemhanas siapkan skenario pembahasan ekonomi global di forum ,"['lemhanas', 'siapkan', 'skenario', 'pembahasan', 'ekonomi', 'global', 'di', 'forum']","['lemhanas', 'siapkan', 'skenario', 'pembahasan', 'ekonomi', 'global', 'forum']","['lemhanas', 'siap', 'skenario', 'bahas', 'ekonomi', 'global', 'forum']"
76,main tebaktebakan yuk rekanaker apa isu prioritas yang dibahas dalam employment working group ewg meeting gindon,"['main', 'tebaktebakan', 'yuk', 'rekanaker', 'apa', 'isu', 'prioritas', 'yang', 'dibahas', 'dalam', 'employment', 'working', 'group', 'ewg', 'meeting', 'gindon']","['main', 'tebaktebakan', 'yuk', 'rekanaker', 'isu', 'prioritas', 'dibahas', 'employment', 'working', 'group', 'ewg', 'meeting', 'gindon']","['main', 'tebaktebakan', 'yuk', 'rekanaker', 'isu', 'prioritas', 'bahas', 'employment', 'working', 'group', 'ewg', 'meeting', 'gindon']"
77,mangrove forest area tahura ngurah rai telaga waja benoa bay nusa dua bali recovertogetherrecoverstronger,"['mangrove', 'forest', 'area', 'tahura', 'ngurah', 'rai', 'telaga', 'waja', 'benoa', 'bay', 'nusa', 'dua', 'bali', 'recovertogetherrecoverstronger']","['mangrove', 'forest', 'area', 'tahura', 'ngurah', 'rai', 'telaga', 'waja', 'benoa', 'bay', 'nusa', 'bali', 'recovertogetherrecoverstronger']","['mangrove', 'forest', 'area', 'tahura', 'ngurah', 'rai', 'telaga', 'waja', 'benoa', 'bay', 'nusa', 'bal', 'recovertogetherrecoverstronger']"
78,mantuul makanan tersebut dihidangkan secara menarik khususnya paduan warna sehingga mengundang perhatian para delegasi,"['mantuul', 'makanan', 'tersebut', 'dihidangkan', 'secara', 'menarik', 'khususnya', 'paduan', 'warna', 'sehingga', 'mengundang', 'perhatian', 'para', 'delegasi']","['mantuul', 'makanan', 'dihidangkan', 'menarik', 'paduan', 'warna', 'mengundang', 'perhatian', 'delegasi']","['mantuul', 'makan', 'hidang', 'tarik', 'padu', 'warna', 'undang', 'perhati', 'delegasi']"
79,mari bersama dukung penuh pertemuan  empower untuk menjadikan perempuan sebagai katalisator dalam pembangunan ek,"['mari', 'bersama', 'dukung', 'penuh', 'pertemuan', 'empower', 'untuk', 'menjadikan', 'perempuan', 'sebagai', 'katalisator', 'dalam', 'pembangunan', 'ek']","['mari', 'dukung', 'penuh', 'pertemuan', 'empower', 'menjadikan', 'perempuan', 'katalisator', 'pembangunan', 'ek']","['mari', 'dukung', 'penuh', 'temu', 'empower', 'jadi', 'perempuan', 'katalisator', 'bangun', 'ek']"
80,mari dukung penuh pertemuan  empower untuk menjadikan perempuan sebagai katalisator dalam pembangunan ekonomi dunia,"['mari', 'dukung', 'penuh', 'pertemuan', 'empower', 'untuk', 'menjadikan', 'perempuan', 'sebagai', 'katalisator', 'dalam', 'pembangunan', 'ekonomi', 'dunia']","['mari', 'dukung', 'penuh', 'pertemuan', 'empower', 'menjadikan', 'perempuan', 'katalisator', 'pembangunan', 'ekonomi', 'dunia']","['mari', 'dukung', 'penuh', 'temu', 'empower', 'jadi', 'perempuan', 'katalisator', 'bangun', 'ekonomi', 'dunia']"
81,masalah inklusi keuangan dan transformasi digital ini ternyata memang sangat penting yamaka itu pula topik ini,"['masalah', 'inklusi', 'keuangan', 'dan', 'transformasi', 'digital', 'ini', 'ternyata', 'memang', 'sangat', 'penting', 'yamaka', 'itu', 'pula', 'topik', 'ini']","['inklusi', 'keuangan', 'transformasi', 'digital', 'yamaka', 'topik']","['inklusi', 'uang', 'transformasi', 'digital', 'yamaka', 'topik']"
82,melalui berbagai terobosan merdeka belajar pemulihan pembelajaran dilakukan antara lain dengan menghadirkan kuriku,"['melalui', 'berbagai', 'terobosan', 'merdeka', 'belajar', 'pemulihan', 'pembelajaran', 'dilakukan', 'antara', 'lain', 'dengan', 'menghadirkan', 'kuriku']","['terobosan', 'merdeka', 'belajar', 'pemulihan', 'pembelajaran', 'menghadirkan', 'kuriku']","['terobos', 'merdeka', 'ajar', 'pulih', 'ajar', 'hadir', 'kur']"
83,melanjutkan pertemuan perdana  education working group edwg pada maret lalu kemendikbudristek akan,"['melanjutkan', 'pertemuan', 'perdana', 'education', 'working', 'group', 'edwg', 'pada', 'maret', 'lalu', 'kemendikbudristek', 'akan']","['melanjutkan', 'pertemuan', 'perdana', 'education', 'working', 'group', 'edwg', 'maret', 'kemendikbudristek']","['lanjut', 'temu', 'perdana', 'education', 'working', 'group', 'edwg', 'maret', 'kemendikbudristek']"
84,mendikbud ristek nadiem makarim akan memperkenalkan program merdeka belajar kepada negaranegara  pada hari ini,"['mendikbud', 'ristek', 'nadiem', 'makarim', 'akan', 'memperkenalkan', 'program', 'merdeka', 'belajar', 'kepada', 'negaranegara', 'pada', 'hari', 'ini']","['mendikbud', 'ristek', 'nadiem', 'makarim', 'memperkenalkan', 'program', 'merdeka', 'belajar', 'negaranegara']","['mendikbud', 'ristek', 'nadiem', 'makarim', 'kenal', 'program', 'merdeka', 'ajar', 'negaranegara']"
85,mendikbudristek akan sampaikan berbagai terobosan merdeka belajar dalam pertemuan kedua edwg  gindonesia presiden,"['mendikbudristek', 'akan', 'sampaikan', 'berbagai', 'terobosan', 'merdeka', 'belajar', 'dalam', 'pertemuan', 'kedua', 'edwg', 'gindonesia', 'presiden']","['mendikbudristek', 'terobosan', 'merdeka', 'belajar', 'pertemuan', 'edwg', 'gindonesia', 'presiden']","['mendikbudristek', 'terobos', 'merdeka', 'ajar', 'temu', 'edwg', 'gindonesia', 'presiden']"
86,menindaklanjuti st edmcswg di yogyakarta dan sebelum pertemuan ke yang akan dilaksanakan di jakarta pada tang,"['menindaklanjuti', 'st', 'edmcswg', 'di', 'yogyakarta', 'dan', 'sebelum', 'pertemuan', 'ke', 'yang', 'akan', 'dilaksanakan', 'di', 'jakarta', 'pada', 'tang']","['menindaklanjuti', 'st', 'edmcswg', 'yogyakarta', 'pertemuan', 'dilaksanakan', 'jakarta', 'tang']","['menindaklanjuti', 'st', 'edmcswg', 'yogyakarta', 'temu', 'laksana', 'jakarta', 'tang']"
87,menkominfo johnny  plate mengatakan pemerintah berkoordinasi dengan anggota  lainnya partner lokal dan globa,"['menkominfo', 'johnny', 'plate', 'mengatakan', 'pemerintah', 'berkoordinasi', 'dengan', 'anggota', 'lainnya', 'partner', 'lokal', 'dan', 'globa']","['menkominfo', 'johnny', 'plate', 'pemerintah', 'berkoordinasi', 'anggota', 'partner', 'lokal', 'globa']","['menkominfo', 'johnny', 'plate', 'perintah', 'koordinasi', 'anggota', 'partner', 'lokal', 'globa']"
88,menkominfo berharap agar sidang kedua dewg  ini dapat menghasilkan kesepakatan terbaik dan setiap delegasi memiliki ,"['menkominfo', 'berharap', 'agar', 'sidang', 'kedua', 'dewg', 'ini', 'dapat', 'menghasilkan', 'kesepakatan', 'terbaik', 'dan', 'setiap', 'delegasi', 'memiliki']","['menkominfo', 'berharap', 'sidang', 'dewg', 'menghasilkan', 'kesepakatan', 'terbaik', 'delegasi', 'memiliki']","['menkominfo', 'harap', 'sidang', 'dewg', 'hasil', 'sepakat', 'baik', 'delegasi', 'milik']"
89,menkominfo menjelaskan sidang kedua dewg berjalan dengan baik lancar dan fokus terdapat pemahaman yang saling meleng,"['menkominfo', 'menjelaskan', 'sidang', 'kedua', 'dewg', 'berjalan', 'dengan', 'baik', 'lancar', 'dan', 'fokus', 'terdapat', 'pemahaman', 'yang', 'saling', 'meleng']","['menkominfo', 'sidang', 'dewg', 'berjalan', 'lancar', 'fokus', 'pemahaman', 'meleng']","['menkominfo', 'sidang', 'dewg', 'jalan', 'lancar', 'fokus', 'paham', 'meleng']"
90,menparekraf juga berpesan agar kedepannya kita bisa berkolaborasi membangun pariwisata berkelanjutan yang mengedepa,"['menparekraf', 'juga', 'berpesan', 'agar', 'kedepannya', 'kita', 'bisa', 'berkolaborasi', 'membangun', 'pariwisata', 'berkelanjutan', 'yang', 'mengedepa']","['menparekraf', 'berpesan', 'kedepannya', 'berkolaborasi', 'membangun', 'pariwisata', 'berkelanjutan', 'mengedepa']","['menparekraf', 'pesan', 'depan', 'kolaborasi', 'bangun', 'pariwisata', 'lanjut', 'depa']"
91,menteri keuangan sri mulyani telah melakukan pertemuan kedua finance ministers and central bank governors fmcbg ,"['menteri', 'keuangan', 'sri', 'mulyani', 'telah', 'melakukan', 'pertemuan', 'kedua', 'finance', 'ministers', 'and', 'central', 'bank', 'governors', 'fmcbg']","['menteri', 'keuangan', 'sri', 'mulyani', 'pertemuan', 'finance', 'ministers', 'and', 'central', 'bank', 'governors', 'fmcbg']","['menteri', 'uang', 'sri', 'mulyani', 'temu', 'finance', 'ministers', 'and', 'central', 'bank', 'governors', 'fmcbg']"
92,menteri komunikasi dan informatika johnny  plate menyambut para delegasi negara anggota  yang hadir,"['menteri', 'komunikasi', 'dan', 'informatika', 'johnny', 'plate', 'menyambut', 'para', 'delegasi', 'negara', 'anggota', 'yang', 'hadir']","['menteri', 'komunikasi', 'informatika', 'johnny', 'plate', 'menyambut', 'delegasi', 'negara', 'anggota', 'hadir']","['menteri', 'komunikasi', 'informatika', 'johnny', 'plate', 'sambut', 'delegasi', 'negara', 'anggota', 'hadir']"
93,nah coba tulis harapanmu untuk presidensi  indonesia di kolom komentar ya xgindonesia pulihbersama,"['nah', 'coba', 'tulis', 'harapanmu', 'untuk', 'presidensi', 'indonesia', 'di', 'kolom', 'komentar', 'ya', 'xgindonesia', 'pulihbersama']","['coba', 'tulis', 'harapanmu', 'presidensi', 'indonesia', 'kolom', 'komentar', 'xgindonesia', 'pulihbersama']","['coba', 'tulis', 'harap', 'presidensi', 'indonesia', 'kolom', 'komentar', 'xgindonesia', 'pulihbersama']"
94,narahubung makincakapdigital cfdsbagiilmu eventmahasiswa eventjogja eventonline,"['narahubung', 'makincakapdigital', 'cfdsbagiilmu', 'eventmahasiswa', 'eventjogja', 'eventonline']","['narahubung', 'makincakapdigital', 'cfdsbagiilmu', 'eventmahasiswa', 'eventjogja', 'eventonline']","['narahubung', 'makincakapdigital', 'cfdsbagiilmu', 'eventmahasiswa', 'eventjogja', 'eventonline']"
95,oleh karena itu bekerjasama dengan sinarmas land mengadakan side event dengan temaac,"['oleh', 'karena', 'itu', 'bekerjasama', 'dengan', 'sinarmas', 'land', 'mengadakan', 'side', 'event', 'dengan', 'temaac']","['bekerjasama', 'sinarmas', 'land', 'mengadakan', 'side', 'event', 'temaac']","['bekerjasama', 'sinarmas', 'land', 'ada', 'side', 'event', 'temaac']"
96,one global women empowerment ogwe merupakan sebuah platform yang dirancang untuk memungkinkan pengusaha perempuan didu,"['one', 'global', 'women', 'empowerment', 'ogwe', 'merupakan', 'sebuah', 'platform', 'yang', 'dirancang', 'untuk', 'memungkinkan', 'pengusaha', 'perempuan', 'didu']","['one', 'global', 'women', 'empowerment', 'ogwe', 'platform', 'dirancang', 'pengusaha', 'perempuan', 'didu']","['one', 'global', 'women', 'empowerment', 'ogwe', 'platform', 'rancang', 'usaha', 'perempuan', 'didu']"
97,prakarsa sebagai anggota  memandang perlindungan yang adaptif terhadap pekerja informal harus diperluas penin,"['prakarsa', 'sebagai', 'anggota', 'memandang', 'perlindungan', 'yang', 'adaptif', 'terhadap', 'pekerja', 'informal', 'harus', 'diperluas', 'penin']","['prakarsa', 'anggota', 'memandang', 'perlindungan', 'adaptif', 'pekerja', 'informal', 'diperluas', 'penin']","['prakarsa', 'anggota', 'pandang', 'lindung', 'adaptif', 'kerja', 'informal', 'luas', 'tin']"
98,pada dan telah menyelenggarakan seminar internasional sebagai side event gindonesi,"['pada', 'dan', 'telah', 'menyelenggarakan', 'seminar', 'internasional', 'sebagai', 'side', 'event', 'gindonesi']","['menyelenggarakan', 'seminar', 'internasional', 'side', 'event', 'gindonesi']","['selenggara', 'seminar', 'internasional', 'side', 'event', 'gindonesi']"
99,pada pelaksanaannya mengoordinasikan pembahasan isuisu sherpa track dan berperan dalam mem,"['pada', 'pelaksanaannya', 'mengoordinasikan', 'pembahasan', 'isuisu', 'sherpa', 'track', 'dan', 'berperan', 'dalam', 'mem']","['pelaksanaannya', 'mengoordinasikan', 'pembahasan', 'isuisu', 'sherpa', 'track', 'berperan', 'mem']","['laksana', 'koordinasi', 'bahas', 'isuisu', 'sherpa', 'track', 'peran', 'mem']"
100,pandemi covid telah menurunkan daya beli masyarakat pasalnya masyarakat telah mengurangi interaksi di luar ruangan,"['pandemi', 'covid', 'telah', 'menurunkan', 'daya', 'beli', 'masyarakat', 'pasalnya', 'masyarakat', 'telah', 'mengurangi', 'interaksi', 'di', 'luar', 'ruangan']","['pandemi', 'covid', 'menurunkan', 'daya', 'beli', 'masyarakat', 'pasalnya', 'masyarakat', 'mengurangi', 'interaksi', 'ruangan']","['pandemi', 'covid', 'turun', 'daya', 'beli', 'masyarakat', 'pasal', 'masyarakat', 'kurang', 'interaksi', 'ruang']"
101,pasar ekologi argowijil merupakan pasar tradisional yang memegang prinsip pengendalian pembangunan sektor pertambangan ,"['pasar', 'ekologi', 'argowijil', 'merupakan', 'pasar', 'tradisional', 'yang', 'memegang', 'prinsip', 'pengendalian', 'pembangunan', 'sektor', 'pertambangan']","['pasar', 'ekologi', 'argowijil', 'pasar', 'tradisional', 'memegang', 'prinsip', 'pengendalian', 'pembangunan', 'sektor', 'pertambangan']","['pasar', 'ekologi', 'argowijil', 'pasar', 'tradisional', 'pegang', 'prinsip', 'kendali', 'bangun', 'sektor', 'tambang']"
102,pembahasan isu melalui pertemuan sherpa track ini diharapkan dapat menghasilkan political declaration tingkat mente,"['pembahasan', 'isu', 'melalui', 'pertemuan', 'sherpa', 'track', 'ini', 'diharapkan', 'dapat', 'menghasilkan', 'political', 'declaration', 'tingkat', 'mente']","['pembahasan', 'isu', 'pertemuan', 'sherpa', 'track', 'diharapkan', 'menghasilkan', 'political', 'declaration', 'tingkat', 'mente']","['bahas', 'isu', 'temu', 'sherpa', 'track', 'harap', 'hasil', 'political', 'declaration', 'tingkat', 'mente']"
103,pembentukan pasar ekologis ini diinisiasi oleh melalui untuk memulihkan lokasi bekas tambang,"['pembentukan', 'pasar', 'ekologis', 'ini', 'diinisiasi', 'oleh', 'melalui', 'untuk', 'memulihkan', 'lokasi', 'bekas', 'tambang']","['pembentukan', 'pasar', 'ekologis', 'diinisiasi', 'memulihkan', 'lokasi', 'bekas', 'tambang']","['bentuk', 'pasar', 'ekologis', 'inisiasi', 'pulih', 'lokasi', 'bekas', 'tambang']"
104,pemerataan akses energi dinegara kepulauangindonesia dorongnkrilebihmaju,"['pemerataan', 'akses', 'energi', 'dinegara', 'kepulauangindonesia', 'dorongnkrilebihmaju']","['pemerataan', 'akses', 'energi', 'dinegara', 'kepulauangindonesia', 'dorongnkrilebihmaju']","['perata', 'akses', 'energi', 'negara', 'kepulauangindonesia', 'dorongnkrilebihmaju']"
105,pemerintah indonesia melalui forum  mendorong peningkatan aksesibilitas di negara kepulauangindonesia,"['pemerintah', 'indonesia', 'melalui', 'forum', 'mendorong', 'peningkatan', 'aksesibilitas', 'di', 'negara', 'kepulauangindonesia']","['pemerintah', 'indonesia', 'forum', 'mendorong', 'peningkatan', 'aksesibilitas', 'negara', 'kepulauangindonesia']","['perintah', 'indonesia', 'forum', 'dorong', 'tingkat', 'aksesibilitas', 'negara', 'kepulauangindonesia']"
106,pemerintah indonesia melalui forum  mendorong peningkatan aksesibilitas di negara kepulauanpemerataan aks,"['pemerintah', 'indonesia', 'melalui', 'forum', 'mendorong', 'peningkatan', 'aksesibilitas', 'di', 'negara', 'kepulauanpemerataan', 'aks']","['pemerintah', 'indonesia', 'forum', 'mendorong', 'peningkatan', 'aksesibilitas', 'negara', 'kepulauanpemerataan', 'aks']","['perintah', 'indonesia', 'forum', 'dorong', 'tingkat', 'aksesibilitas', 'negara', 'kepulauanpemerataan', 'aks']"
107,penggunaan kendaraan listrik ini juga merupakan salah satu strategi untuk mencapai target indonesia menurunkan emisi se,"['penggunaan', 'kendaraan', 'listrik', 'ini', 'juga', 'merupakan', 'salah', 'satu', 'strategi', 'untuk', 'mencapai', 'target', 'indonesia', 'menurunkan', 'emisi', 'se']","['penggunaan', 'kendaraan', 'listrik', 'salah', 'strategi', 'mencapai', 'target', 'indonesia', 'menurunkan', 'emisi']","['guna', 'kendara', 'listrik', 'salah', 'strategi', 'capai', 'target', 'indonesia', 'turun', 'emisi']"
108,percepatan inklusi keuangan dan transformasi digital untuk mendorong pertumbuhan ekonomi berkelanjutan jadi salah ,"['percepatan', 'inklusi', 'keuangan', 'dan', 'transformasi', 'digital', 'untuk', 'mendorong', 'pertumbuhan', 'ekonomi', 'berkelanjutan', 'jadi', 'salah']","['percepatan', 'inklusi', 'keuangan', 'transformasi', 'digital', 'mendorong', 'pertumbuhan', 'ekonomi', 'berkelanjutan', 'salah']","['cepat', 'inklusi', 'uang', 'transformasi', 'digital', 'dorong', 'tumbuh', 'ekonomi', 'lanjut', 'salah']"
109,percepatan inklusi keuangan dan transformasi digital untuk mendorong pertumbuhan ekonomi berkelanjutan jadi salah satu fo,"['percepatan', 'inklusi', 'keuangan', 'dan', 'transformasi', 'digital', 'untuk', 'mendorong', 'pertumbuhan', 'ekonomi', 'berkelanjutan', 'jadi', 'salah', 'satu', 'fo']","['percepatan', 'inklusi', 'keuangan', 'transformasi', 'digital', 'mendorong', 'pertumbuhan', 'ekonomi', 'berkelanjutan', 'salah', 'fo']","['cepat', 'inklusi', 'uang', 'transformasi', 'digital', 'dorong', 'tumbuh', 'ekonomi', 'lanjut', 'salah', 'fo']"
110,persidangan pertama permohonan pergantian perwalian dan relokasi ketiga anak almh farah rasyid munif ke tanah air,"['persidangan', 'pertama', 'permohonan', 'pergantian', 'perwalian', 'dan', 'relokasi', 'ketiga', 'anak', 'almh', 'farah', 'rasyid', 'munif', 'ke', 'tanah', 'air']","['persidangan', 'permohonan', 'pergantian', 'perwalian', 'relokasi', 'ketiga', 'anak', 'almh', 'farah', 'rasyid', 'munif', 'tanah', 'air']","['sidang', 'mohon', 'ganti', 'wali', 'relokasi', 'tiga', 'anak', 'almh', 'farah', 'rasyid', 'munif', 'tanah', 'air']"
111,pertemuan  education working group edwg yang membahas dua agenda prioritas dan inisiatif kemendikbudristek,"['pertemuan', 'education', 'working', 'group', 'edwg', 'yang', 'membahas', 'dua', 'agenda', 'prioritas', 'dan', 'inisiatif', 'kemendikbudristek']","['pertemuan', 'education', 'working', 'group', 'edwg', 'membahas', 'agenda', 'prioritas', 'inisiatif', 'kemendikbudristek']","['temu', 'education', 'working', 'group', 'edwg', 'bahas', 'agenda', 'prioritas', 'inisiatif', 'kemendikbudristek']"
112,pertemuan ini berfokus pada agenda prioritas dari edwg yaitu pendidikan berkualitas universal dan teknologi digi,"['pertemuan', 'ini', 'berfokus', 'pada', 'agenda', 'prioritas', 'dari', 'edwg', 'yaitu', 'pendidikan', 'berkualitas', 'universal', 'dan', 'teknologi', 'digi']","['pertemuan', 'berfokus', 'agenda', 'prioritas', 'edwg', 'pendidikan', 'berkualitas', 'universal', 'teknologi', 'digi']","['temu', 'fokus', 'agenda', 'prioritas', 'edwg', 'didik', 'kualitas', 'universal', 'teknologi', 'digi']"
113,pertemuan ini berfokus pada agenda prioritas dari edwg yaitu pendidikan berkualitas universal dan teknologi digital ,"['pertemuan', 'ini', 'berfokus', 'pada', 'agenda', 'prioritas', 'dari', 'edwg', 'yaitu', 'pendidikan', 'berkualitas', 'universal', 'dan', 'teknologi', 'digital']","['pertemuan', 'berfokus', 'agenda', 'prioritas', 'edwg', 'pendidikan', 'berkualitas', 'universal', 'teknologi', 'digital']","['temu', 'fokus', 'agenda', 'prioritas', 'edwg', 'didik', 'kualitas', 'universal', 'teknologi', 'digital']"
114,pertemuan ini bertujuan membahas lebih lanjut kajiankajian cswg berdasarkan masukan dan saran dari negaranegara ,"['pertemuan', 'ini', 'bertujuan', 'membahas', 'lebih', 'lanjut', 'kajiankajian', 'cswg', 'berdasarkan', 'masukan', 'dan', 'saran', 'dari', 'negaranegara']","['pertemuan', 'bertujuan', 'membahas', 'kajiankajian', 'cswg', 'berdasarkan', 'masukan', 'saran', 'negaranegara']","['temu', 'tuju', 'bahas', 'kajiankajian', 'cswg', 'dasar', 'masuk', 'saran', 'negaranegara']"
115,pertemuan kedua digital economy working group dewg akan diselenggarakan pada mei di yogyakarta pertem,"['pertemuan', 'kedua', 'digital', 'economy', 'working', 'group', 'dewg', 'akan', 'diselenggarakan', 'pada', 'mei', 'di', 'yogyakarta', 'pertem']","['pertemuan', 'digital', 'economy', 'working', 'group', 'dewg', 'diselenggarakan', 'mei', 'yogyakarta', 'pertem']","['temu', 'digital', 'economy', 'working', 'group', 'dewg', 'selenggara', 'mei', 'yogyakarta', 'tem']"
116,pertemuan kedua digital economy working group dewg akan diselenggarakan pada mei di yogyakarta pertemuan ,"['pertemuan', 'kedua', 'digital', 'economy', 'working', 'group', 'dewg', 'akan', 'diselenggarakan', 'pada', 'mei', 'di', 'yogyakarta', 'pertemuan']","['pertemuan', 'digital', 'economy', 'working', 'group', 'dewg', 'diselenggarakan', 'mei', 'yogyakarta', 'pertemuan']","['temu', 'digital', 'economy', 'working', 'group', 'dewg', 'selenggara', 'mei', 'yogyakarta', 'temu']"
117,pertemuan kedua kelompok kerja pendidikan atau education working group edwg  membahas mengenai peningkatan kap,"['pertemuan', 'kedua', 'kelompok', 'kerja', 'pendidikan', 'atau', 'education', 'working', 'group', 'edwg', 'membahas', 'mengenai', 'peningkatan', 'kap']","['pertemuan', 'kelompok', 'kerja', 'pendidikan', 'education', 'working', 'group', 'edwg', 'membahas', 'peningkatan', 'kap']","['temu', 'kelompok', 'kerja', 'didik', 'education', 'working', 'group', 'edwg', 'bahas', 'tingkat', 'kap']"
118,pertemuan kedua mendasari agenda pembahasan pada agenda pertemuan ketiga di labuan bajo juli presidensi ,"['pertemuan', 'kedua', 'mendasari', 'agenda', 'pembahasan', 'pada', 'agenda', 'pertemuan', 'ketiga', 'di', 'labuan', 'bajo', 'juli', 'presidensi']","['pertemuan', 'mendasari', 'agenda', 'pembahasan', 'agenda', 'pertemuan', 'ketiga', 'labuan', 'bajo', 'juli', 'presidensi']","['temu', 'dasar', 'agenda', 'bahas', 'agenda', 'temu', 'tiga', 'labu', 'bajo', 'juli', 'presidensi']"
119,pertemuan kedua mendasari agenda pembahasan pada agenda pertemuan ketiga di labuan bajo juli presidensi,"['pertemuan', 'kedua', 'mendasari', 'agenda', 'pembahasan', 'pada', 'agenda', 'pertemuan', 'ketiga', 'di', 'labuan', 'bajo', 'juli', 'presidensi']","['pertemuan', 'mendasari', 'agenda', 'pembahasan', 'agenda', 'pertemuan', 'ketiga', 'labuan', 'bajo', 'juli', 'presidensi']","['temu', 'dasar', 'agenda', 'bahas', 'agenda', 'temu', 'tiga', 'labu', 'bajo', 'juli', 'presidensi']"
120,peserta delegasi negara dewg  diajak menikmati makan malam dan melihat pertunjukan sendratari dengan latar belak,"['peserta', 'delegasi', 'negara', 'dewg', 'diajak', 'menikmati', 'makan', 'malam', 'dan', 'melihat', 'pertunjukan', 'sendratari', 'dengan', 'latar', 'belak']","['peserta', 'delegasi', 'negara', 'dewg', 'diajak', 'menikmati', 'makan', 'malam', 'pertunjukan', 'sendratari', 'latar', 'belak']","['serta', 'delegasi', 'negara', 'dewg', 'ajak', 'nikmat', 'makan', 'malam', 'tunjuk', 'sendratari', 'latar', 'belak']"
121,planet yg layak huni utk smua manusia tanpa pandang status ekonomi gindonesia,"['planet', 'yg', 'layak', 'huni', 'utk', 'smua', 'manusia', 'tanpa', 'pandang', 'status', 'ekonomi', 'gindonesia']","['planet', 'layak', 'huni', 'smua', 'manusia', 'pandang', 'status', 'ekonomi', 'gindonesia']","['planet', 'layak', 'huni', 'smua', 'manusia', 'pandang', 'status', 'ekonomi', 'gindonesia']"
122,praktek terbaik dari jawa barat hunian yang produktif dan terjangkaugindonesia uindonesia pulihbersama,"['praktek', 'terbaik', 'dari', 'jawa', 'barat', 'hunian', 'yang', 'produktif', 'dan', 'terjangkaugindonesia', 'uindonesia', 'pulihbersama']","['praktek', 'terbaik', 'jawa', 'barat', 'hunian', 'produktif', 'terjangkaugindonesia', 'uindonesia', 'pulihbersama']","['praktek', 'baik', 'jawa', 'barat', 'huni', 'produktif', 'terjangkaugindonesia', 'uindonesia', 'pulihbersama']"
123,presiden joko widodo berkomunikasi via saluran telepon dengan presiden rusia vladimir putin terkait agenda ktt  komun,"['presiden', 'joko', 'widodo', 'berkomunikasi', 'via', 'saluran', 'telepon', 'dengan', 'presiden', 'rusia', 'vladimir', 'putin', 'terkait', 'agenda', 'ktt', 'komun']","['presiden', 'joko', 'widodo', 'berkomunikasi', 'via', 'saluran', 'telepon', 'presiden', 'rusia', 'vladimir', 'putin', 'terkait', 'agenda', 'ktt', 'komun']","['presiden', 'joko', 'widodo', 'komunikasi', 'via', 'salur', 'telepon', 'presiden', 'rusia', 'vladimir', 'putin', 'kait', 'agenda', 'ktt', 'komun']"
124,presiden joko widodo sedang bertolak ke amerika serikat sebagai salah satu jadwal kunjungan kerja berikut pernyata,"['presiden', 'joko', 'widodo', 'sedang', 'bertolak', 'ke', 'amerika', 'serikat', 'sebagai', 'salah', 'satu', 'jadwal', 'kunjungan', 'kerja', 'berikut', 'pernyata']","['presiden', 'joko', 'widodo', 'bertolak', 'amerika', 'serikat', 'salah', 'jadwal', 'kunjungan', 'kerja', 'pernyata']","['presiden', 'joko', 'widodo', 'tolak', 'amerika', 'serikat', 'salah', 'jadwal', 'kunjung', 'kerja', 'nyata']"
125,presiden jokowi tegaskan pentingnya implementasi rencana investasi usai bertemu chairman dan ceo air products seif,"['presiden', 'jokowi', 'tegaskan', 'pentingnya', 'implementasi', 'rencana', 'investasi', 'usai', 'bertemu', 'chairman', 'dan', 'ceo', 'air', 'products', 'seif']","['presiden', 'jokowi', 'tegaskan', 'implementasi', 'rencana', 'investasi', 'bertemu', 'chairman', 'ceo', 'air', 'products', 'seif']","['presiden', 'jokowi', 'tegas', 'implementasi', 'rencana', 'investasi', 'temu', 'chairman', 'ceo', 'air', 'products', 'seif']"
126,presiden dan ibu iriana jokowi tiba di washington dcyoutube pusaka,"['presiden', 'dan', 'ibu', 'iriana', 'jokowi', 'tiba', 'di', 'washington', 'dcyoutube', 'pusaka']","['presiden', 'iriana', 'jokowi', 'washington', 'dcyoutube', 'pusaka']","['presiden', 'iriana', 'jokowi', 'washington', 'dcyoutube', 'pusaka']"
127,presidensi  indonesia kembali menekankan pentingnya inklusi keuangan digital pembiayaan umkm guna mengurangi ,"['presidensi', 'indonesia', 'kembali', 'menekankan', 'pentingnya', 'inklusi', 'keuangan', 'digital', 'pembiayaan', 'umkm', 'guna', 'mengurangi']","['presidensi', 'indonesia', 'menekankan', 'inklusi', 'keuangan', 'digital', 'pembiayaan', 'umkm', 'mengurangi']","['presidensi', 'indonesia', 'tekan', 'inklusi', 'uang', 'digital', 'biaya', 'umkm', 'kurang']"
128,presidensi  indonesia kembali menekankan pentingnya inklusi keuangan digital pembiayaan umkm guna mengurangi kesenj,"['presidensi', 'indonesia', 'kembali', 'menekankan', 'pentingnya', 'inklusi', 'keuangan', 'digital', 'pembiayaan', 'umkm', 'guna', 'mengurangi', 'kesenj']","['presidensi', 'indonesia', 'menekankan', 'inklusi', 'keuangan', 'digital', 'pembiayaan', 'umkm', 'mengurangi', 'kesenj']","['presidensi', 'indonesia', 'tekan', 'inklusi', 'uang', 'digital', 'biaya', 'umkm', 'kurang', 'kesenj']"
129,presidensi  indonesia usulkan empat prinsip ukuran literasi digital yakni infrastruktur dan ekosistem literasi pember,"['presidensi', 'indonesia', 'usulkan', 'empat', 'prinsip', 'ukuran', 'literasi', 'digital', 'yakni', 'infrastruktur', 'dan', 'ekosistem', 'literasi', 'pember']","['presidensi', 'indonesia', 'usulkan', 'prinsip', 'ukuran', 'literasi', 'digital', 'infrastruktur', 'ekosistem', 'literasi', 'pember']","['presidensi', 'indonesia', 'usul', 'prinsip', 'ukur', 'literasi', 'digital', 'infrastruktur', 'ekosistem', 'literasi', 'pember']"
130,presidensi  indonesia usulkan empat prinsip ukuran literasi digital yakni infrastruktur dan ekosistem literasi,"['presidensi', 'indonesia', 'usulkan', 'empat', 'prinsip', 'ukuran', 'literasi', 'digital', 'yakni', 'infrastruktur', 'dan', 'ekosistem', 'literasi']","['presidensi', 'indonesia', 'usulkan', 'prinsip', 'ukuran', 'literasi', 'digital', 'infrastruktur', 'ekosistem', 'literasi']","['presidensi', 'indonesia', 'usul', 'prinsip', 'ukur', 'literasi', 'digital', 'infrastruktur', 'ekosistem', 'literasi']"
131,private finance dalam mewujudkan pembangunan berkelanjutan di negaranegara berkembang least developing countries,"['private', 'finance', 'dalam', 'mewujudkan', 'pembangunan', 'berkelanjutan', 'di', 'negaranegara', 'berkembang', 'least', 'developing', 'countries']","['private', 'finance', 'mewujudkan', 'pembangunan', 'berkelanjutan', 'negaranegara', 'berkembang', 'least', 'developing', 'countries']","['private', 'finance', 'wujud', 'bangun', 'lanjut', 'negaranegara', 'kembang', 'least', 'developing', 'countries']"
132,proporsi energi baru terbarukan ebt dalam pembangkit listrik di indonesia baru berkisar atau masih tertingg,"['proporsi', 'energi', 'baru', 'terbarukan', 'ebt', 'dalam', 'pembangkit', 'listrik', 'di', 'indonesia', 'baru', 'berkisar', 'atau', 'masih', 'tertingg']","['proporsi', 'energi', 'terbarukan', 'ebt', 'pembangkit', 'listrik', 'indonesia', 'berkisar', 'tertingg']","['proporsi', 'energi', 'baru', 'ebt', 'bangkit', 'listrik', 'indonesia', 'kisar', 'tertingg']"
133,rabu menkominfo johnny  plate didampingi chair dan alternate chair dewg melakukan konferen,"['rabu', 'menkominfo', 'johnny', 'plate', 'didampingi', 'chair', 'dan', 'alternate', 'chair', 'dewg', 'melakukan', 'konferen']","['rabu', 'menkominfo', 'johnny', 'plate', 'didampingi', 'chair', 'alternate', 'chair', 'dewg', 'konferen']","['rabu', 'menkominfo', 'johnny', 'plate', 'damping', 'chair', 'alternate', 'chair', 'dewg', 'konferen']"
134,rabu menkominfo johnny  plate didampingi chair dan alternate chair dewg melakukan konferensi pe,"['rabu', 'menkominfo', 'johnny', 'plate', 'didampingi', 'chair', 'dan', 'alternate', 'chair', 'dewg', 'melakukan', 'konferensi', 'pe']","['rabu', 'menkominfo', 'johnny', 'plate', 'didampingi', 'chair', 'alternate', 'chair', 'dewg', 'konferensi', 'pe']","['rabu', 'menkominfo', 'johnny', 'plate', 'damping', 'chair', 'alternate', 'chair', 'dewg', 'konferensi', 'pe']"
135,rumah tahanan negara kelas iimajene mengucapkanselamat memperingati hari pendidikan nasional tahun pimpin,"['rumah', 'tahanan', 'negara', 'kelas', 'iimajene', 'mengucapkanselamat', 'memperingati', 'hari', 'pendidikan', 'nasional', 'tahun', 'pimpin']","['rumah', 'tahanan', 'negara', 'kelas', 'iimajene', 'mengucapkanselamat', 'memperingati', 'pendidikan', 'nasional', 'pimpin']","['rumah', 'tahan', 'negara', 'kelas', 'iimajene', 'mengucapkanselamat', 'ingat', 'didik', 'nasional', 'pimpin']"
136,sabilulungan filosofi sunda yang lekat dengan gotong royong menjadi alasan dipilihnya bandung sebagai lokasi pert,"['sabilulungan', 'filosofi', 'sunda', 'yang', 'lekat', 'dengan', 'gotong', 'royong', 'menjadi', 'alasan', 'dipilihnya', 'bandung', 'sebagai', 'lokasi', 'pert']","['sabilulungan', 'filosofi', 'sunda', 'lekat', 'gotong', 'royong', 'alasan', 'dipilihnya', 'bandung', 'lokasi', 'pert']","['sabilulungan', 'filosofi', 'sunda', 'lekat', 'gotong', 'royong', 'alas', 'pilih', 'bandung', 'lokasi', 'pert']"
137,sahabatdikbud mendikbudristek membuka pertemuan kedua edwg  dengan menekankan gotong royong sbg pengg,"['sahabatdikbud', 'mendikbudristek', 'membuka', 'pertemuan', 'kedua', 'edwg', 'dengan', 'menekankan', 'gotong', 'royong', 'sbg', 'pengg']","['sahabatdikbud', 'mendikbudristek', 'membuka', 'pertemuan', 'edwg', 'menekankan', 'gotong', 'royong', 'sbg', 'pengg']","['sahabatdikbud', 'mendikbudristek', 'buka', 'temu', 'edwg', 'tekan', 'gotong', 'royong', 'sbg', 'pengg']"
138,sahabatdikbud mendikbudristek membuka pertemuan kedua edwg  dengan menekankan gotong royong sbg,"['sahabatdikbud', 'mendikbudristek', 'membuka', 'pertemuan', 'kedua', 'edwg', 'dengan', 'menekankan', 'gotong', 'royong', 'sbg']","['sahabatdikbud', 'mendikbudristek', 'membuka', 'pertemuan', 'edwg', 'menekankan', 'gotong', 'royong', 'sbg']","['sahabatdikbud', 'mendikbudristek', 'buka', 'temu', 'edwg', 'tekan', 'gotong', 'royong', 'sbg']"
139,sahabatdikbud melanjutkan pertemuan perdana  education working group edwg pada maret lalu kemendikbudristek akan,"['sahabatdikbud', 'melanjutkan', 'pertemuan', 'perdana', 'education', 'working', 'group', 'edwg', 'pada', 'maret', 'lalu', 'kemendikbudristek', 'akan']","['sahabatdikbud', 'melanjutkan', 'pertemuan', 'perdana', 'education', 'working', 'group', 'edwg', 'maret', 'kemendikbudristek']","['sahabatdikbud', 'lanjut', 'temu', 'perdana', 'education', 'working', 'group', 'edwg', 'maret', 'kemendikbudristek']"
140,sahabatdikbud melanjutkan pertemuan perdana  education working group edwg pada maret lalu kemendikbudristek,"['sahabatdikbud', 'melanjutkan', 'pertemuan', 'perdana', 'education', 'working', 'group', 'edwg', 'pada', 'maret', 'lalu', 'kemendikbudristek']","['sahabatdikbud', 'melanjutkan', 'pertemuan', 'perdana', 'education', 'working', 'group', 'edwg', 'maret', 'kemendikbudristek']","['sahabatdikbud', 'lanjut', 'temu', 'perdana', 'education', 'working', 'group', 'edwg', 'maret', 'kemendikbudristek']"
141,sahabatdikbud pertemuan  education working group edwg yg membahas agenda prioritas dan inisiatif kemendik,"['sahabatdikbud', 'pertemuan', 'education', 'working', 'group', 'edwg', 'yg', 'membahas', 'agenda', 'prioritas', 'dan', 'inisiatif', 'kemendik']","['sahabatdikbud', 'pertemuan', 'education', 'working', 'group', 'edwg', 'membahas', 'agenda', 'prioritas', 'inisiatif', 'kemendik']","['sahabatdikbud', 'temu', 'education', 'working', 'group', 'edwg', 'bahas', 'agenda', 'prioritas', 'inisiatif', 'dik']"
142,sahabatdikbud pertemuan  education working group edwg yg membahas agenda prioritas dan inisiatif kemendikbudrist,"['sahabatdikbud', 'pertemuan', 'education', 'working', 'group', 'edwg', 'yg', 'membahas', 'agenda', 'prioritas', 'dan', 'inisiatif', 'kemendikbudrist']","['sahabatdikbud', 'pertemuan', 'education', 'working', 'group', 'edwg', 'membahas', 'agenda', 'prioritas', 'inisiatif', 'kemendikbudrist']","['sahabatdikbud', 'temu', 'education', 'working', 'group', 'edwg', 'bahas', 'agenda', 'prioritas', 'inisiatif', 'kemendikbudrist']"
143,salah satu hal menarik dari daerah ini adalah gugusan vulkaniknya setidaknya terdapat gunung berapi yang pernah ada ,"['salah', 'satu', 'hal', 'menarik', 'dari', 'daerah', 'ini', 'adalah', 'gugusan', 'vulkaniknya', 'setidaknya', 'terdapat', 'gunung', 'berapi', 'yang', 'pernah', 'ada']","['salah', 'menarik', 'daerah', 'gugusan', 'vulkaniknya', 'gunung', 'berapi']","['salah', 'tarik', 'daerah', 'gugus', 'vulkaniknya', 'gunung', 'rap']"
144,salah satu hal menarik dari daerah ini adalah gugusan vulkaniknya setidaknya terdapat gunung berapi yang pernah,"['salah', 'satu', 'hal', 'menarik', 'dari', 'daerah', 'ini', 'adalah', 'gugusan', 'vulkaniknya', 'setidaknya', 'terdapat', 'gunung', 'berapi', 'yang', 'pernah']","['salah', 'menarik', 'daerah', 'gugusan', 'vulkaniknya', 'gunung', 'berapi']","['salah', 'tarik', 'daerah', 'gugus', 'vulkaniknya', 'gunung', 'rap']"
145,salah satu upaya transisi energi telah diterapkan dalam gelaran  yaitu dengan penggunaan kendaraan listrik yang rama,"['salah', 'satu', 'upaya', 'transisi', 'energi', 'telah', 'diterapkan', 'dalam', 'gelaran', 'yaitu', 'dengan', 'penggunaan', 'kendaraan', 'listrik', 'yang', 'rama']","['salah', 'upaya', 'transisi', 'energi', 'diterapkan', 'gelaran', 'penggunaan', 'kendaraan', 'listrik', 'rama']","['salah', 'upaya', 'transisi', 'energi', 'terap', 'gelar', 'guna', 'kendara', 'listrik', 'rama']"
146,sebagai salah satu pengampu dari trade investment and industry working group tiiwg  kementerian investasi,"['sebagai', 'salah', 'satu', 'pengampu', 'dari', 'trade', 'investment', 'and', 'industry', 'working', 'group', 'tiiwg', 'kementerian', 'investasi']","['salah', 'pengampu', 'trade', 'investment', 'and', 'industry', 'working', 'group', 'tiiwg', 'kementerian', 'investasi']","['salah', 'ampu', 'trade', 'investment', 'and', 'industry', 'working', 'group', 'tiiwg', 'menteri', 'investasi']"
147,sebagai salah satu pengampu dari trade investment and industry working group tiiwg  kementerian investasi bkpm,"['sebagai', 'salah', 'satu', 'pengampu', 'dari', 'trade', 'investment', 'and', 'industry', 'working', 'group', 'tiiwg', 'kementerian', 'investasi', 'bkpm']","['salah', 'pengampu', 'trade', 'investment', 'and', 'industry', 'working', 'group', 'tiiwg', 'kementerian', 'investasi', 'bkpm']","['salah', 'ampu', 'trade', 'investment', 'and', 'industry', 'working', 'group', 'tiiwg', 'menteri', 'investasi', 'bkpm']"
148,sebagai seorang insinyur dan pengusaha saya sangat mengagumi dan menikmati kesempatan langka kunjungan ini karena ini,"['sebagai', 'seorang', 'insinyur', 'dan', 'pengusaha', 'saya', 'sangat', 'mengagumi', 'dan', 'menikmati', 'kesempatan', 'langka', 'kunjungan', 'ini', 'karena', 'ini']","['insinyur', 'pengusaha', 'mengagumi', 'menikmati', 'kesempatan', 'langka', 'kunjungan']","['insinyur', 'usaha', 'kagum', 'nikmat', 'sempat', 'langka', 'kunjung']"
149,sebagai seorang insinyur dan pengusaha saya sangat mengagumi dan menikmati kesempatan langka kunjungan ini karena,"['sebagai', 'seorang', 'insinyur', 'dan', 'pengusaha', 'saya', 'sangat', 'mengagumi', 'dan', 'menikmati', 'kesempatan', 'langka', 'kunjungan', 'ini', 'karena']","['insinyur', 'pengusaha', 'mengagumi', 'menikmati', 'kesempatan', 'langka', 'kunjungan']","['insinyur', 'usaha', 'kagum', 'nikmat', 'sempat', 'langka', 'kunjung']"
150,secara khusus presiden jokowi mengundang presiden as joe biden untuk menghadiri konferensi tingkat tinggi ktt  di,"['secara', 'khusus', 'presiden', 'jokowi', 'mengundang', 'presiden', 'as', 'joe', 'biden', 'untuk', 'menghadiri', 'konferensi', 'tingkat', 'tinggi', 'ktt', 'di']","['khusus', 'presiden', 'jokowi', 'mengundang', 'presiden', 'as', 'joe', 'biden', 'menghadiri', 'konferensi', 'tingkat', 'ktt']","['khusus', 'presiden', 'jokowi', 'undang', 'presiden', 'as', 'joe', 'biden', 'hadir', 'konferensi', 'tingkat', 'ktt']"
151,secara khusus presiden jokowi mengundang presiden as joe biden untuk menghadiri konferensi tingkat tinggi ktt ,"['secara', 'khusus', 'presiden', 'jokowi', 'mengundang', 'presiden', 'as', 'joe', 'biden', 'untuk', 'menghadiri', 'konferensi', 'tingkat', 'tinggi', 'ktt']","['khusus', 'presiden', 'jokowi', 'mengundang', 'presiden', 'as', 'joe', 'biden', 'menghadiri', 'konferensi', 'tingkat', 'ktt']","['khusus', 'presiden', 'jokowi', 'undang', 'presiden', 'as', 'joe', 'biden', 'hadir', 'konferensi', 'tingkat', 'ktt']"
152,selain itu kemendikbud juga menginisiasi diskusi untuk memperbarui komitmen global guna meningkatkan pendidikan di unit,"['selain', 'itu', 'kemendikbud', 'juga', 'menginisiasi', 'diskusi', 'untuk', 'memperbarui', 'komitmen', 'global', 'guna', 'meningkatkan', 'pendidikan', 'di', 'unit']","['kemendikbud', 'menginisiasi', 'diskusi', 'memperbarui', 'komitmen', 'global', 'meningkatkan', 'pendidikan', 'unit']","['kemendikbud', 'inisiasi', 'diskusi', 'baru', 'komitmen', 'global', 'tingkat', 'didik', 'unit']"
153,selain itu kemendikbud juga menginisiasi diskusi untuk memperbarui komitmen global guna meningkatkan pendidikan di,"['selain', 'itu', 'kemendikbud', 'juga', 'menginisiasi', 'diskusi', 'untuk', 'memperbarui', 'komitmen', 'global', 'guna', 'meningkatkan', 'pendidikan', 'di']","['kemendikbud', 'menginisiasi', 'diskusi', 'memperbarui', 'komitmen', 'global', 'meningkatkan', 'pendidikan']","['kemendikbud', 'inisiasi', 'diskusi', 'baru', 'komitmen', 'global', 'tingkat', 'didik']"
154,selamat malam temankeu xpertemuan kedua finance ministers and central bank governors fmcbg gindonesia akan berlangs,"['selamat', 'malam', 'temankeu', 'xpertemuan', 'kedua', 'finance', 'ministers', 'and', 'central', 'bank', 'governors', 'fmcbg', 'gindonesia', 'akan', 'berlangs']","['selamat', 'malam', 'temankeu', 'xpertemuan', 'finance', 'ministers', 'and', 'central', 'bank', 'governors', 'fmcbg', 'gindonesia', 'berlangs']","['selamat', 'malam', 'temankeu', 'xpertemuan', 'finance', 'ministers', 'and', 'central', 'bank', 'governors', 'fmcbg', 'gindonesia', 'berlangs']"
155,selamat malam temankeuberikut agenda gindonesia di bulan mei recovertogetherrecoverstronger,"['selamat', 'malam', 'temankeuberikut', 'agenda', 'gindonesia', 'di', 'bulan', 'mei', 'recovertogetherrecoverstronger']","['selamat', 'malam', 'temankeuberikut', 'agenda', 'gindonesia', 'mei', 'recovertogetherrecoverstronger']","['selamat', 'malam', 'temankeuberikut', 'agenda', 'gindonesia', 'mei', 'recovertogetherrecoverstronger']"
156,selamat memperingati hari kebangkitan nasional harkitnas ke harkitnas inidiplomasi indonesianway indone,"['selamat', 'memperingati', 'hari', 'kebangkitan', 'nasional', 'harkitnas', 'ke', 'harkitnas', 'inidiplomasi', 'indonesianway', 'indone']","['selamat', 'memperingati', 'kebangkitan', 'nasional', 'harkitnas', 'harkitnas', 'inidiplomasi', 'indonesianway', 'indone']","['selamat', 'ingat', 'bangkit', 'nasional', 'harkitnas', 'harkitnas', 'inidiplomasi', 'indonesianway', 'indone']"
157,selamat memperingati hari kebangkitan nasional harkitnas ke harkitnas inidiplomasi indonesianway,"['selamat', 'memperingati', 'hari', 'kebangkitan', 'nasional', 'harkitnas', 'ke', 'harkitnas', 'inidiplomasi', 'indonesianway']","['selamat', 'memperingati', 'kebangkitan', 'nasional', 'harkitnas', 'harkitnas', 'inidiplomasi', 'indonesianway']","['selamat', 'ingat', 'bangkit', 'nasional', 'harkitnas', 'harkitnas', 'inidiplomasi', 'indonesianway']"
158,selaras dengan tujuan indonesia untuk meninggalkan warisan nyata yang tahan lama dan berkelanjutan women in,"['selaras', 'dengan', 'tujuan', 'indonesia', 'untuk', 'meninggalkan', 'warisan', 'nyata', 'yang', 'tahan', 'lama', 'dan', 'berkelanjutan', 'women', 'in']","['selaras', 'tujuan', 'indonesia', 'meninggalkan', 'warisan', 'nyata', 'tahan', 'berkelanjutan', 'women']","['selaras', 'tuju', 'indonesia', 'tinggal', 'waris', 'nyata', 'tahan', 'lanjut', 'women']"
159,semoga semua ini bisa membawa manfaat untuk indonesia sebagai pemimpin industri elektrifikasi dan kehidupan dengan ikli,"['semoga', 'semua', 'ini', 'bisa', 'membawa', 'manfaat', 'untuk', 'indonesia', 'sebagai', 'pemimpin', 'industri', 'elektrifikasi', 'dan', 'kehidupan', 'dengan', 'ikli']","['semoga', 'membawa', 'manfaat', 'indonesia', 'pemimpin', 'industri', 'elektrifikasi', 'kehidupan', 'ikli']","['moga', 'bawa', 'manfaat', 'indonesia', 'pimpin', 'industri', 'elektrifikasi', 'hidup', 'ikli']"
160,semoga semua ini bisa membawa manfaat untuk indonesia sebagai pemimpin industri elektrifikasi dan kehidupan dengan,"['semoga', 'semua', 'ini', 'bisa', 'membawa', 'manfaat', 'untuk', 'indonesia', 'sebagai', 'pemimpin', 'industri', 'elektrifikasi', 'dan', 'kehidupan', 'dengan']","['semoga', 'membawa', 'manfaat', 'indonesia', 'pemimpin', 'industri', 'elektrifikasi', 'kehidupan']","['moga', 'bawa', 'manfaat', 'indonesia', 'pimpin', 'industri', 'elektrifikasi', 'hidup']"
161,sepertinya di bali saat gindonesiaakan ada keputusan dari yang bisa lebih ,"['sepertinya', 'di', 'bali', 'saat', 'gindonesiaakan', 'ada', 'keputusan', 'dari', 'yang', 'bisa', 'lebih']","['bali', 'gindonesiaakan', 'keputusan']","['bal', 'gindonesiaakan', 'putus']"
162,serta keterampilan masa depan bagi perempuan  empower juga mendapat bantuan dari bcg boston consulting group,"['serta', 'keterampilan', 'masa', 'depan', 'bagi', 'perempuan', 'empower', 'juga', 'mendapat', 'bantuan', 'dari', 'bcg', 'boston', 'consulting', 'group']","['keterampilan', 'perempuan', 'empower', 'bantuan', 'bcg', 'boston', 'consulting', 'group']","['terampil', 'perempuan', 'empower', 'bantu', 'bcg', 'boston', 'consulting', 'group']"
163,sherpa track merupakan forum khusus pada  yang disiapkan untuk membahas isuisu ekonomi non keuangan panduan pe,"['sherpa', 'track', 'merupakan', 'forum', 'khusus', 'pada', 'yang', 'disiapkan', 'untuk', 'membahas', 'isuisu', 'ekonomi', 'non', 'keuangan', 'panduan', 'pe']","['sherpa', 'track', 'forum', 'khusus', 'disiapkan', 'membahas', 'isuisu', 'ekonomi', 'non', 'keuangan', 'panduan', 'pe']","['sherpa', 'track', 'forum', 'khusus', 'siap', 'bahas', 'isuisu', 'ekonomi', 'non', 'uang', 'pandu', 'pe']"
164,sherpa track merupakan forum khusus pada  yang disiapkan untuk membahas isuisu ekonomi non keuangan panduan pembaha,"['sherpa', 'track', 'merupakan', 'forum', 'khusus', 'pada', 'yang', 'disiapkan', 'untuk', 'membahas', 'isuisu', 'ekonomi', 'non', 'keuangan', 'panduan', 'pembaha']","['sherpa', 'track', 'forum', 'khusus', 'disiapkan', 'membahas', 'isuisu', 'ekonomi', 'non', 'keuangan', 'panduan', 'pembaha']","['sherpa', 'track', 'forum', 'khusus', 'siap', 'bahas', 'isuisu', 'ekonomi', 'non', 'uang', 'pandu', 'pembaha']"
165,sherpa track salah satu forum khusus gindonesia,"['sherpa', 'track', 'salah', 'satu', 'forum', 'khusus', 'gindonesia']","['sherpa', 'track', 'salah', 'forum', 'khusus', 'gindonesia']","['sherpa', 'track', 'salah', 'forum', 'khusus', 'gindonesia']"
166,sobatrupiah bi mendorong kerja sama digitalisasi sistem pembayaran antarnegara melalui agenda presidensi gindonesi,"['sobatrupiah', 'bi', 'mendorong', 'kerja', 'sama', 'digitalisasi', 'sistem', 'pembayaran', 'antarnegara', 'melalui', 'agenda', 'presidensi', 'gindonesi']","['sobatrupiah', 'bi', 'mendorong', 'kerja', 'digitalisasi', 'sistem', 'pembayaran', 'antarnegara', 'agenda', 'presidensi', 'gindonesi']","['sobatrupiah', 'bi', 'dorong', 'kerja', 'digitalisasi', 'sistem', 'bayar', 'antarnegara', 'agenda', 'presidensi', 'gindonesi']"
167,sobatrupiah bi mendorong kerja sama digitalisasi sistem pembayaran antarnegara melalui agenda presidensi,"['sobatrupiah', 'bi', 'mendorong', 'kerja', 'sama', 'digitalisasi', 'sistem', 'pembayaran', 'antarnegara', 'melalui', 'agenda', 'presidensi']","['sobatrupiah', 'bi', 'mendorong', 'kerja', 'digitalisasi', 'sistem', 'pembayaran', 'antarnegara', 'agenda', 'presidensi']","['sobatrupiah', 'bi', 'dorong', 'kerja', 'digitalisasi', 'sistem', 'bayar', 'antarnegara', 'agenda', 'presidensi']"
168,sobatrupiah inklusi keuangan merupakan salah satu fokus pembahasan dalam presidensi gindonesia hmmm su,"['sobatrupiah', 'inklusi', 'keuangan', 'merupakan', 'salah', 'satu', 'fokus', 'pembahasan', 'dalam', 'presidensi', 'gindonesia', 'hmmm', 'su']","['sobatrupiah', 'inklusi', 'keuangan', 'salah', 'fokus', 'pembahasan', 'presidensi', 'gindonesia', 'hmmm']","['sobatrupiah', 'inklusi', 'uang', 'salah', 'fokus', 'bahas', 'presidensi', 'gindonesia', 'hmmm']"
169,sobatrupiah inklusi keuangan merupakan salah satu fokus pembahasan dalam presidensi gindonesia hmmm sudah,"['sobatrupiah', 'inklusi', 'keuangan', 'merupakan', 'salah', 'satu', 'fokus', 'pembahasan', 'dalam', 'presidensi', 'gindonesia', 'hmmm', 'sudah']","['sobatrupiah', 'inklusi', 'keuangan', 'salah', 'fokus', 'pembahasan', 'presidensi', 'gindonesia', 'hmmm']","['sobatrupiah', 'inklusi', 'uang', 'salah', 'fokus', 'bahas', 'presidensi', 'gindonesia', 'hmmm']"
170,talk show  safeguarding naturetalk show ii promoting circular economyyuk segera daftarkan dirimu melalui lin,"['talk', 'show', 'safeguarding', 'naturetalk', 'show', 'ii', 'promoting', 'circular', 'economyyuk', 'segera', 'daftarkan', 'dirimu', 'melalui', 'lin']","['talk', 'show', 'safeguarding', 'naturetalk', 'show', 'ii', 'promoting', 'circular', 'economyyuk', 'daftarkan', 'dirimu', 'lin']","['talk', 'show', 'safeguarding', 'naturetalk', 'show', 'ii', 'promoting', 'circular', 'economyyuk', 'daftar', 'diri', 'lin']"
171,talk show  safeguarding naturetalk show ii promoting circular economyyuk segera daftarkan dirimu melalui link ber,"['talk', 'show', 'safeguarding', 'naturetalk', 'show', 'ii', 'promoting', 'circular', 'economyyuk', 'segera', 'daftarkan', 'dirimu', 'melalui', 'link', 'ber']","['talk', 'show', 'safeguarding', 'naturetalk', 'show', 'ii', 'promoting', 'circular', 'economyyuk', 'daftarkan', 'dirimu', 'link', 'ber']","['talk', 'show', 'safeguarding', 'naturetalk', 'show', 'ii', 'promoting', 'circular', 'economyyuk', 'daftar', 'diri', 'link', 'ber']"
172,telaga waja mangrove forest area benoa bay nusa dua bali recovertogetherrecoverstronger gindonesia,"['telaga', 'waja', 'mangrove', 'forest', 'area', 'benoa', 'bay', 'nusa', 'dua', 'bali', 'recovertogetherrecoverstronger', 'gindonesia']","['telaga', 'waja', 'mangrove', 'forest', 'area', 'benoa', 'bay', 'nusa', 'bali', 'recovertogetherrecoverstronger', 'gindonesia']","['telaga', 'waja', 'mangrove', 'forest', 'area', 'benoa', 'bay', 'nusa', 'bal', 'recovertogetherrecoverstronger', 'gindonesia']"
173,terlebih lagi sektor energi merupakan kontributor perubahan iklim paling dominan yang menyumbang hampir dari emisi ,"['terlebih', 'lagi', 'sektor', 'energi', 'merupakan', 'kontributor', 'perubahan', 'iklim', 'paling', 'dominan', 'yang', 'menyumbang', 'hampir', 'dari', 'emisi']","['sektor', 'energi', 'kontributor', 'perubahan', 'iklim', 'dominan', 'menyumbang', 'emisi']","['sektor', 'energi', 'kontributor', 'ubah', 'iklim', 'dominan', 'sumbang', 'emisi']"
174,ternyata ada hubungan dengan bonus demografi dalam beberapa tahun ke depan loh lpsindonesia amanadalps lpsamanadat sa,"['ternyata', 'ada', 'hubungan', 'dengan', 'bonus', 'demografi', 'dalam', 'beberapa', 'tahun', 'ke', 'depan', 'loh', 'lpsindonesia', 'amanadalps', 'lpsamanadat', 'sa']","['hubungan', 'bonus', 'demografi', 'lpsindonesia', 'amanadalps', 'lpsamanadat', 'sa']","['hubung', 'bonus', 'demografi', 'lpsindonesia', 'amanadalps', 'lpsamanadat', 'sa']"
175,terpilih sebagai juru bicara presidensi di  maudy ayunda memaparkan isu transisi energi yang sudah disiapkan,"['terpilih', 'sebagai', 'juru', 'bicara', 'presidensi', 'di', 'maudy', 'ayunda', 'memaparkan', 'isu', 'transisi', 'energi', 'yang', 'sudah', 'disiapkan']","['terpilih', 'juru', 'bicara', 'presidensi', 'maudy', 'ayunda', 'memaparkan', 'isu', 'transisi', 'energi', 'disiapkan']","['pilih', 'juru', 'bicara', 'presidensi', 'maudy', 'ayunda', 'papar', 'isu', 'transisi', 'energi', 'siap']"
176,tertarik pada isu seputar transformasi digital dan inklusi keuangan yuk saksikan seminar internasional igital transf,"['tertarik', 'pada', 'isu', 'seputar', 'transformasi', 'digital', 'dan', 'inklusi', 'keuangan', 'yuk', 'saksikan', 'seminar', 'internasional', 'igital', 'transf']","['tertarik', 'isu', 'seputar', 'transformasi', 'digital', 'inklusi', 'keuangan', 'yuk', 'saksikan', 'seminar', 'internasional', 'igital', 'transf']","['tarik', 'isu', 'putar', 'transformasi', 'digital', 'inklusi', 'uang', 'yuk', 'saksi', 'seminar', 'internasional', 'igital', 'transf']"
177,terus ikuti perkembangan dan informasi terkini seputar pelaksanaan dewg melalui media sosial kami ya xgindonesia pulihbersama,"['terus', 'ikuti', 'perkembangan', 'dan', 'informasi', 'terkini', 'seputar', 'pelaksanaan', 'dewg', 'melalui', 'media', 'sosial', 'kami', 'ya', 'xgindonesia', 'pulihbersama']","['ikuti', 'perkembangan', 'informasi', 'terkini', 'seputar', 'pelaksanaan', 'dewg', 'media', 'sosial', 'xgindonesia', 'pulihbersama']","['ikut', 'kembang', 'informasi', 'kini', 'putar', 'laksana', 'dewg', 'media', 'sosial', 'xgindonesia', 'pulihbersama']"
178,terus ikuti perkembangan dan informasi terkini seputar pelaksanaan dewg melalui media sosial kami ya xgindonesia,"['terus', 'ikuti', 'perkembangan', 'dan', 'informasi', 'terkini', 'seputar', 'pelaksanaan', 'dewg', 'melalui', 'media', 'sosial', 'kami', 'ya', 'xgindonesia']","['ikuti', 'perkembangan', 'informasi', 'terkini', 'seputar', 'pelaksanaan', 'dewg', 'media', 'sosial', 'xgindonesia']","['ikut', 'kembang', 'informasi', 'kini', 'putar', 'laksana', 'dewg', 'media', 'sosial', 'xgindonesia']"
179,timmarves yuk kita kunjungi salah satu lokasi acara untuk mempromosikan produk umkm yaitu bali co,"['timmarves', 'yuk', 'kita', 'kunjungi', 'salah', 'satu', 'lokasi', 'acara', 'untuk', 'mempromosikan', 'produk', 'umkm', 'yaitu', 'bali', 'co']","['timmarves', 'yuk', 'kunjungi', 'salah', 'lokasi', 'acara', 'mempromosikan', 'produk', 'umkm', 'bali', 'co']","['timmarves', 'yuk', 'kunjung', 'salah', 'lokasi', 'acara', 'promosi', 'produk', 'umkm', 'bal', 'co']"
180,timmarves yuk kita kunjungi salah satu lokasi acara untuk mempromosikan produk umkm yaitu bali collect,"['timmarves', 'yuk', 'kita', 'kunjungi', 'salah', 'satu', 'lokasi', 'acara', 'untuk', 'mempromosikan', 'produk', 'umkm', 'yaitu', 'bali', 'collect']","['timmarves', 'yuk', 'kunjungi', 'salah', 'lokasi', 'acara', 'mempromosikan', 'produk', 'umkm', 'bali', 'collect']","['timmarves', 'yuk', 'kunjung', 'salah', 'lokasi', 'acara', 'promosi', 'produk', 'umkm', 'bal', 'collect']"
181,transisi energi berkelanjutan merupakan salah satu isu prioritas yang diangkat pada forum presidensi  indonesia foru,"['transisi', 'energi', 'berkelanjutan', 'merupakan', 'salah', 'satu', 'isu', 'prioritas', 'yang', 'diangkat', 'pada', 'forum', 'presidensi', 'indonesia', 'foru']","['transisi', 'energi', 'berkelanjutan', 'salah', 'isu', 'prioritas', 'diangkat', 'forum', 'presidensi', 'indonesia', 'foru']","['transisi', 'energi', 'lanjut', 'salah', 'isu', 'prioritas', 'angkat', 'forum', 'presidensi', 'indonesia', 'foru']"
182,tujuan kegiatan ini yakni membuka wawasan tentang peran perempuan dalam usaha kecil menengah hingga mengidentifi,"['tujuan', 'kegiatan', 'ini', 'yakni', 'membuka', 'wawasan', 'tentang', 'peran', 'perempuan', 'dalam', 'usaha', 'kecil', 'menengah', 'hingga', 'mengidentifi']","['tujuan', 'kegiatan', 'membuka', 'wawasan', 'peran', 'perempuan', 'usaha', 'menengah', 'mengidentifi']","['tuju', 'giat', 'buka', 'wawas', 'peran', 'perempuan', 'usaha', 'tengah', 'mengidentifi']"
183,umkm merupakan salah satu sektor yg paling terdampak oleh pandemi utk pulihbersama presidensi gindonesia mene,"['umkm', 'merupakan', 'salah', 'satu', 'sektor', 'yg', 'paling', 'terdampak', 'oleh', 'pandemi', 'utk', 'pulihbersama', 'presidensi', 'gindonesia', 'mene']","['umkm', 'salah', 'sektor', 'terdampak', 'pandemi', 'pulihbersama', 'presidensi', 'gindonesia', 'mene']","['umkm', 'salah', 'sektor', 'dampak', 'pandemi', 'pulihbersama', 'presidensi', 'gindonesia', 'mene']"
184,umkm merupakan salah satu sektor yg paling terdampak oleh pandemi utk pulihbersama presidensi gindonesia menetapk,"['umkm', 'merupakan', 'salah', 'satu', 'sektor', 'yg', 'paling', 'terdampak', 'oleh', 'pandemi', 'utk', 'pulihbersama', 'presidensi', 'gindonesia', 'menetapk']","['umkm', 'salah', 'sektor', 'terdampak', 'pandemi', 'pulihbersama', 'presidensi', 'gindonesia', 'menetapk']","['umkm', 'salah', 'sektor', 'dampak', 'pandemi', 'pulihbersama', 'presidensi', 'gindonesia', 'menetapk']"
185,update kasus covid di thailand per mei pada hari ini terdapat kasus baru orang sembuh dan,"['update', 'kasus', 'covid', 'di', 'thailand', 'per', 'mei', 'pada', 'hari', 'ini', 'terdapat', 'kasus', 'baru', 'orang', 'sembuh', 'dan']","['update', 'covid', 'thailand', 'mei', 'orang', 'sembuh']","['update', 'covid', 'thailand', 'mei', 'orang', 'sembuh']"
186,unjuk rasa yang diikuti ribuan pekerja yang tergabung dalam serikat pekerja freeport itu sekaligus menandai aksi mo,"['unjuk', 'rasa', 'yang', 'diikuti', 'ribuan', 'pekerja', 'yang', 'tergabung', 'dalam', 'serikat', 'pekerja', 'freeport', 'itu', 'sekaligus', 'menandai', 'aksi', 'mo']","['unjuk', 'diikuti', 'ribuan', 'pekerja', 'tergabung', 'serikat', 'pekerja', 'freeport', 'menandai', 'aksi']","['unjuk', 'ikut', 'ribu', 'kerja', 'gabung', 'serikat', 'kerja', 'freeport', 'tanda', 'aksi']"
187,unjuk rasa yang diikuti ribuan pekerja yang tergabung dalam serikat pekerja freeport itu sekaligus menandai aksi mogok ke,"['unjuk', 'rasa', 'yang', 'diikuti', 'ribuan', 'pekerja', 'yang', 'tergabung', 'dalam', 'serikat', 'pekerja', 'freeport', 'itu', 'sekaligus', 'menandai', 'aksi', 'mogok', 'ke']","['unjuk', 'diikuti', 'ribuan', 'pekerja', 'tergabung', 'serikat', 'pekerja', 'freeport', 'menandai', 'aksi', 'mogok']","['unjuk', 'ikut', 'ribu', 'kerja', 'gabung', 'serikat', 'kerja', 'freeport', 'tanda', 'aksi', 'mogok']"
188,untuk itu setiap negara memerlukan kerangka inklusi keuangan untuk mendorong digitalisasi yang berdampak pada peni,"['untuk', 'itu', 'setiap', 'negara', 'memerlukan', 'kerangka', 'inklusi', 'keuangan', 'untuk', 'mendorong', 'digitalisasi', 'yang', 'berdampak', 'pada', 'peni']","['negara', 'kerangka', 'inklusi', 'keuangan', 'mendorong', 'digitalisasi', 'berdampak', 'peni']","['negara', 'kerangka', 'inklusi', 'uang', 'dorong', 'digitalisasi', 'dampak', 'peni']"
189,untuk itu setiap negara memerlukan kerangka inklusi keuangan untuk mendorong digitalisasi yang berdampak pada peningkat,"['untuk', 'itu', 'setiap', 'negara', 'memerlukan', 'kerangka', 'inklusi', 'keuangan', 'untuk', 'mendorong', 'digitalisasi', 'yang', 'berdampak', 'pada', 'peningkat']","['negara', 'kerangka', 'inklusi', 'keuangan', 'mendorong', 'digitalisasi', 'berdampak', 'peningkat']","['negara', 'kerangka', 'inklusi', 'uang', 'dorong', 'digitalisasi', 'dampak', 'tingkat']"
190,versi budaya jawa dengan thailand nihh numpang rame di gindonesia thailandopen thailand wayang polisi,"['versi', 'budaya', 'jawa', 'dengan', 'thailand', 'nihh', 'numpang', 'rame', 'di', 'gindonesia', 'thailandopen', 'thailand', 'wayang', 'polisi']","['versi', 'budaya', 'jawa', 'thailand', 'nihh', 'numpang', 'rame', 'gindonesia', 'thailandopen', 'thailand', 'wayang', 'polisi']","['versi', 'budaya', 'jawa', 'thailand', 'nihh', 'numpang', 'rame', 'gindonesia', 'thailandopen', 'thailand', 'wayang', 'polisi']"
191, sispreneur merupakan program inkubasi umkm milik perempuan dari yang bertujuan untuk membantu,"['sispreneur', 'merupakan', 'program', 'inkubasi', 'umkm', 'milik', 'perempuan', 'dari', 'yang', 'bertujuan', 'untuk', 'membantu']","['sispreneur', 'program', 'inkubasi', 'umkm', 'milik', 'perempuan', 'bertujuan', 'membantu']","['sispreneur', 'program', 'inkubasi', 'umkm', 'milik', 'perempuan', 'tuju', 'bantu']"
192,xl axiata bangga dapat menjadi bagian dalam acara yg diselenggarakan oleh  empower perempuan di ukm sebagai pe,"['xl', 'axiata', 'bangga', 'dapat', 'menjadi', 'bagian', 'dalam', 'acara', 'yg', 'diselenggarakan', 'oleh', 'empower', 'perempuan', 'di', 'ukm', 'sebagai', 'pe']","['xl', 'axiata', 'bangga', 'acara', 'diselenggarakan', 'empower', 'perempuan', 'ukm', 'pe']","['xl', 'axiata', 'bangga', 'acara', 'selenggara', 'empower', 'perempuan', 'ukm', 'pe']"
193,xl axiata bangga dapat menjadi bagian dalam acara yg diselenggarakan oleh  empower perempuan di ukm sebagai pengge,"['xl', 'axiata', 'bangga', 'dapat', 'menjadi', 'bagian', 'dalam', 'acara', 'yg', 'diselenggarakan', 'oleh', 'empower', 'perempuan', 'di', 'ukm', 'sebagai', 'pengge']","['xl', 'axiata', 'bangga', 'acara', 'diselenggarakan', 'empower', 'perempuan', 'ukm', 'pengge']","['xl', 'axiata', 'bangga', 'acara', 'selenggara', 'empower', 'perempuan', 'ukm', 'pengge']"
194,yuk bergabung dalam kegiatan nd side event  development working group dwg dengan temamemperkuat daya sain,"['yuk', 'bergabung', 'dalam', 'kegiatan', 'nd', 'side', 'event', 'development', 'working', 'group', 'dwg', 'dengan', 'temamemperkuat', 'daya', 'sain']","['yuk', 'bergabung', 'kegiatan', 'nd', 'side', 'event', 'development', 'working', 'group', 'dwg', 'temamemperkuat', 'daya', 'sain']","['yuk', 'gabung', 'giat', 'nd', 'side', 'event', 'development', 'working', 'group', 'dwg', 'temamemperkuat', 'daya', 'sain']"
195,yuk bergabung dalam kegiatan nd side event  development working group dwg dengan temamemperkuat daya saing umk,"['yuk', 'bergabung', 'dalam', 'kegiatan', 'nd', 'side', 'event', 'development', 'working', 'group', 'dwg', 'dengan', 'temamemperkuat', 'daya', 'saing', 'umk']","['yuk', 'bergabung', 'kegiatan', 'nd', 'side', 'event', 'development', 'working', 'group', 'dwg', 'temamemperkuat', 'daya', 'saing', 'umk']","['yuk', 'gabung', 'giat', 'nd', 'side', 'event', 'development', 'working', 'group', 'dwg', 'temamemperkuat', 'daya', 'saing', 'umk']"
196,yuk jadi bagian dari  dengan mengikuti nd side event yang diadakan oleh  empower dengan tema,"['yuk', 'jadi', 'bagian', 'dari', 'dengan', 'mengikuti', 'nd', 'side', 'event', 'yang', 'diadakan', 'oleh', 'empower', 'dengan', 'tema']","['yuk', 'mengikuti', 'nd', 'side', 'event', 'diadakan', 'empower', 'tema']","['yuk', 'ikut', 'nd', 'side', 'event', 'ada', 'empower', 'tema']"
197,yuk jadi bagian dari  dengan mengikuti nd side event yang diadakan oleh  empower dengan temarebu,"['yuk', 'jadi', 'bagian', 'dari', 'dengan', 'mengikuti', 'nd', 'side', 'event', 'yang', 'diadakan', 'oleh', 'empower', 'dengan', 'temarebu']","['yuk', 'mengikuti', 'nd', 'side', 'event', 'diadakan', 'empower', 'temarebu']","['yuk', 'ikut', 'nd', 'side', 'event', 'ada', 'empower', 'temarebu']"
198,yuk sahabatbahari kita dukung kegiatan dewg  dan kenalkan kuliner daerah kepada dunia gindonesia gkkp kkpaccele,"['yuk', 'sahabatbahari', 'kita', 'dukung', 'kegiatan', 'dewg', 'dan', 'kenalkan', 'kuliner', 'daerah', 'kepada', 'dunia', 'gindonesia', 'gkkp', 'kkpaccele']","['yuk', 'sahabatbahari', 'dukung', 'kegiatan', 'dewg', 'kenalkan', 'kuliner', 'daerah', 'dunia', 'gindonesia', 'gkkp', 'kkpaccele']","['yuk', 'sahabatbahari', 'dukung', 'giat', 'dewg', 'kenal', 'kuliner', 'daerah', 'dunia', 'gindonesia', 'gkkp', 'kkpaccele']"
199,yuk sahabatbahari kita dukung kegiatan dewg  dan kenalkan kuliner daerah kepada dunia gindonesia gkkp,"['yuk', 'sahabatbahari', 'kita', 'dukung', 'kegiatan', 'dewg', 'dan', 'kenalkan', 'kuliner', 'daerah', 'kepada', 'dunia', 'gindonesia', 'gkkp']","['yuk', 'sahabatbahari', 'dukung', 'kegiatan', 'dewg', 'kenalkan', 'kuliner', 'daerah', 'dunia', 'gindonesia', 'gkkp']","['yuk', 'sahabatbahari', 'dukung', 'giat', 'dewg', 'kenal', 'kuliner', 'daerah', 'dunia', 'gindonesia', 'gkkp']"
200,yuk simak video berikut untuk tau lebih lanjut mengenai pasar ekologis argowijil yogyakarta,"['yuk', 'simak', 'video', 'berikut', 'untuk', 'tau', 'lebih', 'lanjut', 'mengenai', 'pasar', 'ekologis', 'argowijil', 'yogyakarta']","['yuk', 'simak', 'video', 'pasar', 'ekologis', 'argowijil', 'yogyakarta']","['yuk', 'simak', 'video', 'pasar', 'ekologis', 'argowijil', 'yogyakarta']"
201,dengan memastikan bahwa sistem moneter secara fundamental tetap berlaku sebagai barang publik termasuk harus menjaga,"['dengan', 'memastikan', 'bahwa', 'sistem', 'moneter', 'secara', 'fundamental', 'tetap', 'berlaku', 'sebagai', 'barang', 'publik', 'termasuk', 'harus', 'menjaga']","['sistem', 'moneter', 'fundamental', 'berlaku', 'barang', 'publik', 'menjaga']","['sistem', 'moneter', 'fundamental', 'laku', 'barang', 'publik', 'jaga']"
202,kepada uratas pencerahan agama islam yang menyejukan mencerdaskan dan inklusif aaamiiin llohumma aaamiiin,"['kepada', 'uratas', 'pencerahan', 'agama', 'islam', 'yang', 'menyejukan', 'mencerdaskan', 'dan', 'inklusif', 'aaamiiin', 'llohumma', 'aaamiiin']","['uratas', 'pencerahan', 'agama', 'islam', 'menyejukan', 'mencerdaskan', 'inklusif', 'aaamiiin', 'llohumma', 'aaamiiin']","['uratas', 'cerah', 'agama', 'islam', 'sejuk', 'cerdas', 'inklusif', 'aaamiiin', 'llohumma', 'aaamiiin']"
203,ndonesiamaju kamibersamajokowi jokowidodo indonesiamaju indonesiamaju gindonesia,"['ndonesiamaju', 'kamibersamajokowi', 'jokowidodo', 'indonesiamaju', 'indonesiamaju', 'gindonesia']","['ndonesiamaju', 'kamibersamajokowi', 'jokowidodo', 'indonesiamaju', 'indonesiamaju', 'gindonesia']","['ndonesiamaju', 'kamibersamajokowi', 'jokowidodo', 'indonesiamaju', 'indonesiamaju', 'gindonesia']"
204,tidak hanya berupaya mewujudkan transformasi digital di dalam negeri namun juga memperjuangkannya pada meja,"['tidak', 'hanya', 'berupaya', 'mewujudkan', 'transformasi', 'digital', 'di', 'dalam', 'negeri', 'namun', 'juga', 'memperjuangkannya', 'pada', 'meja']","['berupaya', 'mewujudkan', 'transformasi', 'digital', 'negeri', 'memperjuangkannya', 'meja']","['upaya', 'wujud', 'transformasi', 'digital', 'negeri', 'juang', 'meja']"
205,untuk mempromosikan strategi percepatan inklusi keuanganvideo belajartanpabataskitapemelajarumkm,"['untuk', 'mempromosikan', 'strategi', 'percepatan', 'inklusi', 'keuanganvideo', 'belajartanpabataskitapemelajarumkm']","['mempromosikan', 'strategi', 'percepatan', 'inklusi', 'keuanganvideo', 'belajartanpabataskitapemelajarumkm']","['promosi', 'strategi', 'cepat', 'inklusi', 'keuanganvideo', 'belajartanpabataskitapemelajarumkm']"
206,untuk mempromosikan strategi percepatan inklusi keuanganvideo belajartanpabataskitapemelajarumkmgindonesia,"['untuk', 'mempromosikan', 'strategi', 'percepatan', 'inklusi', 'keuanganvideo', 'belajartanpabataskitapemelajarumkmgindonesia']","['mempromosikan', 'strategi', 'percepatan', 'inklusi', 'keuanganvideo', 'belajartanpabataskitapemelajarumkmgindonesia']","['promosi', 'strategi', 'cepat', 'inklusi', 'keuanganvideo', 'belajartanpabataskitapemelajarumkmgindonesia']"
