pt,goto,gojek,tokopedia,tbk,goto,melaksanakan,pencatatan,saham,perdana,alias,initial,public,off
jelang,ipo,april,kinerja,goto,rugi,angka,kerugiannya,mencapai,rp,triliun
goto,rilis,ipo,fakta-fakta,menarik,ketahui,guys,investasi,cerdas,saham,cuan
gara,apps,toped,nawarin,ipo,ribet,daftar,bank,jago,salah,broker,pake,broker
induk,usaha,penawaran,saham,perdana,alias,ipo,melepas,miliar
marc,marquez,valentino,rossi,duel,rider,motogp,terbaik,juara,rossi,berduel,melawan,juara
sobat,investor,sibuk,order,ipo,goto,mimin,bantuin,info
goto,ipo,bei,harga,jadwalnya,tertarik,beli,goto,ipo,saham,bei,investasi,teknologi,gojek
goto,menawarkan,saham,perdana,ipo,miliar,saham,seri,ditingkatkan,miliar
saham,gojek,tokopedia,goto,legit,dicicip,ikuti,ipo,gojek,tokopedia,ipo,goto
lumayan,limit
goto,indo,premier,underwriter,ngoto,ekonomi
po,goto,angin,segar,tumbuhnya,ritel,investor,kalangan,mitra,pengemudi
momentum,goto,melantai,bursa,sejalan,pemulihan,ekonomi
beli,goto
fundamental,goto,buruk,sahamnya,cocok,dipegang,long-term,berkaca,ipo,buka
dapet,fixed,allotment,ipo,saham,goto,sungguh,kreatif,diharusin,buka,pake,rdn,arto,akun
orang,nunggu,goto,ipo,gw,cuman,nunggu,gopay,coins,dipake,gofood
serius,goto
tokopedia,marketnya,kuat,luas,semenjak,tokopedianow,over,price,wajar
majang,laba,bersih,trend,ipo,e-commerce,majang,rugi,bersih,bisnis,utama,goto,menari
rencana,ipo,goto,baca,prospektusnya,subjudul,perusahaan,mencatat,rugi,bersih,didirikan
preorder,diserbu,reseller,ikan,paus,market,ipo,goto
sultan,gojek,update,dapet,limit,program,saham,gotong,royong
update,informasi,seputar,investasi,menghubungi,kunjungi
tetep,diganggu
fear,situ,all,in
kilat,terbaik,secepat,kilat,web,game,terlengkap,indonesia,slot,poker
driver,ojol,pemegang,saham,goto,penjelasannya
teman,kafein,dapatkan,prospektus,ipo,goto,read,dowload,mari
mantep
stabilisasi,harga,dipasang,price,floor,harga,terjaga,turun
kulik,catatan,perjalanan,gojek,tokopedia,goto,simak,selengkapnya,mini,report,story
adia,investor,terlibat,avanda,investment,management,fidelity,internationalz
perolehan,pendanaan,pra-ipo,juta,adia,sinyal,rencana,ipo,bursa,lokal
kabar,goto,nama,disinggung,bursa,efek,indonesia,melantai,bukalapak
kabar,resmi,gojek,tokopedia,resmi,merger,mei
analisa,peluang-peluang,dihasilkan,pembentukan,goto,pakar
momen-momen,merger,gojek,tokopedia,hangat,dibahas
gojek,unicorn,indonesia,bukukan,pendanaan,triliun
tokopedia,unicorn,indonesia,bukukan,pendanaan,triliun,dipimpin,alibaba
putaran,pendanaan,seri,f,partisipasi,mitshubisi,mantapkan,gojek,decacorn
pencapaian,tokopedia,berhasil,mencapai,miliar,transaksi
dikali,tokopedia,triliun,valuasi,premi
simak,perjalanan,selengkapnya
iseng,baca,baca,goto
goto,resmi,mengumumkan,melantai,bei,keren,habis,goto
menunggu,percolokan,hidung,tenggorokan,mari,bedah,ipo,goto
ipo,goto,kapitalisasi,pasar,triliun,melebihi,kapitalisasi,astra,asii,unilever
jujur,baca,kolom