akhirnya,pt,goto,gojek,tokopedia,tbk,atau,goto,akan,melaksanakan,pencatatan,saham,perdana,alias,initial,public,off
jelang,ipo,pada,awal,april,mendatang,kinerja,goto,masih,rugi,angka,kerugiannya,mencapai,rp,triliun,hingga
goto,akhirnya,rilis,ipo,tapi,ada,fakta-fakta,menarik,yang,perlu,kamu,ketahui,nih,guys,n,ninvestasicerdas,sahamcuan
gara,di,apps,toped,ada,nawarin,ipo,tapi,ribet,hrs,daftar,bank,jago,dan,salah,satu,broker,ya,udh,pake,broker
induk,usaha,dan,memulai,penawaran,saham,perdana,alias,ipo,dengan,melepas,miliar
marc,marquez,vs,valentino,rossi,duel,rider,motogp,terbaik,n,njuara,kali,rossi,akan,berduel,melawan,sang,juara
haiii,sobat,investor,pasti,pada,lagi,sibuk,order,ipo,goto,ya,kan,nih,mimin,bantuin,dengan,info,info,penting
goto,ipo,di,bei,ini,harga,dan,jadwalnya,tertarik,beli,goto,ipo,saham,bei,investasi,teknologi,gojek
goto,menawarkan,saham,perdana,ipo,sebanyak,miliar,saham,seri,a,dengan,kemungkinan,ditingkatkan,hingga,mili
saham,go-jek,tokopedia,goto,sangat,legit,untuk,dicicip,guyss,yuk,ikuti,ipo,gojek,tokopedia,ipo,goto
lumayan,lah,limit
goto,tunjuk,indo,premier,jadi,underwriter,ngoto,ekonomi
po,goto,merupakan,angin,segar,untuk,tumbuhnya,ritel,investor,baru,dari,berbagai,kalangan,termasuk,mitra,pengemudi
saat,ini,merupakan,momentum,tepat,bagi,goto,melantai,di,bursa,sejalan,pemulihan,ekonomi,yang,tengah,berlangsung
beli,goto,gak,ya
melihat,fundamental,goto,yang,buruk,sahamnya,nggak,cocok,dipegang,untuk,long-term,namun,berkaca,dari,ipo,buka,ya
hah,dapet,fixed,allotment,ipo,saham,goto,n,nsungguh,sangat,kreatif,diharusin,buka,pake,rdn,arto,dengan,akun
orang,nunggu,goto,ipo,gw,cuman,nunggu,gopay,coins,bisa,dipake,di,gofood
ini,serius,kan,goto
lalu,tokopedia,marketnya,makin,kuat,dan,luas,semenjak,ada,tokopedianow,over,price,wajar,karena
bukannya,majang,laba,bersih,trend,ipo,e-commerce,malah,majang,rugi,bersih,dari,bisnis,utama,goto,yg,menari
rencana,ipo,goto,jika,baca,prospektusnya,ada,subjudul,perusahaan,telah,mencatat,rugi,bersih,sejak,didirikan
preorder,sebelum,diserbu,reseller,atau,ikan,paus,di,market,ipo,goto
wahai,para,sultan,gojek,belum,ada,yang,update,pada,dapet,limit,program,saham,gotong,royong,berapa
update,informasi,seputar,investasi,dengan,menghubungi,kami,atau,kunjungi
tetep,lanjut,meski,diganggu
di,saat,semua,fear,di,situ,kita,all,in
kilat,terbaik,dan,secepat,kilat,web,game,terlengkap,di,indonesia,dari,slot,hingga,poker
driver,ojol,bisa,jadi,pemegang,saham,goto,inilah,penjelasannya
bagi,teman,kafein,yang,ingin,dapatkan,prospektus,ipo,goto,bisa,read,dan,dowload,di,mari,ya
mantep,nih,otw,bulan
nah,ini,kenapa,untuk,stabilisasi,harga,bukannya,yang,dipasang,price,floor,supaya,harga,terjaga,tidak,turun,terus
mau,kulik,catatan,perjalanan,gojek,dan,tokopedia,hingga,menjadi,goto,simak,selengkapnya,di,mini,report,the,story
selain,adia,beberapa,investor,yang,turut,terlibat,termasuk,avanda,investment,management,fidelity,internationalz
perolehan,pendanaan,pra-ipo,juta,dari,adia,jadi,sinyal,baik,menuju,rencana,ipo,di,awal,tahun,di,bursa,lokal
kabar,saat,goto,menjadi,nama,berikutnya,yang,disinggung,bursa,efek,indonesia,untuk,melantai,setelah,bukalapak
kabar,resmi,gojek,dan,tokopedia,resmi,merger,pada,mei
analisa,peluang-peluang,yang,akan,dihasilkan,oleh,pembentukan,goto,dari,seorang,pakar
momen-momen,merger,gojek,dan,tokopedia,yang,saat,itu,hangat,sekali,dibahas
gojek,jadi,unicorn,pertama,indonesia,setelah,bukukan,pendanaan,triliun
tokopedia,menjadi,unicorn,kedua,indonesia,setelah,bukukan,pendanaan,triliun,yang,dipimpin,alibaba
putaran,pendanaan,seri,f,dengan,partisipasi,mitshubisi,dan,lain-lain,mantapkan,gojek,menjadi,decacorn
pencapaian,tokopedia,yang,berhasil,mencapai,miliar,pertama,transaksi
tetapi,masih,harus,dikali,karena,ada,tokopedia,itu,juga,masih,sekitar,triliun,berarti,valuasi,ini,premi
simak,perjalanan,mereka,selengkapnya,di
cuma,iseng,baca,baca,aja,goto
goto,resmi,mengumumkan,melantai,di,bei,keren,habis,goto
sambil,menunggu,percolokan,hidung,tenggorokan,kembali,mari,kita,bedah,ipo,goto
setelah,ipo,goto,akan,punya,kapitalisasi,pasar,triliun,melebihi,kapitalisasi,astra,asii,dan,unilever
jujur,gak,bisa,baca,yang,di,kolom